{
"type": "FeatureCollection",
"name": "pune_train_points",
"crs": { "type": "name", "properties": { "name": "urn:ogc:def:crs:OGC:1.3:CRS84" } },
"features": [
{ "type": "Feature", "properties": { "class_id": 1, "class_name": "Built-up", "raster_row": 593, "raster_col": 700, "block_id": 43 }, "geometry": { "type": "Point", "coordinates": [ 73.940760074483507, 18.48424205113524 ] } },
{ "type": "Feature", "properties": { "class_id": 1, "class_name": "Built-up", "raster_row": 159, "raster_col": 318, "block_id": 22 }, "geometry": { "type": "Point", "coordinates": [ 73.776688440351165, 18.659752556095214 ] } },
{ "type": "Feature", "properties": { "class_id": 1, "class_name": "Built-up", "raster_row": 349, "raster_col": 838, "block_id": 53 }, "geometry": { "type": "Point", "coordinates": [ 73.999002348069439, 18.583795238119322 ] } },
{ "type": "Feature", "properties": { "class_id": 1, "class_name": "Built-up", "raster_row": 132, "raster_col": 363, "block_id": 22 }, "geometry": { "type": "Point", "coordinates": [ 73.795809756146951, 18.670856432064912 ] } },
{ "type": "Feature", "properties": { "class_id": 1, "class_name": "Built-up", "raster_row": 129, "raster_col": 355, "block_id": 22 }, "geometry": { "type": "Point", "coordinates": [ 73.792387765607941, 18.672054487751083 ] } },
{ "type": "Feature", "properties": { "class_id": 1, "class_name": "Built-up", "raster_row": 117, "raster_col": 494, "block_id": 31 }, "geometry": { "type": "Point", "coordinates": [ 73.851662987199816, 18.677306621972487 ] } },
{ "type": "Feature", "properties": { "class_id": 1, "class_name": "Built-up", "raster_row": 586, "raster_col": 540, "block_id": 35 }, "geometry": { "type": "Point", "coordinates": [ 73.872546026353447, 18.486695095297367 ] } },
{ "type": "Feature", "properties": { "class_id": 1, "class_name": "Built-up", "raster_row": 255, "raster_col": 497, "block_id": 29 }, "geometry": { "type": "Point", "coordinates": [ 73.85331996226428, 18.621194063855594 ] } },
{ "type": "Feature", "properties": { "class_id": 1, "class_name": "Built-up", "raster_row": 363, "raster_col": 266, "block_id": 21 }, "geometry": { "type": "Point", "coordinates": [ 73.755107159786576, 18.576648916812214 ] } },
{ "type": "Feature", "properties": { "class_id": 1, "class_name": "Built-up", "raster_row": 194, "raster_col": 368, "block_id": 22 }, "geometry": { "type": "Point", "coordinates": [ 73.798120658338178, 18.645657120019944 ] } },
{ "type": "Feature", "properties": { "class_id": 1, "class_name": "Built-up", "raster_row": 347, "raster_col": 814, "block_id": 53 }, "geometry": { "type": "Point", "coordinates": [ 73.988762012913128, 18.584553991024098 ] } },
{ "type": "Feature", "properties": { "class_id": 1, "class_name": "Built-up", "raster_row": 504, "raster_col": 623, "block_id": 35 }, "geometry": { "type": "Point", "coordinates": [ 73.907711290164954, 18.520250466201752 ] } },
{ "type": "Feature", "properties": { "class_id": 1, "class_name": "Built-up", "raster_row": 512, "raster_col": 547, "block_id": 35 }, "geometry": { "type": "Point", "coordinates": [ 73.875333098194602, 18.516807079862115 ] } },
{ "type": "Feature", "properties": { "class_id": 1, "class_name": "Built-up", "raster_row": 379, "raster_col": 429, "block_id": 28 }, "geometry": { "type": "Point", "coordinates": [ 73.824660490685631, 18.570588301388135 ] } },
{ "type": "Feature", "properties": { "class_id": 1, "class_name": "Built-up", "raster_row": 595, "raster_col": 526, "block_id": 35 }, "geometry": { "type": "Point", "coordinates": [ 73.866602971935777, 18.482999365878442 ] } },
{ "type": "Feature", "properties": { "class_id": 1, "class_name": "Built-up", "raster_row": 206, "raster_col": 461, "block_id": 30 }, "geometry": { "type": "Point", "coordinates": [ 73.837828599082883, 18.641026602290204 ] } },
{ "type": "Feature", "properties": { "class_id": 1, "class_name": "Built-up", "raster_row": 375, "raster_col": 425, "block_id": 29 }, "geometry": { "type": "Point", "coordinates": [ 73.822943634325028, 18.572204338879207 ] } },
{ "type": "Feature", "properties": { "class_id": 1, "class_name": "Built-up", "raster_row": 373, "raster_col": 634, "block_id": 45 }, "geometry": { "type": "Point", "coordinates": [ 73.912063375409431, 18.573552855189238 ] } },
{ "type": "Feature", "properties": { "class_id": 1, "class_name": "Built-up", "raster_row": 593, "raster_col": 607, "block_id": 35 }, "geometry": { "type": "Point", "coordinates": [ 73.901121271137612, 18.484016194021276 ] } },
{ "type": "Feature", "properties": { "class_id": 1, "class_name": "Built-up", "raster_row": 120, "raster_col": 339, "block_id": 23 }, "geometry": { "type": "Point", "coordinates": [ 73.785534961343473, 18.675670378528402 ] } },
{ "type": "Feature", "properties": { "class_id": 1, "class_name": "Built-up", "raster_row": 662, "raster_col": 472, "block_id": 26 }, "geometry": { "type": "Point", "coordinates": [ 73.843770150667297, 18.455612948463397 ] } },
{ "type": "Feature", "properties": { "class_id": 1, "class_name": "Built-up", "raster_row": 271, "raster_col": 317, "block_id": 21 }, "geometry": { "type": "Point", "coordinates": [ 73.77658791065565, 18.614204006983254 ] } },
{ "type": "Feature", "properties": { "class_id": 1, "class_name": "Built-up", "raster_row": 599, "raster_col": 518, "block_id": 35 }, "geometry": { "type": "Point", "coordinates": [ 73.863203994169524, 18.481352217271841 ] } },
{ "type": "Feature", "properties": { "class_id": 1, "class_name": "Built-up", "raster_row": 679, "raster_col": 478, "block_id": 26 }, "geometry": { "type": "Point", "coordinates": [ 73.846373178052673, 18.448715013047575 ] } },
{ "type": "Feature", "properties": { "class_id": 1, "class_name": "Built-up", "raster_row": 374, "raster_col": 807, "block_id": 53 }, "geometry": { "type": "Point", "coordinates": [ 73.985841587130807, 18.573557313110069 ] } },
{ "type": "Feature", "properties": { "class_id": 1, "class_name": "Built-up", "raster_row": 159, "raster_col": 317, "block_id": 22 }, "geometry": { "type": "Point", "coordinates": [ 73.776261801847539, 18.659749777245825 ] } },
{ "type": "Feature", "properties": { "class_id": 1, "class_name": "Built-up", "raster_row": 420, "raster_col": 263, "block_id": 20 }, "geometry": { "type": "Point", "coordinates": [ 73.753996195742275, 18.553460943570233 ] } },
{ "type": "Feature", "properties": { "class_id": 1, "class_name": "Built-up", "raster_row": 97, "raster_col": 487, "block_id": 31 }, "geometry": { "type": "Point", "coordinates": [ 73.848621193557705, 18.685421673503882 ] } },
{ "type": "Feature", "properties": { "class_id": 1, "class_name": "Built-up", "raster_row": 272, "raster_col": 556, "block_id": 37 }, "geometry": { "type": "Point", "coordinates": [ 73.878532098187208, 18.614432267784164 ] } },
{ "type": "Feature", "properties": { "class_id": 1, "class_name": "Built-up", "raster_row": 235, "raster_col": 264, "block_id": 22 }, "geometry": { "type": "Point", "coordinates": [ 73.753875548490072, 18.628695342503161 ] } },
{ "type": "Feature", "properties": { "class_id": 1, "class_name": "Built-up", "raster_row": 255, "raster_col": 470, "block_id": 29 }, "geometry": { "type": "Point", "coordinates": [ 73.84180302601294, 18.621123534164926 ] } },
{ "type": "Feature", "properties": { "class_id": 1, "class_name": "Built-up", "raster_row": 627, "raster_col": 350, "block_id": 19 }, "geometry": { "type": "Point", "coordinates": [ 73.79168173528069, 18.469522222008742 ] } },
{ "type": "Feature", "properties": { "class_id": 1, "class_name": "Built-up", "raster_row": 255, "raster_col": 458, "block_id": 29 }, "geometry": { "type": "Point", "coordinates": [ 73.836684404284782, 18.621091961504398 ] } },
{ "type": "Feature", "properties": { "class_id": 1, "class_name": "Built-up", "raster_row": 584, "raster_col": 414, "block_id": 27 }, "geometry": { "type": "Point", "coordinates": [ 73.818836902997674, 18.487181061661097 ] } },
{ "type": "Feature", "properties": { "class_id": 1, "class_name": "Built-up", "raster_row": 577, "raster_col": 400, "block_id": 27 }, "geometry": { "type": "Point", "coordinates": [ 73.812850277542026, 18.489990438671025 ] } },
{ "type": "Feature", "properties": { "class_id": 1, "class_name": "Built-up", "raster_row": 250, "raster_col": 427, "block_id": 30 }, "geometry": { "type": "Point", "coordinates": [ 73.823447358975855, 18.6230430864161 ] } },
{ "type": "Feature", "properties": { "class_id": 1, "class_name": "Built-up", "raster_row": 249, "raster_col": 381, "block_id": 30 }, "geometry": { "type": "Point", "coordinates": [ 73.803823097260235, 18.623326039695101 ] } },
{ "type": "Feature", "properties": { "class_id": 1, "class_name": "Built-up", "raster_row": 102, "raster_col": 401, "block_id": 31 }, "geometry": { "type": "Point", "coordinates": [ 73.811938235706222, 18.68315958789762 ] } },
{ "type": "Feature", "properties": { "class_id": 1, "class_name": "Built-up", "raster_row": 362, "raster_col": 301, "block_id": 21 }, "geometry": { "type": "Point", "coordinates": [ 73.770029265871472, 18.577153520545622 ] } },
{ "type": "Feature", "properties": { "class_id": 1, "class_name": "Built-up", "raster_row": 195, "raster_col": 381, "block_id": 30 }, "geometry": { "type": "Point", "coordinates": [ 73.803669400211575, 18.645285836094811 ] } },
{ "type": "Feature", "properties": { "class_id": 1, "class_name": "Built-up", "raster_row": 503, "raster_col": 304, "block_id": 20 }, "geometry": { "type": "Point", "coordinates": [ 73.771718656409348, 18.519822557595027 ] } },
{ "type": "Feature", "properties": { "class_id": 1, "class_name": "Built-up", "raster_row": 290, "raster_col": 264, "block_id": 21 }, "geometry": { "type": "Point", "coordinates": [ 73.754038448538523, 18.606329259898811 ] } },
{ "type": "Feature", "properties": { "class_id": 1, "class_name": "Built-up", "raster_row": 185, "raster_col": 449, "block_id": 30 }, "geometry": { "type": "Point", "coordinates": [ 73.832651026303637, 18.649534889271631 ] } },
{ "type": "Feature", "properties": { "class_id": 1, "class_name": "Built-up", "raster_row": 219, "raster_col": 471, "block_id": 30 }, "geometry": { "type": "Point", "coordinates": [ 73.84213043864716, 18.635766235180743 ] } },
{ "type": "Feature", "properties": { "class_id": 1, "class_name": "Built-up", "raster_row": 507, "raster_col": 669, "block_id": 43 }, "geometry": { "type": "Point", "coordinates": [ 73.92732928246572, 18.519142690280972 ] } },
{ "type": "Feature", "properties": { "class_id": 1, "class_name": "Built-up", "raster_row": 608, "raster_col": 388, "block_id": 27 }, "geometry": { "type": "Point", "coordinates": [ 73.80782278995764, 18.477351528770249 ] } },
{ "type": "Feature", "properties": { "class_id": 1, "class_name": "Built-up", "raster_row": 269, "raster_col": 291, "block_id": 21 }, "geometry": { "type": "Point", "coordinates": [ 73.765492422429432, 18.614944922739905 ] } },
{ "type": "Feature", "properties": { "class_id": 1, "class_name": "Built-up", "raster_row": 599, "raster_col": 605, "block_id": 35 }, "geometry": { "type": "Point", "coordinates": [ 73.900284392732061, 18.481571146467921 ] } },
{ "type": "Feature", "properties": { "class_id": 1, "class_name": "Built-up", "raster_row": 351, "raster_col": 396, "block_id": 29 }, "geometry": { "type": "Point", "coordinates": [ 73.810509567505903, 18.581886750436095 ] } },
{ "type": "Feature", "properties": { "class_id": 1, "class_name": "Built-up", "raster_row": 238, "raster_col": 541, "block_id": 38 }, "geometry": { "type": "Point", "coordinates": [ 73.872042814530062, 18.628220935993252 ] } },
{ "type": "Feature", "properties": { "class_id": 1, "class_name": "Built-up", "raster_row": 635, "raster_col": 698, "block_id": 42 }, "geometry": { "type": "Point", "coordinates": [ 73.940012585954321, 18.467156349016332 ] } },
{ "type": "Feature", "properties": { "class_id": 1, "class_name": "Built-up", "raster_row": 666, "raster_col": 453, "block_id": 26 }, "geometry": { "type": "Point", "coordinates": [ 73.835684431713432, 18.453936705516455 ] } },
{ "type": "Feature", "properties": { "class_id": 1, "class_name": "Built-up", "raster_row": 540, "raster_col": 640, "block_id": 43 }, "geometry": { "type": "Point", "coordinates": [ 73.915050877307849, 18.505651576368361 ] } },
{ "type": "Feature", "properties": { "class_id": 1, "class_name": "Built-up", "raster_row": 203, "raster_col": 302, "block_id": 22 }, "geometry": { "type": "Point", "coordinates": [ 73.769991130058756, 18.641815067006458 ] } },
{ "type": "Feature", "properties": { "class_id": 1, "class_name": "Built-up", "raster_row": 538, "raster_col": 637, "block_id": 43 }, "geometry": { "type": "Point", "coordinates": [ 73.913766918471055, 18.506457606476562 ] } },
{ "type": "Feature", "properties": { "class_id": 1, "class_name": "Built-up", "raster_row": 168, "raster_col": 967, "block_id": 62 }, "geometry": { "type": "Point", "coordinates": [ 74.053611783067097, 18.657691474823014 ] } },
{ "type": "Feature", "properties": { "class_id": 1, "class_name": "Built-up", "raster_row": 541, "raster_col": 594, "block_id": 35 }, "geometry": { "type": "Point", "coordinates": [ 73.895444855904799, 18.505131429144395 ] } },
{ "type": "Feature", "properties": { "class_id": 1, "class_name": "Built-up", "raster_row": 584, "raster_col": 672, "block_id": 43 }, "geometry": { "type": "Point", "coordinates": [ 73.928803008622225, 18.487835106177108 ] } },
{ "type": "Feature", "properties": { "class_id": 1, "class_name": "Built-up", "raster_row": 187, "raster_col": 306, "block_id": 22 }, "geometry": { "type": "Point", "coordinates": [ 73.771650711644227, 18.648332744627655 ] } },
{ "type": "Feature", "properties": { "class_id": 1, "class_name": "Built-up", "raster_row": 212, "raster_col": 303, "block_id": 22 }, "geometry": { "type": "Point", "coordinates": [ 73.770444060846103, 18.638157938955512 ] } },
{ "type": "Feature", "properties": { "class_id": 1, "class_name": "Built-up", "raster_row": 425, "raster_col": 312, "block_id": 20 }, "geometry": { "type": "Point", "coordinates": [ 73.77490292781134, 18.551564382193682 ] } },
{ "type": "Feature", "properties": { "class_id": 1, "class_name": "Built-up", "raster_row": 197, "raster_col": 451, "block_id": 30 }, "geometry": { "type": "Point", "coordinates": [ 73.83353759940411, 18.644660186399548 ] } },
{ "type": "Feature", "properties": { "class_id": 1, "class_name": "Built-up", "raster_row": 136, "raster_col": 331, "block_id": 22 }, "geometry": { "type": "Point", "coordinates": [ 73.782167989518484, 18.669141735148418 ] } },
{ "type": "Feature", "properties": { "class_id": 1, "class_name": "Built-up", "raster_row": 671, "raster_col": 503, "block_id": 26 }, "geometry": { "type": "Point", "coordinates": [ 73.857004809047666, 18.452032932121753 ] } },
{ "type": "Feature", "properties": { "class_id": 1, "class_name": "Built-up", "raster_row": 177, "raster_col": 259, "block_id": 22 }, "geometry": { "type": "Point", "coordinates": [ 73.751570432429233, 18.652267174773662 ] } },
{ "type": "Feature", "properties": { "class_id": 1, "class_name": "Built-up", "raster_row": 124, "raster_col": 623, "block_id": 39 }, "geometry": { "type": "Point", "coordinates": [ 73.906725351925516, 18.674788575002214 ] } },
{ "type": "Feature", "properties": { "class_id": 1, "class_name": "Built-up", "raster_row": 251, "raster_col": 643, "block_id": 46 }, "geometry": { "type": "Point", "coordinates": [ 73.915587290953169, 18.623189958961689 ] } },
{ "type": "Feature", "properties": { "class_id": 1, "class_name": "Built-up", "raster_row": 169, "raster_col": 426, "block_id": 30 }, "geometry": { "type": "Point", "coordinates": [ 73.822793883461415, 18.65598032462912 ] } },
{ "type": "Feature", "properties": { "class_id": 1, "class_name": "Built-up", "raster_row": 150, "raster_col": 372, "block_id": 22 }, "geometry": { "type": "Point", "coordinates": [ 73.799701287341733, 18.66356112580862 ] } },
{ "type": "Feature", "properties": { "class_id": 1, "class_name": "Built-up", "raster_row": 717, "raster_col": 22, "block_id": 2 }, "geometry": { "type": "Point", "coordinates": [ 73.652188243613153, 18.431981191527022 ] } },
{ "type": "Feature", "properties": { "class_id": 1, "class_name": "Built-up", "raster_row": 264, "raster_col": 302, "block_id": 21 }, "geometry": { "type": "Point", "coordinates": [ 73.770169585913976, 18.617008927771135 ] } },
{ "type": "Feature", "properties": { "class_id": 1, "class_name": "Built-up", "raster_row": 584, "raster_col": 735, "block_id": 43 }, "geometry": { "type": "Point", "coordinates": [ 73.955655877390697, 18.487985117505694 ] } },
{ "type": "Feature", "properties": { "class_id": 1, "class_name": "Built-up", "raster_row": 172, "raster_col": 528, "block_id": 38 }, "geometry": { "type": "Point", "coordinates": [ 73.866319264386334, 18.655027935204007 ] } },
{ "type": "Feature", "properties": { "class_id": 1, "class_name": "Built-up", "raster_row": 259, "raster_col": 478, "block_id": 29 }, "geometry": { "type": "Point", "coordinates": [ 73.845226427639304, 18.619517827004707 ] } },
{ "type": "Feature", "properties": { "class_id": 1, "class_name": "Built-up", "raster_row": 211, "raster_col": 291, "block_id": 22 }, "geometry": { "type": "Point", "coordinates": [ 73.76532212473586, 18.638531053004726 ] } },
{ "type": "Feature", "properties": { "class_id": 1, "class_name": "Built-up", "raster_row": 182, "raster_col": 429, "block_id": 30 }, "geometry": { "type": "Point", "coordinates": [ 73.824110204638714, 18.650701693669923 ] } },
{ "type": "Feature", "properties": { "class_id": 1, "class_name": "Built-up", "raster_row": 203, "raster_col": 435, "block_id": 30 }, "geometry": { "type": "Point", "coordinates": [ 73.826728611482949, 18.642177711877736 ] } },
{ "type": "Feature", "properties": { "class_id": 1, "class_name": "Built-up", "raster_row": 368, "raster_col": 749, "block_id": 45 }, "geometry": { "type": "Point", "coordinates": [ 73.961092565592992, 18.57586281334742 ] } },
{ "type": "Feature", "properties": { "class_id": 1, "class_name": "Built-up", "raster_row": 128, "raster_col": 363, "block_id": 22 }, "geometry": { "type": "Point", "coordinates": [ 73.795798270929694, 18.672483072442009 ] } },
{ "type": "Feature", "properties": { "class_id": 1, "class_name": "Built-up", "raster_row": 330, "raster_col": 516, "block_id": 37 }, "geometry": { "type": "Point", "coordinates": [ 73.861627331312988, 18.590742834541594 ] } },
{ "type": "Feature", "properties": { "class_id": 1, "class_name": "Built-up", "raster_row": 186, "raster_col": 423, "block_id": 30 }, "geometry": { "type": "Point", "coordinates": [ 73.821561691332889, 18.649059000233066 ] } },
{ "type": "Feature", "properties": { "class_id": 1, "class_name": "Built-up", "raster_row": 417, "raster_col": 411, "block_id": 28 }, "geometry": { "type": "Point", "coordinates": [ 73.817091388844617, 18.555086934623418 ] } },
{ "type": "Feature", "properties": { "class_id": 1, "class_name": "Built-up", "raster_row": 592, "raster_col": 372, "block_id": 19 }, "geometry": { "type": "Point", "coordinates": [ 73.800958515254166, 18.483815196857371 ] } },
{ "type": "Feature", "properties": { "class_id": 1, "class_name": "Built-up", "raster_row": 623, "raster_col": 727, "block_id": 43 }, "geometry": { "type": "Point", "coordinates": [ 73.952342332739974, 18.472105357906333 ] } },
{ "type": "Feature", "properties": { "class_id": 1, "class_name": "Built-up", "raster_row": 379, "raster_col": 434, "block_id": 28 }, "geometry": { "type": "Point", "coordinates": [ 73.826792610699385, 18.570601575082033 ] } },
{ "type": "Feature", "properties": { "class_id": 1, "class_name": "Built-up", "raster_row": 364, "raster_col": 792, "block_id": 53 }, "geometry": { "type": "Point", "coordinates": [ 73.979420579736171, 18.577589704283131 ] } },
{ "type": "Feature", "properties": { "class_id": 1, "class_name": "Built-up", "raster_row": 589, "raster_col": 886, "block_id": 59 }, "geometry": { "type": "Point", "coordinates": [ 74.020030095695645, 18.486295679129697 ] } },
{ "type": "Feature", "properties": { "class_id": 1, "class_name": "Built-up", "raster_row": 593, "raster_col": 540, "block_id": 35 }, "geometry": { "type": "Point", "coordinates": [ 73.872564643093924, 18.483848340420113 ] } },
{ "type": "Feature", "properties": { "class_id": 1, "class_name": "Built-up", "raster_row": 599, "raster_col": 710, "block_id": 43 }, "geometry": { "type": "Point", "coordinates": [ 73.945037274798963, 18.48182570773621 ] } },
{ "type": "Feature", "properties": { "class_id": 1, "class_name": "Built-up", "raster_row": 600, "raster_col": 349, "block_id": 19 }, "geometry": { "type": "Point", "coordinates": [ 73.791178625668095, 18.480499536702307 ] } },
{ "type": "Feature", "properties": { "class_id": 1, "class_name": "Built-up", "raster_row": 363, "raster_col": 341, "block_id": 21 }, "geometry": { "type": "Point", "coordinates": [ 73.787089464722257, 18.57685734994001 ] } },
{ "type": "Feature", "properties": { "class_id": 1, "class_name": "Built-up", "raster_row": 357, "raster_col": 414, "block_id": 29 }, "geometry": { "type": "Point", "coordinates": [ 73.818202493558545, 18.579495022938328 ] } },
{ "type": "Feature", "properties": { "class_id": 1, "class_name": "Built-up", "raster_row": 569, "raster_col": 601, "block_id": 35 }, "geometry": { "type": "Point", "coordinates": [ 73.898501577354494, 18.493761723094011 ] } },
{ "type": "Feature", "properties": { "class_id": 1, "class_name": "Built-up", "raster_row": 560, "raster_col": 428, "block_id": 27 }, "geometry": { "type": "Point", "coordinates": [ 73.82473737648975, 18.496978321276963 ] } },
{ "type": "Feature", "properties": { "class_id": 1, "class_name": "Built-up", "raster_row": 118, "raster_col": 422, "block_id": 31 }, "geometry": { "type": "Point", "coordinates": [ 73.820944011523494, 18.676709491715975 ] } },
{ "type": "Feature", "properties": { "class_id": 1, "class_name": "Built-up", "raster_row": 140, "raster_col": 585, "block_id": 38 }, "geometry": { "type": "Point", "coordinates": [ 73.890553286065526, 18.668186665362899 ] } },
{ "type": "Feature", "properties": { "class_id": 1, "class_name": "Built-up", "raster_row": 294, "raster_col": 431, "block_id": 29 }, "geometry": { "type": "Point", "coordinates": [ 73.825276420758627, 18.605160401879104 ] } },
{ "type": "Feature", "properties": { "class_id": 1, "class_name": "Built-up", "raster_row": 313, "raster_col": 291, "block_id": 21 }, "geometry": { "type": "Point", "coordinates": [ 73.76562144375248, 18.59705195595193 ] } },
{ "type": "Feature", "properties": { "class_id": 1, "class_name": "Built-up", "raster_row": 540, "raster_col": 731, "block_id": 43 }, "geometry": { "type": "Point", "coordinates": [ 73.953842274428041, 18.505870056498065 ] } },
{ "type": "Feature", "properties": { "class_id": 1, "class_name": "Built-up", "raster_row": 126, "raster_col": 368, "block_id": 23 }, "geometry": { "type": "Point", "coordinates": [ 73.797925905995996, 18.673310064872538 ] } },
{ "type": "Feature", "properties": { "class_id": 1, "class_name": "Built-up", "raster_row": 71, "raster_col": 354, "block_id": 23 }, "geometry": { "type": "Point", "coordinates": [ 73.791793898258646, 18.695637963510659 ] } },
{ "type": "Feature", "properties": { "class_id": 1, "class_name": "Built-up", "raster_row": 370, "raster_col": 581, "block_id": 37 }, "geometry": { "type": "Point", "coordinates": [ 73.889454032378111, 18.574641157400947 ] } },
{ "type": "Feature", "properties": { "class_id": 1, "class_name": "Built-up", "raster_row": 177, "raster_col": 365, "block_id": 22 }, "geometry": { "type": "Point", "coordinates": [ 73.79679213064675, 18.652562173297085 ] } },
{ "type": "Feature", "properties": { "class_id": 1, "class_name": "Built-up", "raster_row": 329, "raster_col": 591, "block_id": 37 }, "geometry": { "type": "Point", "coordinates": [ 73.893610864980914, 18.591340019515286 ] } },
{ "type": "Feature", "properties": { "class_id": 1, "class_name": "Built-up", "raster_row": 349, "raster_col": 817, "block_id": 53 }, "geometry": { "type": "Point", "coordinates": [ 73.99004625133378, 18.58374746891964 ] } },
{ "type": "Feature", "properties": { "class_id": 1, "class_name": "Built-up", "raster_row": 291, "raster_col": 297, "block_id": 21 }, "geometry": { "type": "Point", "coordinates": [ 73.768115968540826, 18.606015201533037 ] } },
{ "type": "Feature", "properties": { "class_id": 1, "class_name": "Built-up", "raster_row": 539, "raster_col": 641, "block_id": 43 }, "geometry": { "type": "Point", "coordinates": [ 73.915474592087008, 18.50606070475018 ] } },
{ "type": "Feature", "properties": { "class_id": 1, "class_name": "Built-up", "raster_row": 524, "raster_col": 692, "block_id": 43 }, "geometry": { "type": "Point", "coordinates": [ 73.937177155459892, 18.512284388750736 ] } },
{ "type": "Feature", "properties": { "class_id": 1, "class_name": "Built-up", "raster_row": 113, "raster_col": 189, "block_id": 15 }, "geometry": { "type": "Point", "coordinates": [ 73.721512507292118, 18.678091931668089 ] } },
{ "type": "Feature", "properties": { "class_id": 1, "class_name": "Built-up", "raster_row": 533, "raster_col": 363, "block_id": 19 }, "geometry": { "type": "Point", "coordinates": [ 73.796955149293908, 18.507784274778981 ] } },
{ "type": "Feature", "properties": { "class_id": 1, "class_name": "Built-up", "raster_row": 596, "raster_col": 524, "block_id": 35 }, "geometry": { "type": "Point", "coordinates": [ 73.865753221153511, 18.482587584144774 ] } },
{ "type": "Feature", "properties": { "class_id": 1, "class_name": "Built-up", "raster_row": 509, "raster_col": 305, "block_id": 19 }, "geometry": { "type": "Point", "coordinates": [ 73.772162357629611, 18.517385347972077 ] } },
{ "type": "Feature", "properties": { "class_id": 1, "class_name": "Built-up", "raster_row": 530, "raster_col": 547, "block_id": 35 }, "geometry": { "type": "Point", "coordinates": [ 73.875380928094117, 18.509486867491702 ] } },
{ "type": "Feature", "properties": { "class_id": 1, "class_name": "Built-up", "raster_row": 531, "raster_col": 695, "block_id": 43 }, "geometry": { "type": "Point", "coordinates": [ 73.938473597207377, 18.509444760960129 ] } },
{ "type": "Feature", "properties": { "class_id": 1, "class_name": "Built-up", "raster_row": 103, "raster_col": 486, "block_id": 31 }, "geometry": { "type": "Point", "coordinates": [ 73.848210969836543, 18.682979051095039 ] } },
{ "type": "Feature", "properties": { "class_id": 1, "class_name": "Built-up", "raster_row": 352, "raster_col": 785, "block_id": 53 }, "geometry": { "type": "Point", "coordinates": [ 73.976406203348745, 18.582453792953586 ] } },
{ "type": "Feature", "properties": { "class_id": 1, "class_name": "Built-up", "raster_row": 260, "raster_col": 498, "block_id": 29 }, "geometry": { "type": "Point", "coordinates": [ 73.85376014173093, 18.619163308526321 ] } },
{ "type": "Feature", "properties": { "class_id": 1, "class_name": "Built-up", "raster_row": 595, "raster_col": 742, "block_id": 43 }, "geometry": { "type": "Point", "coordinates": [ 73.958666567101631, 18.483527950796439 ] } },
{ "type": "Feature", "properties": { "class_id": 1, "class_name": "Built-up", "raster_row": 669, "raster_col": 746, "block_id": 42 }, "geometry": { "type": "Point", "coordinates": [ 73.960552763077047, 18.453442120421371 ] } },
{ "type": "Feature", "properties": { "class_id": 1, "class_name": "Built-up", "raster_row": 689, "raster_col": 368, "block_id": 18 }, "geometry": { "type": "Point", "coordinates": [ 73.799528071421747, 18.444357447083355 ] } },
{ "type": "Feature", "properties": { "class_id": 1, "class_name": "Built-up", "raster_row": 375, "raster_col": 759, "block_id": 53 }, "geometry": { "type": "Point", "coordinates": [ 73.965374308253388, 18.573039443476176 ] } },
{ "type": "Feature", "properties": { "class_id": 1, "class_name": "Built-up", "raster_row": 131, "raster_col": 792, "block_id": 54 }, "geometry": { "type": "Point", "coordinates": [ 73.978854931562381, 18.672347896195333 ] } },
{ "type": "Feature", "properties": { "class_id": 1, "class_name": "Built-up", "raster_row": 178, "raster_col": 320, "block_id": 22 }, "geometry": { "type": "Point", "coordinates": [ 73.777597048105761, 18.652031608502437 ] } },
{ "type": "Feature", "properties": { "class_id": 1, "class_name": "Built-up", "raster_row": 13, "raster_col": 104, "block_id": 7 }, "geometry": { "type": "Point", "coordinates": [ 73.684931382756574, 18.718505542981671 ] } },
{ "type": "Feature", "properties": { "class_id": 1, "class_name": "Built-up", "raster_row": 353, "raster_col": 451, "block_id": 29 }, "geometry": { "type": "Point", "coordinates": [ 73.833969944029278, 18.581219941960324 ] } },
{ "type": "Feature", "properties": { "class_id": 1, "class_name": "Built-up", "raster_row": 210, "raster_col": 357, "block_id": 22 }, "geometry": { "type": "Point", "coordinates": [ 73.793473941955909, 18.639120480537844 ] } },
{ "type": "Feature", "properties": { "class_id": 1, "class_name": "Built-up", "raster_row": 71, "raster_col": 106, "block_id": 7 }, "geometry": { "type": "Point", "coordinates": [ 73.685967025963294, 18.694926335148214 ] } },
{ "type": "Feature", "properties": { "class_id": 1, "class_name": "Built-up", "raster_row": 148, "raster_col": 356, "block_id": 22 }, "geometry": { "type": "Point", "coordinates": [ 73.792869115472257, 18.66433069552679 ] } },
{ "type": "Feature", "properties": { "class_id": 1, "class_name": "Built-up", "raster_row": 344, "raster_col": 776, "block_id": 53 }, "geometry": { "type": "Point", "coordinates": [ 73.9725484293497, 18.585686421494639 ] } },
{ "type": "Feature", "properties": { "class_id": 1, "class_name": "Built-up", "raster_row": 296, "raster_col": 630, "block_id": 45 }, "geometry": { "type": "Point", "coordinates": [ 73.910158468686944, 18.604857368221573 ] } },
{ "type": "Feature", "properties": { "class_id": 1, "class_name": "Built-up", "raster_row": 183, "raster_col": 337, "block_id": 22 }, "geometry": { "type": "Point", "coordinates": [ 73.784864058459803, 18.650045350283936 ] } },
{ "type": "Feature", "properties": { "class_id": 1, "class_name": "Built-up", "raster_row": 89, "raster_col": 365, "block_id": 23 }, "geometry": { "type": "Point", "coordinates": [ 73.796539654315907, 18.688348277579962 ] } },
{ "type": "Feature", "properties": { "class_id": 1, "class_name": "Built-up", "raster_row": 903, "raster_col": 495, "block_id": 24 }, "geometry": { "type": "Point", "coordinates": [ 73.854220020757651, 18.357662580176083 ] } },
{ "type": "Feature", "properties": { "class_id": 1, "class_name": "Built-up", "raster_row": 234, "raster_col": 506, "block_id": 38 }, "geometry": { "type": "Point", "coordinates": [ 73.857101877373154, 18.629757509344326 ] } },
{ "type": "Feature", "properties": { "class_id": 1, "class_name": "Built-up", "raster_row": 595, "raster_col": 604, "block_id": 35 }, "geometry": { "type": "Point", "coordinates": [ 73.899847799468404, 18.483195403981693 ] } },
{ "type": "Feature", "properties": { "class_id": 1, "class_name": "Built-up", "raster_row": 95, "raster_col": 356, "block_id": 23 }, "geometry": { "type": "Point", "coordinates": [ 73.792716525701152, 18.685883648672068 ] } },
{ "type": "Feature", "properties": { "class_id": 1, "class_name": "Built-up", "raster_row": 529, "raster_col": 506, "block_id": 35 }, "geometry": { "type": "Point", "coordinates": [ 73.857900813565621, 18.509788824524446 ] } },
{ "type": "Feature", "properties": { "class_id": 1, "class_name": "Built-up", "raster_row": 526, "raster_col": 506, "block_id": 35 }, "geometry": { "type": "Point", "coordinates": [ 73.857892719459485, 18.511008852878028 ] } },
{ "type": "Feature", "properties": { "class_id": 1, "class_name": "Built-up", "raster_row": 372, "raster_col": 628, "block_id": 37 }, "geometry": { "type": "Point", "coordinates": [ 73.909502126347832, 18.573944758687652 ] } },
{ "type": "Feature", "properties": { "class_id": 1, "class_name": "Built-up", "raster_row": 334, "raster_col": 410, "block_id": 29 }, "geometry": { "type": "Point", "coordinates": [ 73.816432133630499, 18.588837663022993 ] } },
{ "type": "Feature", "properties": { "class_id": 1, "class_name": "Built-up", "raster_row": 653, "raster_col": 429, "block_id": 26 }, "geometry": { "type": "Point", "coordinates": [ 73.825421213953945, 18.459160397262931 ] } },
{ "type": "Feature", "properties": { "class_id": 1, "class_name": "Built-up", "raster_row": 523, "raster_col": 658, "block_id": 43 }, "geometry": { "type": "Point", "coordinates": [ 73.922680596670659, 18.512609070192404 ] } },
{ "type": "Feature", "properties": { "class_id": 1, "class_name": "Built-up", "raster_row": 691, "raster_col": 475, "block_id": 26 }, "geometry": { "type": "Point", "coordinates": [ 73.84512741940533, 18.443827109540816 ] } },
{ "type": "Feature", "properties": { "class_id": 1, "class_name": "Built-up", "raster_row": 584, "raster_col": 535, "block_id": 35 }, "geometry": { "type": "Point", "coordinates": [ 73.870409582121951, 18.48749575201068 ] } },
{ "type": "Feature", "properties": { "class_id": 1, "class_name": "Built-up", "raster_row": 413, "raster_col": 292, "block_id": 20 }, "geometry": { "type": "Point", "coordinates": [ 73.766340508215876, 18.556388780348449 ] } },
{ "type": "Feature", "properties": { "class_id": 1, "class_name": "Built-up", "raster_row": 376, "raster_col": 431, "block_id": 29 }, "geometry": { "type": "Point", "coordinates": [ 73.825504985534437, 18.571813620247756 ] } },
{ "type": "Feature", "properties": { "class_id": 1, "class_name": "Built-up", "raster_row": 560, "raster_col": 472, "block_id": 27 }, "geometry": { "type": "Point", "coordinates": [ 73.843492063588016, 18.4970938531259 ] } },
{ "type": "Feature", "properties": { "class_id": 1, "class_name": "Built-up", "raster_row": 299, "raster_col": 429, "block_id": 29 }, "geometry": { "type": "Point", "coordinates": [ 73.824437361902213, 18.603121742650522 ] } },
{ "type": "Feature", "properties": { "class_id": 1, "class_name": "Built-up", "raster_row": 539, "raster_col": 539, "block_id": 35 }, "geometry": { "type": "Point", "coordinates": [ 73.87199467034786, 18.50580645718518 ] } },
{ "type": "Feature", "properties": { "class_id": 1, "class_name": "Built-up", "raster_row": 353, "raster_col": 814, "block_id": 53 }, "geometry": { "type": "Point", "coordinates": [ 73.988776406932075, 18.58211384781945 ] } },
{ "type": "Feature", "properties": { "class_id": 1, "class_name": "Built-up", "raster_row": 342, "raster_col": 329, "block_id": 21 }, "geometry": { "type": "Point", "coordinates": [ 73.781911593664972, 18.585364265117907 ] } },
{ "type": "Feature", "properties": { "class_id": 1, "class_name": "Built-up", "raster_row": 346, "raster_col": 335, "block_id": 21 }, "geometry": { "type": "Point", "coordinates": [ 73.784481853494341, 18.583754134498527 ] } },
{ "type": "Feature", "properties": { "class_id": 1, "class_name": "Built-up", "raster_row": 265, "raster_col": 353, "block_id": 21 }, "geometry": { "type": "Point", "coordinates": [ 73.791925626031528, 18.616743147042019 ] } },
{ "type": "Feature", "properties": { "class_id": 1, "class_name": "Built-up", "raster_row": 431, "raster_col": 258, "block_id": 20 }, "geometry": { "type": "Point", "coordinates": [ 73.75189685577152, 18.548973615267691 ] } },
{ "type": "Feature", "properties": { "class_id": 1, "class_name": "Built-up", "raster_row": 61, "raster_col": 111, "block_id": 7 }, "geometry": { "type": "Point", "coordinates": [ 73.688069257907159, 18.699007693152257 ] } },
{ "type": "Feature", "properties": { "class_id": 1, "class_name": "Built-up", "raster_row": 603, "raster_col": 597, "block_id": 35 }, "geometry": { "type": "Point", "coordinates": [ 73.896885085290634, 18.479924586618271 ] } },
{ "type": "Feature", "properties": { "class_id": 1, "class_name": "Built-up", "raster_row": 135, "raster_col": 583, "block_id": 38 }, "geometry": { "type": "Point", "coordinates": [ 73.889686696803508, 18.67021499033071 ] } },
{ "type": "Feature", "properties": { "class_id": 1, "class_name": "Built-up", "raster_row": 544, "raster_col": 387, "block_id": 27 }, "geometry": { "type": "Point", "coordinates": [ 73.80721648720116, 18.503375701826986 ] } },
{ "type": "Feature", "properties": { "class_id": 1, "class_name": "Built-up", "raster_row": 603, "raster_col": 504, "block_id": 27 }, "geometry": { "type": "Point", "coordinates": [ 73.857247861846744, 18.479689600293131 ] } },
{ "type": "Feature", "properties": { "class_id": 1, "class_name": "Built-up", "raster_row": 359, "raster_col": 815, "block_id": 53 }, "geometry": { "type": "Point", "coordinates": [ 73.989217268599077, 18.579675990699023 ] } },
{ "type": "Feature", "properties": { "class_id": 1, "class_name": "Built-up", "raster_row": 346, "raster_col": 662, "block_id": 45 }, "geometry": { "type": "Point", "coordinates": [ 73.923934930098383, 18.58460177795498 ] } },
{ "type": "Feature", "properties": { "class_id": 1, "class_name": "Built-up", "raster_row": 593, "raster_col": 526, "block_id": 35 }, "geometry": { "type": "Point", "coordinates": [ 73.866597625354615, 18.483812722897621 ] } },
{ "type": "Feature", "properties": { "class_id": 1, "class_name": "Built-up", "raster_row": 134, "raster_col": 650, "block_id": 46 }, "geometry": { "type": "Point", "coordinates": [ 73.91827195894605, 18.670788541588252 ] } },
{ "type": "Feature", "properties": { "class_id": 1, "class_name": "Built-up", "raster_row": 304, "raster_col": 356, "block_id": 21 }, "geometry": { "type": "Point", "coordinates": [ 73.793317039038058, 18.600891521082897 ] } },
{ "type": "Feature", "properties": { "class_id": 1, "class_name": "Built-up", "raster_row": 417, "raster_col": 385, "block_id": 28 }, "geometry": { "type": "Point", "coordinates": [ 73.806005425551859, 18.555017134440842 ] } },
{ "type": "Feature", "properties": { "class_id": 1, "class_name": "Built-up", "raster_row": 348, "raster_col": 429, "block_id": 29 }, "geometry": { "type": "Point", "coordinates": [ 73.824574083041853, 18.583195023493616 ] } },
{ "type": "Feature", "properties": { "class_id": 1, "class_name": "Built-up", "raster_row": 558, "raster_col": 385, "block_id": 27 }, "geometry": { "type": "Point", "coordinates": [ 73.806403431830859, 18.497676958882533 ] } },
{ "type": "Feature", "properties": { "class_id": 1, "class_name": "Built-up", "raster_row": 635, "raster_col": 489, "block_id": 26 }, "geometry": { "type": "Point", "coordinates": [ 73.850941496054944, 18.466637267900254 ] } },
{ "type": "Feature", "properties": { "class_id": 1, "class_name": "Built-up", "raster_row": 131, "raster_col": 335, "block_id": 22 }, "geometry": { "type": "Point", "coordinates": [ 73.78386014411933, 18.671186088240937 ] } },
{ "type": "Feature", "properties": { "class_id": 1, "class_name": "Built-up", "raster_row": 505, "raster_col": 493, "block_id": 27 }, "geometry": { "type": "Point", "coordinates": [ 73.852294120455213, 18.519515486482984 ] } },
{ "type": "Feature", "properties": { "class_id": 1, "class_name": "Built-up", "raster_row": 334, "raster_col": 836, "block_id": 53 }, "geometry": { "type": "Point", "coordinates": [ 73.998113726167063, 18.589891080350839 ] } },
{ "type": "Feature", "properties": { "class_id": 1, "class_name": "Built-up", "raster_row": 344, "raster_col": 630, "block_id": 45 }, "geometry": { "type": "Point", "coordinates": [ 73.9102826487062, 18.585336740313736 ] } },
{ "type": "Feature", "properties": { "class_id": 1, "class_name": "Built-up", "raster_row": 692, "raster_col": 504, "block_id": 26 }, "geometry": { "type": "Point", "coordinates": [ 73.857487419089225, 18.443495246235003 ] } },
{ "type": "Feature", "properties": { "class_id": 1, "class_name": "Built-up", "raster_row": 311, "raster_col": 370, "block_id": 21 }, "geometry": { "type": "Point", "coordinates": [ 73.799307924637176, 18.598083032314943 ] } },
{ "type": "Feature", "properties": { "class_id": 1, "class_name": "Built-up", "raster_row": 411, "raster_col": 355, "block_id": 20 }, "geometry": { "type": "Point", "coordinates": [ 73.793196840574169, 18.557375775265935 ] } },
{ "type": "Feature", "properties": { "class_id": 1, "class_name": "Built-up", "raster_row": 504, "raster_col": 629, "block_id": 35 }, "geometry": { "type": "Point", "coordinates": [ 73.910269158632502, 18.52026522671693 ] } },
{ "type": "Feature", "properties": { "class_id": 1, "class_name": "Built-up", "raster_row": 134, "raster_col": 345, "block_id": 22 }, "geometry": { "type": "Point", "coordinates": [ 73.78813549883786, 18.669993699910464 ] } },
{ "type": "Feature", "properties": { "class_id": 1, "class_name": "Built-up", "raster_row": 377, "raster_col": 455, "block_id": 29 }, "geometry": { "type": "Point", "coordinates": [ 73.835742014299882, 18.571470402203488 ] } },
{ "type": "Feature", "properties": { "class_id": 1, "class_name": "Built-up", "raster_row": 616, "raster_col": 583, "block_id": 35 }, "geometry": { "type": "Point", "coordinates": [ 73.890952148142077, 18.474602874177101 ] } },
{ "type": "Feature", "properties": { "class_id": 1, "class_name": "Built-up", "raster_row": 288, "raster_col": 317, "block_id": 21 }, "geometry": { "type": "Point", "coordinates": [ 73.776637326954031, 18.60729078997927 ] } },
{ "type": "Feature", "properties": { "class_id": 1, "class_name": "Built-up", "raster_row": 619, "raster_col": 516, "block_id": 35 }, "geometry": { "type": "Point", "coordinates": [ 73.8624052232163, 18.473213535596702 ] } },
{ "type": "Feature", "properties": { "class_id": 1, "class_name": "Built-up", "raster_row": 158, "raster_col": 333, "block_id": 22 }, "geometry": { "type": "Point", "coordinates": [ 73.783085127233278, 18.660200781305097 ] } },
{ "type": "Feature", "properties": { "class_id": 1, "class_name": "Built-up", "raster_row": 133, "raster_col": 349, "block_id": 22 }, "geometry": { "type": "Point", "coordinates": [ 73.789839278029291, 18.670411366716696 ] } },
{ "type": "Feature", "properties": { "class_id": 1, "class_name": "Built-up", "raster_row": 269, "raster_col": 483, "block_id": 29 }, "geometry": { "type": "Point", "coordinates": [ 73.847386570280378, 18.61546420128758 ] } },
{ "type": "Feature", "properties": { "class_id": 1, "class_name": "Built-up", "raster_row": 183, "raster_col": 325, "block_id": 22 }, "geometry": { "type": "Point", "coordinates": [ 73.779744676780965, 18.650012179581395 ] } },
{ "type": "Feature", "properties": { "class_id": 1, "class_name": "Built-up", "raster_row": 552, "raster_col": 675, "block_id": 43 }, "geometry": { "type": "Point", "coordinates": [ 73.930000901994575, 18.500856311790905 ] } },
{ "type": "Feature", "properties": { "class_id": 1, "class_name": "Built-up", "raster_row": 327, "raster_col": 272, "block_id": 21 }, "geometry": { "type": "Point", "coordinates": [ 73.757559621265543, 18.591305481102228 ] } },
{ "type": "Feature", "properties": { "class_id": 1, "class_name": "Built-up", "raster_row": 130, "raster_col": 206, "block_id": 14 }, "geometry": { "type": "Point", "coordinates": [ 73.728817537211341, 18.671228156750967 ] } },
{ "type": "Feature", "properties": { "class_id": 1, "class_name": "Built-up", "raster_row": 310, "raster_col": 312, "block_id": 21 }, "geometry": { "type": "Point", "coordinates": [ 73.774568819423109, 18.598330406407193 ] } },
{ "type": "Feature", "properties": { "class_id": 1, "class_name": "Built-up", "raster_row": 586, "raster_col": 720, "block_id": 43 }, "geometry": { "type": "Point", "coordinates": [ 73.949267271811181, 18.487136366640581 ] } },
{ "type": "Feature", "properties": { "class_id": 1, "class_name": "Built-up", "raster_row": 528, "raster_col": 365, "block_id": 19 }, "geometry": { "type": "Point", "coordinates": [ 73.797793478317502, 18.509823031747118 ] } },
{ "type": "Feature", "properties": { "class_id": 1, "class_name": "Built-up", "raster_row": 589, "raster_col": 676, "block_id": 43 }, "geometry": { "type": "Point", "coordinates": [ 73.930520560294994, 18.485811308215339 ] } },
{ "type": "Feature", "properties": { "class_id": 1, "class_name": "Built-up", "raster_row": 576, "raster_col": 408, "block_id": 27 }, "geometry": { "type": "Point", "coordinates": [ 73.816257264337281, 18.490418459946323 ] } },
{ "type": "Feature", "properties": { "class_id": 1, "class_name": "Built-up", "raster_row": 608, "raster_col": 383, "block_id": 27 }, "geometry": { "type": "Point", "coordinates": [ 73.805691839975637, 18.477338105909059 ] } },
{ "type": "Feature", "properties": { "class_id": 1, "class_name": "Built-up", "raster_row": 283, "raster_col": 288, "block_id": 21 }, "geometry": { "type": "Point", "coordinates": [ 73.764253958737086, 18.609243316289291 ] } },
{ "type": "Feature", "properties": { "class_id": 1, "class_name": "Built-up", "raster_row": 313, "raster_col": 289, "block_id": 21 }, "geometry": { "type": "Point", "coordinates": [ 73.764768483188845, 18.597046365164903 ] } },
{ "type": "Feature", "properties": { "class_id": 1, "class_name": "Built-up", "raster_row": 311, "raster_col": 642, "block_id": 45 }, "geometry": { "type": "Point", "coordinates": [ 73.91531537492618, 18.598786715634322 ] } },
{ "type": "Feature", "properties": { "class_id": 1, "class_name": "Built-up", "raster_row": 320, "raster_col": 411, "block_id": 29 }, "geometry": { "type": "Point", "coordinates": [ 73.816819287020024, 18.594533674269687 ] } },
{ "type": "Feature", "properties": { "class_id": 1, "class_name": "Built-up", "raster_row": 257, "raster_col": 500, "block_id": 29 }, "geometry": { "type": "Point", "coordinates": [ 73.854605071294912, 18.620388515207111 ] } },
{ "type": "Feature", "properties": { "class_id": 1, "class_name": "Built-up", "raster_row": 226, "raster_col": 918, "block_id": 62 }, "geometry": { "type": "Point", "coordinates": [ 74.032838461796601, 18.633996789167163 ] } },
{ "type": "Feature", "properties": { "class_id": 1, "class_name": "Built-up", "raster_row": 637, "raster_col": 487, "block_id": 26 }, "geometry": { "type": "Point", "coordinates": [ 73.850094574623142, 18.46581874471525 ] } },
{ "type": "Feature", "properties": { "class_id": 1, "class_name": "Built-up", "raster_row": 160, "raster_col": 418, "block_id": 30 }, "geometry": { "type": "Point", "coordinates": [ 73.819355479106846, 18.659618886228426 ] } },
{ "type": "Feature", "properties": { "class_id": 1, "class_name": "Built-up", "raster_row": 69, "raster_col": 107, "block_id": 7 }, "geometry": { "type": "Point", "coordinates": [ 73.686387464690881, 18.6957426082773 ] } },
{ "type": "Feature", "properties": { "class_id": 1, "class_name": "Built-up", "raster_row": 526, "raster_col": 357, "block_id": 19 }, "geometry": { "type": "Point", "coordinates": [ 73.794377633261874, 18.510614660180813 ] } },
{ "type": "Feature", "properties": { "class_id": 1, "class_name": "Built-up", "raster_row": 616, "raster_col": 381, "block_id": 27 }, "geometry": { "type": "Point", "coordinates": [ 73.80486200174785, 18.47407937098653 ] } },
{ "type": "Feature", "properties": { "class_id": 1, "class_name": "Built-up", "raster_row": 555, "raster_col": 653, "block_id": 43 }, "geometry": { "type": "Point", "coordinates": [ 73.920630703524182, 18.499582997634338 ] } },
{ "type": "Feature", "properties": { "class_id": 1, "class_name": "Built-up", "raster_row": 190, "raster_col": 425, "block_id": 30 }, "geometry": { "type": "Point", "coordinates": [ 73.822426145474253, 18.647437688052968 ] } },
{ "type": "Feature", "properties": { "class_id": 1, "class_name": "Built-up", "raster_row": 597, "raster_col": 734, "block_id": 43 }, "geometry": { "type": "Point", "coordinates": [ 73.955261677977347, 18.482695790213217 ] } },
{ "type": "Feature", "properties": { "class_id": 1, "class_name": "Built-up", "raster_row": 374, "raster_col": 751, "block_id": 45 }, "geometry": { "type": "Point", "coordinates": [ 73.961960247325564, 18.573427385280397 ] } },
{ "type": "Feature", "properties": { "class_id": 1, "class_name": "Built-up", "raster_row": 678, "raster_col": 467, "block_id": 26 }, "geometry": { "type": "Point", "coordinates": [ 73.841683076394361, 18.44909312418724 ] } },
{ "type": "Feature", "properties": { "class_id": 1, "class_name": "Built-up", "raster_row": 199, "raster_col": 268, "block_id": 22 }, "geometry": { "type": "Point", "coordinates": [ 73.755475173629705, 18.643346235026694 ] } },
{ "type": "Feature", "properties": { "class_id": 1, "class_name": "Built-up", "raster_row": 126, "raster_col": 411, "block_id": 31 }, "geometry": { "type": "Point", "coordinates": [ 73.816273033708868, 18.67342664684443 ] } },
{ "type": "Feature", "properties": { "class_id": 1, "class_name": "Built-up", "raster_row": 518, "raster_col": 480, "block_id": 27 }, "geometry": { "type": "Point", "coordinates": [ 73.846787639041409, 18.514194998488232 ] } },
{ "type": "Feature", "properties": { "class_id": 1, "class_name": "Built-up", "raster_row": 275, "raster_col": 290, "block_id": 21 }, "geometry": { "type": "Point", "coordinates": [ 73.765083506090804, 18.612502177374875 ] } },
{ "type": "Feature", "properties": { "class_id": 1, "class_name": "Built-up", "raster_row": 524, "raster_col": 663, "block_id": 43 }, "geometry": { "type": "Point", "coordinates": [ 73.92481460978793, 18.512214514180666 ] } },
{ "type": "Feature", "properties": { "class_id": 1, "class_name": "Built-up", "raster_row": 533, "raster_col": 691, "block_id": 43 }, "geometry": { "type": "Point", "coordinates": [ 73.93677346568937, 18.50862181019 ] } },
{ "type": "Feature", "properties": { "class_id": 1, "class_name": "Built-up", "raster_row": 412, "raster_col": 312, "block_id": 20 }, "geometry": { "type": "Point", "coordinates": [ 73.774865208844773, 18.556850988135 ] } },
{ "type": "Feature", "properties": { "class_id": 1, "class_name": "Built-up", "raster_row": 696, "raster_col": 463, "block_id": 26 }, "geometry": { "type": "Point", "coordinates": [ 73.840027714266199, 18.441762533784136 ] } },
{ "type": "Feature", "properties": { "class_id": 1, "class_name": "Built-up", "raster_row": 524, "raster_col": 694, "block_id": 43 }, "geometry": { "type": "Point", "coordinates": [ 73.938029746841792, 18.512289177913175 ] } },
{ "type": "Feature", "properties": { "class_id": 1, "class_name": "Built-up", "raster_row": 374, "raster_col": 555, "block_id": 37 }, "geometry": { "type": "Point", "coordinates": [ 73.878377160258694, 18.572948834994772 ] } },
{ "type": "Feature", "properties": { "class_id": 1, "class_name": "Built-up", "raster_row": 285, "raster_col": 329, "block_id": 21 }, "geometry": { "type": "Point", "coordinates": [ 73.781746741351398, 18.608543954185567 ] } },
{ "type": "Feature", "properties": { "class_id": 1, "class_name": "Built-up", "raster_row": 132, "raster_col": 438, "block_id": 30 }, "geometry": { "type": "Point", "coordinates": [ 73.82781016277778, 18.671058944720983 ] } },
{ "type": "Feature", "properties": { "class_id": 1, "class_name": "Built-up", "raster_row": 364, "raster_col": 793, "block_id": 53 }, "geometry": { "type": "Point", "coordinates": [ 73.97984704319154, 18.577592011951626 ] } },
{ "type": "Feature", "properties": { "class_id": 1, "class_name": "Built-up", "raster_row": 611, "raster_col": 625, "block_id": 35 }, "geometry": { "type": "Point", "coordinates": [ 73.90883957189827, 18.476740234740724 ] } },
{ "type": "Feature", "properties": { "class_id": 1, "class_name": "Built-up", "raster_row": 597, "raster_col": 490, "block_id": 27 }, "geometry": { "type": "Point", "coordinates": [ 73.851264765627192, 18.482093566691177 ] } },
{ "type": "Feature", "properties": { "class_id": 1, "class_name": "Built-up", "raster_row": 360, "raster_col": 795, "block_id": 53 }, "geometry": { "type": "Point", "coordinates": [ 73.980690300416938, 18.579223383296476 ] } },
{ "type": "Feature", "properties": { "class_id": 1, "class_name": "Built-up", "raster_row": 299, "raster_col": 874, "block_id": 53 }, "geometry": { "type": "Point", "coordinates": [ 74.014238724937314, 18.604210801001411 ] } },
{ "type": "Feature", "properties": { "class_id": 1, "class_name": "Built-up", "raster_row": 523, "raster_col": 662, "block_id": 43 }, "geometry": { "type": "Point", "coordinates": [ 73.92438577481532, 18.512618775522153 ] } },
{ "type": "Feature", "properties": { "class_id": 1, "class_name": "Built-up", "raster_row": 573, "raster_col": 650, "block_id": 43 }, "geometry": { "type": "Point", "coordinates": [ 73.919397830419072, 18.492255365126134 ] } },
{ "type": "Feature", "properties": { "class_id": 1, "class_name": "Built-up", "raster_row": 519, "raster_col": 655, "block_id": 43 }, "geometry": { "type": "Point", "coordinates": [ 73.921391519793119, 18.514228520197022 ] } },
{ "type": "Feature", "properties": { "class_id": 1, "class_name": "Built-up", "raster_row": 356, "raster_col": 575, "block_id": 37 }, "geometry": { "type": "Point", "coordinates": [ 73.886858414896764, 18.580319555043864 ] } },
{ "type": "Feature", "properties": { "class_id": 1, "class_name": "Built-up", "raster_row": 623, "raster_col": 572, "block_id": 35 }, "geometry": { "type": "Point", "coordinates": [ 73.886282374948053, 18.471728601292657 ] } },
{ "type": "Feature", "properties": { "class_id": 1, "class_name": "Built-up", "raster_row": 168, "raster_col": 492, "block_id": 30 }, "geometry": { "type": "Point", "coordinates": [ 73.850949301103412, 18.656561312137541 ] } },
{ "type": "Feature", "properties": { "class_id": 1, "class_name": "Built-up", "raster_row": 231, "raster_col": 490, "block_id": 30 }, "geometry": { "type": "Point", "coordinates": [ 73.85026846443553, 18.630935927344431 ] } },
{ "type": "Feature", "properties": { "class_id": 1, "class_name": "Built-up", "raster_row": 637, "raster_col": 432, "block_id": 26 }, "geometry": { "type": "Point", "coordinates": [ 73.826655433048373, 18.465675091969882 ] } },
{ "type": "Feature", "properties": { "class_id": 1, "class_name": "Built-up", "raster_row": 255, "raster_col": 379, "block_id": 29 }, "geometry": { "type": "Point", "coordinates": [ 73.802987070023931, 18.620880634626658 ] } },
{ "type": "Feature", "properties": { "class_id": 1, "class_name": "Built-up", "raster_row": 395, "raster_col": 302, "block_id": 20 }, "geometry": { "type": "Point", "coordinates": [ 73.770551878135265, 18.563736500956125 ] } },
{ "type": "Feature", "properties": { "class_id": 1, "class_name": "Built-up", "raster_row": 694, "raster_col": 490, "block_id": 26 }, "geometry": { "type": "Point", "coordinates": [ 73.851527232288802, 18.442645873447763 ] } },
{ "type": "Feature", "properties": { "class_id": 1, "class_name": "Built-up", "raster_row": 452, "raster_col": 328, "block_id": 20 }, "geometry": { "type": "Point", "coordinates": [ 73.781802700825338, 18.540628617683669 ] } },
{ "type": "Feature", "properties": { "class_id": 1, "class_name": "Built-up", "raster_row": 143, "raster_col": 335, "block_id": 22 }, "geometry": { "type": "Point", "coordinates": [ 73.783894935122476, 18.666306187166757 ] } },
{ "type": "Feature", "properties": { "class_id": 1, "class_name": "Built-up", "raster_row": 353, "raster_col": 581, "block_id": 37 }, "geometry": { "type": "Point", "coordinates": [ 73.889409257041862, 18.581554677134882 ] } },
{ "type": "Feature", "properties": { "class_id": 1, "class_name": "Built-up", "raster_row": 623, "raster_col": 545, "block_id": 35 }, "geometry": { "type": "Point", "coordinates": [ 73.874775321211729, 18.471660618538376 ] } },
{ "type": "Feature", "properties": { "class_id": 1, "class_name": "Built-up", "raster_row": 253, "raster_col": 535, "block_id": 37 }, "geometry": { "type": "Point", "coordinates": [ 73.869523694870551, 18.622105480318346 ] } },
{ "type": "Feature", "properties": { "class_id": 1, "class_name": "Built-up", "raster_row": 251, "raster_col": 433, "block_id": 30 }, "geometry": { "type": "Point", "coordinates": [ 73.826009477061675, 18.622652405075439 ] } },
{ "type": "Feature", "properties": { "class_id": 1, "class_name": "Built-up", "raster_row": 317, "raster_col": 671, "block_id": 45 }, "geometry": { "type": "Point", "coordinates": [ 73.927699391953681, 18.596417436280859 ] } },
{ "type": "Feature", "properties": { "class_id": 1, "class_name": "Built-up", "raster_row": 362, "raster_col": 451, "block_id": 29 }, "geometry": { "type": "Point", "coordinates": [ 73.833994833859222, 18.577559914541631 ] } },
{ "type": "Feature", "properties": { "class_id": 1, "class_name": "Built-up", "raster_row": 678, "raster_col": 493, "block_id": 26 }, "geometry": { "type": "Point", "coordinates": [ 73.852762366394813, 18.449160457162982 ] } },
{ "type": "Feature", "properties": { "class_id": 1, "class_name": "Built-up", "raster_row": 650, "raster_col": 436, "block_id": 26 }, "geometry": { "type": "Point", "coordinates": [ 73.828395972792549, 18.460398876499383 ] } },
{ "type": "Feature", "properties": { "class_id": 1, "class_name": "Built-up", "raster_row": 691, "raster_col": 399, "block_id": 26 }, "geometry": { "type": "Point", "coordinates": [ 73.81274302546079, 18.443627224546692 ] } },
{ "type": "Feature", "properties": { "class_id": 1, "class_name": "Built-up", "raster_row": 309, "raster_col": 435, "block_id": 29 }, "geometry": { "type": "Point", "coordinates": [ 73.827024247182649, 18.599071020460922 ] } },
{ "type": "Feature", "properties": { "class_id": 1, "class_name": "Built-up", "raster_row": 227, "raster_col": 310, "block_id": 22 }, "geometry": { "type": "Point", "coordinates": [ 73.773473924628746, 18.632077566960163 ] } },
{ "type": "Feature", "properties": { "class_id": 1, "class_name": "Built-up", "raster_row": 629, "raster_col": 362, "block_id": 18 }, "geometry": { "type": "Point", "coordinates": [ 73.796801431448714, 18.468741423629794 ] } },
{ "type": "Feature", "properties": { "class_id": 1, "class_name": "Built-up", "raster_row": 330, "raster_col": 619, "block_id": 37 }, "geometry": { "type": "Point", "coordinates": [ 73.905555088925951, 18.591003073439659 ] } },
{ "type": "Feature", "properties": { "class_id": 1, "class_name": "Built-up", "raster_row": 587, "raster_col": 535, "block_id": 35 }, "geometry": { "type": "Point", "coordinates": [ 73.870417576628085, 18.486275715317074 ] } },
{ "type": "Feature", "properties": { "class_id": 1, "class_name": "Built-up", "raster_row": 583, "raster_col": 524, "block_id": 35 }, "geometry": { "type": "Point", "coordinates": [ 73.865718438190569, 18.487874402164781 ] } },
{ "type": "Feature", "properties": { "class_id": 1, "class_name": "Built-up", "raster_row": 352, "raster_col": 844, "block_id": 53 }, "geometry": { "type": "Point", "coordinates": [ 74.001568343731165, 18.582588731914324 ] } },
{ "type": "Feature", "properties": { "class_id": 1, "class_name": "Built-up", "raster_row": 519, "raster_col": 130, "block_id": 11 }, "geometry": { "type": "Point", "coordinates": [ 73.697594680993163, 18.512819698039998 ] } },
{ "type": "Feature", "properties": { "class_id": 1, "class_name": "Built-up", "raster_row": 333, "raster_col": 622, "block_id": 37 }, "geometry": { "type": "Point", "coordinates": [ 73.906842332215945, 18.589790461345636 ] } },
{ "type": "Feature", "properties": { "class_id": 1, "class_name": "Built-up", "raster_row": 543, "raster_col": 648, "block_id": 43 }, "geometry": { "type": "Point", "coordinates": [ 73.91846875078916, 18.504451047946912 ] } },
{ "type": "Feature", "properties": { "class_id": 2, "class_name": "Vegetation", "raster_row": 652, "raster_col": 77, "block_id": 2 }, "geometry": { "type": "Point", "coordinates": [ 73.675418646298724, 18.45857843389394 ] } },
{ "type": "Feature", "properties": { "class_id": 2, "class_name": "Vegetation", "raster_row": 739, "raster_col": 198, "block_id": 10 }, "geometry": { "type": "Point", "coordinates": [ 73.727240559815669, 18.423552287070013 ] } },
{ "type": "Feature", "properties": { "class_id": 2, "class_name": "Vegetation", "raster_row": 506, "raster_col": 245, "block_id": 11 }, "geometry": { "type": "Point", "coordinates": [ 73.746576592451859, 18.518437507188384 ] } },
{ "type": "Feature", "properties": { "class_id": 2, "class_name": "Vegetation", "raster_row": 675, "raster_col": 63, "block_id": 2 }, "geometry": { "type": "Point", "coordinates": [ 73.669524998500947, 18.449183721682022 ] } },
{ "type": "Feature", "properties": { "class_id": 2, "class_name": "Vegetation", "raster_row": 968, "raster_col": 585, "block_id": 32 }, "geometry": { "type": "Point", "coordinates": [ 73.892719949511488, 18.331454555236984 ] } },
{ "type": "Feature", "properties": { "class_id": 2, "class_name": "Vegetation", "raster_row": 263, "raster_col": 600, "block_id": 37 }, "geometry": { "type": "Point", "coordinates": [ 73.897276380683167, 18.61820323617853 ] } },
{ "type": "Feature", "properties": { "class_id": 2, "class_name": "Vegetation", "raster_row": 294, "raster_col": 503, "block_id": 29 }, "geometry": { "type": "Point", "coordinates": [ 73.855985321433849, 18.605349456432471 ] } },
{ "type": "Feature", "properties": { "class_id": 2, "class_name": "Vegetation", "raster_row": 788, "raster_col": 10, "block_id": 1 }, "geometry": { "type": "Point", "coordinates": [ 73.64730129549703, 18.403072859532873 ] } },
{ "type": "Feature", "properties": { "class_id": 2, "class_name": "Vegetation", "raster_row": 452, "raster_col": 266, "block_id": 20 }, "geometry": { "type": "Point", "coordinates": [ 73.755369595841785, 18.540456284835837 ] } },
{ "type": "Feature", "properties": { "class_id": 2, "class_name": "Vegetation", "raster_row": 55, "raster_col": 654, "block_id": 47 }, "geometry": { "type": "Point", "coordinates": [ 73.919775067081545, 18.702925856866567 ] } },
{ "type": "Feature", "properties": { "class_id": 2, "class_name": "Vegetation", "raster_row": 125, "raster_col": 736, "block_id": 47 }, "geometry": { "type": "Point", "coordinates": [ 73.954944895442651, 18.6746565071379 ] } },
{ "type": "Feature", "properties": { "class_id": 2, "class_name": "Vegetation", "raster_row": 611, "raster_col": 245, "block_id": 11 }, "geometry": { "type": "Point", "coordinates": [ 73.746887216278509, 18.475738196327484 ] } },
{ "type": "Feature", "properties": { "class_id": 2, "class_name": "Vegetation", "raster_row": 39, "raster_col": 584, "block_id": 39 }, "geometry": { "type": "Point", "coordinates": [ 73.889859025404434, 18.709258110168385 ] } },
{ "type": "Feature", "properties": { "class_id": 2, "class_name": "Vegetation", "raster_row": 891, "raster_col": 761, "block_id": 48 }, "geometry": { "type": "Point", "coordinates": [ 73.967483510058756, 18.363190691893841 ] } },
{ "type": "Feature", "properties": { "class_id": 2, "class_name": "Vegetation", "raster_row": 743, "raster_col": 79, "block_id": 2 }, "geometry": { "type": "Point", "coordinates": [ 73.676554260934438, 18.421579121552625 ] } },
{ "type": "Feature", "properties": { "class_id": 2, "class_name": "Vegetation", "raster_row": 981, "raster_col": 530, "block_id": 32 }, "geometry": { "type": "Point", "coordinates": [ 73.869332983671512, 18.326030232883085 ] } },
{ "type": "Feature", "properties": { "class_id": 2, "class_name": "Vegetation", "raster_row": 69, "raster_col": 695, "block_id": 47 }, "geometry": { "type": "Point", "coordinates": [ 73.937308150408739, 18.697332351570253 ] } },
{ "type": "Feature", "properties": { "class_id": 2, "class_name": "Vegetation", "raster_row": 285, "raster_col": 847, "block_id": 53 }, "geometry": { "type": "Point", "coordinates": [ 74.002689154106406, 18.609843849440047 ] } },
{ "type": "Feature", "properties": { "class_id": 2, "class_name": "Vegetation", "raster_row": 19, "raster_col": 623, "block_id": 39 }, "geometry": { "type": "Point", "coordinates": [ 73.906451212548987, 18.71748943832576 ] } },
{ "type": "Feature", "properties": { "class_id": 2, "class_name": "Vegetation", "raster_row": 444, "raster_col": 272, "block_id": 20 }, "geometry": { "type": "Point", "coordinates": [ 73.757904108909514, 18.543726403058017 ] } },
{ "type": "Feature", "properties": { "class_id": 2, "class_name": "Vegetation", "raster_row": 48, "raster_col": 876, "block_id": 55 }, "geometry": { "type": "Point", "coordinates": [ 74.01450270338529, 18.706294621270285 ] } },
{ "type": "Feature", "properties": { "class_id": 2, "class_name": "Vegetation", "raster_row": 379, "raster_col": 54, "block_id": 4 }, "geometry": { "type": "Point", "coordinates": [ 73.664756854273705, 18.569524128664607 ] } },
{ "type": "Feature", "properties": { "class_id": 2, "class_name": "Vegetation", "raster_row": 522, "raster_col": 273, "block_id": 19 }, "geometry": { "type": "Point", "coordinates": [ 73.758559456411064, 18.512009679750697 ] } },
{ "type": "Feature", "properties": { "class_id": 2, "class_name": "Vegetation", "raster_row": 644, "raster_col": 88, "block_id": 2 }, "geometry": { "type": "Point", "coordinates": [ 73.680081122515048, 18.461864332058607 ] } },
{ "type": "Feature", "properties": { "class_id": 2, "class_name": "Vegetation", "raster_row": 154, "raster_col": 270, "block_id": 22 }, "geometry": { "type": "Point", "coordinates": [ 73.756195058258157, 18.661651351614442 ] } },
{ "type": "Feature", "properties": { "class_id": 2, "class_name": "Vegetation", "raster_row": 362, "raster_col": 559, "block_id": 37 }, "geometry": { "type": "Point", "coordinates": [ 73.880051044171523, 18.577839088779008 ] } },
{ "type": "Feature", "properties": { "class_id": 2, "class_name": "Vegetation", "raster_row": 849, "raster_col": 995, "block_id": 57 }, "geometry": { "type": "Point", "coordinates": [ 74.067061523956227, 18.380786750931719 ] } },
{ "type": "Feature", "properties": { "class_id": 2, "class_name": "Vegetation", "raster_row": 677, "raster_col": 205, "block_id": 10 }, "geometry": { "type": "Point", "coordinates": [ 73.730037684209734, 18.448785177991926 ] } },
{ "type": "Feature", "properties": { "class_id": 2, "class_name": "Vegetation", "raster_row": 669, "raster_col": 155, "block_id": 10 }, "geometry": { "type": "Point", "coordinates": [ 73.708708105386947, 18.451894586071536 ] } },
{ "type": "Feature", "properties": { "class_id": 2, "class_name": "Vegetation", "raster_row": 472, "raster_col": 276, "block_id": 20 }, "geometry": { "type": "Point", "coordinates": [ 73.759691669844315, 18.532351122062096 ] } },
{ "type": "Feature", "properties": { "class_id": 2, "class_name": "Vegetation", "raster_row": 896, "raster_col": 473, "block_id": 24 }, "geometry": { "type": "Point", "coordinates": [ 73.844831244068303, 18.360452757161507 ] } },
{ "type": "Feature", "properties": { "class_id": 2, "class_name": "Vegetation", "raster_row": 870, "raster_col": 628, "block_id": 33 }, "geometry": { "type": "Point", "coordinates": [ 73.910781491953159, 18.371415630784249 ] } },
{ "type": "Feature", "properties": { "class_id": 2, "class_name": "Vegetation", "raster_row": 637, "raster_col": 293, "block_id": 18 }, "geometry": { "type": "Point", "coordinates": [ 73.767419307575949, 18.465299129717117 ] } },
{ "type": "Feature", "properties": { "class_id": 2, "class_name": "Vegetation", "raster_row": 720, "raster_col": 298, "block_id": 18 }, "geometry": { "type": "Point", "coordinates": [ 73.769790446244158, 18.431559718193821 ] } },
{ "type": "Feature", "properties": { "class_id": 2, "class_name": "Vegetation", "raster_row": 961, "raster_col": 535, "block_id": 32 }, "geometry": { "type": "Point", "coordinates": [ 73.871409357043248, 18.334176554492689 ] } },
{ "type": "Feature", "properties": { "class_id": 2, "class_name": "Vegetation", "raster_row": 367, "raster_col": 515, "block_id": 37 }, "geometry": { "type": "Point", "coordinates": [ 73.861300806107664, 18.575693339661104 ] } },
{ "type": "Feature", "properties": { "class_id": 2, "class_name": "Vegetation", "raster_row": 867, "raster_col": 28, "block_id": 1 }, "geometry": { "type": "Point", "coordinates": [ 73.655218151228993, 18.371001922927963 ] } },
{ "type": "Feature", "properties": { "class_id": 2, "class_name": "Vegetation", "raster_row": 62, "raster_col": 565, "block_id": 39 }, "geometry": { "type": "Point", "coordinates": [ 73.881811664224827, 18.699856471075915 ] } },
{ "type": "Feature", "properties": { "class_id": 2, "class_name": "Vegetation", "raster_row": 679, "raster_col": 87, "block_id": 2 }, "geometry": { "type": "Point", "coordinates": [ 73.679763801396987, 18.447628573331158 ] } },
{ "type": "Feature", "properties": { "class_id": 2, "class_name": "Vegetation", "raster_row": 880, "raster_col": 856, "block_id": 48 }, "geometry": { "type": "Point", "coordinates": [ 74.007921798199092, 18.367879492160029 ] } },
{ "type": "Feature", "properties": { "class_id": 2, "class_name": "Vegetation", "raster_row": 582, "raster_col": 646, "block_id": 43 }, "geometry": { "type": "Point", "coordinates": [ 73.917715840917182, 18.488585457804671 ] } },
{ "type": "Feature", "properties": { "class_id": 2, "class_name": "Vegetation", "raster_row": 577, "raster_col": 317, "block_id": 19 }, "geometry": { "type": "Point", "coordinates": [ 73.777474087872903, 18.489765307297933 ] } },
{ "type": "Feature", "properties": { "class_id": 2, "class_name": "Vegetation", "raster_row": 47, "raster_col": 625, "block_id": 39 }, "geometry": { "type": "Point", "coordinates": [ 73.907377937442021, 18.706107537781762 ] } },
{ "type": "Feature", "properties": { "class_id": 2, "class_name": "Vegetation", "raster_row": 415, "raster_col": 98, "block_id": 4 }, "geometry": { "type": "Point", "coordinates": [ 73.683630600327291, 18.555016707918778 ] } },
{ "type": "Feature", "properties": { "class_id": 2, "class_name": "Vegetation", "raster_row": 734, "raster_col": 89, "block_id": 2 }, "geometry": { "type": "Point", "coordinates": [ 73.680786670087386, 18.425268636039107 ] } },
{ "type": "Feature", "properties": { "class_id": 2, "class_name": "Vegetation", "raster_row": 198, "raster_col": 70, "block_id": 6 }, "geometry": { "type": "Point", "coordinates": [ 73.671007903341703, 18.643174732193486 ] } },
{ "type": "Feature", "properties": { "class_id": 2, "class_name": "Vegetation", "raster_row": 514, "raster_col": 267, "block_id": 19 }, "geometry": { "type": "Point", "coordinates": [ 73.755978335048013, 18.515246160910884 ] } },
{ "type": "Feature", "properties": { "class_id": 2, "class_name": "Vegetation", "raster_row": 10, "raster_col": 563, "block_id": 39 }, "geometry": { "type": "Point", "coordinates": [ 73.880819085446376, 18.720998257231283 ] } },
{ "type": "Feature", "properties": { "class_id": 2, "class_name": "Vegetation", "raster_row": 856, "raster_col": 984, "block_id": 57 }, "geometry": { "type": "Point", "coordinates": [ 74.062391043775648, 18.377916763040702 ] } },
{ "type": "Feature", "properties": { "class_id": 2, "class_name": "Vegetation", "raster_row": 975, "raster_col": 529, "block_id": 32 }, "geometry": { "type": "Point", "coordinates": [ 73.86889129392604, 18.328467821707562 ] } },
{ "type": "Feature", "properties": { "class_id": 2, "class_name": "Vegetation", "raster_row": 247, "raster_col": 703, "block_id": 46 }, "geometry": { "type": "Point", "coordinates": [ 73.941171430616365, 18.624962447333637 ] } },
{ "type": "Feature", "properties": { "class_id": 2, "class_name": "Vegetation", "raster_row": 287, "raster_col": 592, "block_id": 37 }, "geometry": { "type": "Point", "coordinates": [ 73.89392704388348, 18.608422970490903 ] } },
{ "type": "Feature", "properties": { "class_id": 2, "class_name": "Vegetation", "raster_row": 770, "raster_col": 24, "block_id": 1 }, "geometry": { "type": "Point", "coordinates": [ 73.653208107665208, 18.410434885570314 ] } },
{ "type": "Feature", "properties": { "class_id": 2, "class_name": "Vegetation", "raster_row": 759, "raster_col": 690, "block_id": 41 }, "geometry": { "type": "Point", "coordinates": [ 73.936913335595293, 18.416707704197741 ] } },
{ "type": "Feature", "properties": { "class_id": 2, "class_name": "Vegetation", "raster_row": 680, "raster_col": 161, "block_id": 10 }, "geometry": { "type": "Point", "coordinates": [ 73.711298144352043, 18.447438754750824 ] } },
{ "type": "Feature", "properties": { "class_id": 2, "class_name": "Vegetation", "raster_row": 671, "raster_col": 152, "block_id": 10 }, "geometry": { "type": "Point", "coordinates": [ 73.707435857944191, 18.451072566287959 ] } },
{ "type": "Feature", "properties": { "class_id": 2, "class_name": "Vegetation", "raster_row": 238, "raster_col": 176, "block_id": 14 }, "geometry": { "type": "Point", "coordinates": [ 73.716347963442402, 18.627222994672891 ] } },
{ "type": "Feature", "properties": { "class_id": 2, "class_name": "Vegetation", "raster_row": 908, "raster_col": 864, "block_id": 48 }, "geometry": { "type": "Point", "coordinates": [ 74.011394227532378, 18.356509536925916 ] } },
{ "type": "Feature", "properties": { "class_id": 2, "class_name": "Vegetation", "raster_row": 598, "raster_col": 470, "block_id": 27 }, "geometry": { "type": "Point", "coordinates": [ 73.842743338335097, 18.481634997948014 ] } },
{ "type": "Feature", "properties": { "class_id": 2, "class_name": "Vegetation", "raster_row": 854, "raster_col": 117, "block_id": 1 }, "geometry": { "type": "Point", "coordinates": [ 73.693084028777349, 18.376552462104989 ] } },
{ "type": "Feature", "properties": { "class_id": 2, "class_name": "Vegetation", "raster_row": 743, "raster_col": 134, "block_id": 10 }, "geometry": { "type": "Point", "coordinates": [ 73.699986092133742, 18.421740960979239 ] } },
{ "type": "Feature", "properties": { "class_id": 2, "class_name": "Vegetation", "raster_row": 19, "raster_col": 551, "block_id": 39 }, "geometry": { "type": "Point", "coordinates": [ 73.875721589112288, 18.717307561511774 ] } },
{ "type": "Feature", "properties": { "class_id": 2, "class_name": "Vegetation", "raster_row": 684, "raster_col": 133, "block_id": 10 }, "geometry": { "type": "Point", "coordinates": [ 73.69937959964345, 18.445730706916638 ] } },
{ "type": "Feature", "properties": { "class_id": 2, "class_name": "Vegetation", "raster_row": 860, "raster_col": 63, "block_id": 1 }, "geometry": { "type": "Point", "coordinates": [ 73.670102993145292, 18.373953214961986 ] } },
{ "type": "Feature", "properties": { "class_id": 2, "class_name": "Vegetation", "raster_row": 603, "raster_col": 243, "block_id": 11 }, "geometry": { "type": "Point", "coordinates": [ 73.746011210619216, 18.478985843098311 ] } },
{ "type": "Feature", "properties": { "class_id": 2, "class_name": "Vegetation", "raster_row": 806, "raster_col": 619, "block_id": 33 }, "geometry": { "type": "Point", "coordinates": [ 73.906783926749938, 18.397421711988752 ] } },
{ "type": "Feature", "properties": { "class_id": 2, "class_name": "Vegetation", "raster_row": 132, "raster_col": 65, "block_id": 6 }, "geometry": { "type": "Point", "coordinates": [ 73.668665694451605, 18.669997926577043 ] } },
{ "type": "Feature", "properties": { "class_id": 2, "class_name": "Vegetation", "raster_row": 423, "raster_col": 15, "block_id": 4 }, "geometry": { "type": "Point", "coordinates": [ 73.64826842763172, 18.551513456337929 ] } },
{ "type": "Feature", "properties": { "class_id": 2, "class_name": "Vegetation", "raster_row": 744, "raster_col": 100, "block_id": 2 }, "geometry": { "type": "Point", "coordinates": [ 73.685504020702652, 18.421234602201025 ] } },
{ "type": "Feature", "properties": { "class_id": 2, "class_name": "Vegetation", "raster_row": 810, "raster_col": 930, "block_id": 57 }, "geometry": { "type": "Point", "coordinates": [ 74.039284521958336, 18.396510488172428 ] } },
{ "type": "Feature", "properties": { "class_id": 2, "class_name": "Vegetation", "raster_row": 595, "raster_col": 138, "block_id": 11 }, "geometry": { "type": "Point", "coordinates": [ 73.701237780796433, 18.481937535823985 ] } },
{ "type": "Feature", "properties": { "class_id": 2, "class_name": "Vegetation", "raster_row": 23, "raster_col": 645, "block_id": 47 }, "geometry": { "type": "Point", "coordinates": [ 73.915851256957822, 18.715917305943726 ] } },
{ "type": "Feature", "properties": { "class_id": 2, "class_name": "Vegetation", "raster_row": 628, "raster_col": 145, "block_id": 11 }, "geometry": { "type": "Point", "coordinates": [ 73.704321875804823, 18.468538378909638 ] } },
{ "type": "Feature", "properties": { "class_id": 2, "class_name": "Vegetation", "raster_row": 74, "raster_col": 227, "block_id": 15 }, "geometry": { "type": "Point", "coordinates": [ 73.737608744532935, 18.694061046170486 ] } },
{ "type": "Feature", "properties": { "class_id": 2, "class_name": "Vegetation", "raster_row": 724, "raster_col": 92, "block_id": 2 }, "geometry": { "type": "Point", "coordinates": [ 73.682033809151974, 18.42934403870726 ] } },
{ "type": "Feature", "properties": { "class_id": 2, "class_name": "Vegetation", "raster_row": 81, "raster_col": 253, "block_id": 15 }, "geometry": { "type": "Point", "coordinates": [ 73.748724349971582, 18.69128883105089 ] } },
{ "type": "Feature", "properties": { "class_id": 2, "class_name": "Vegetation", "raster_row": 774, "raster_col": 742, "block_id": 41 }, "geometry": { "type": "Point", "coordinates": [ 73.959105202937863, 18.410729982014463 ] } },
{ "type": "Feature", "properties": { "class_id": 2, "class_name": "Vegetation", "raster_row": 97, "raster_col": 162, "block_id": 15 }, "geometry": { "type": "Point", "coordinates": [ 73.709943058379196, 18.684519446880369 ] } },
{ "type": "Feature", "properties": { "class_id": 2, "class_name": "Vegetation", "raster_row": 220, "raster_col": 643, "block_id": 46 }, "geometry": { "type": "Point", "coordinates": [ 73.915507324861608, 18.635797007518775 ] } },
{ "type": "Feature", "properties": { "class_id": 2, "class_name": "Vegetation", "raster_row": 888, "raster_col": 765, "block_id": 48 }, "geometry": { "type": "Point", "coordinates": [ 73.969179996372887, 18.364420013363102 ] } },
{ "type": "Feature", "properties": { "class_id": 2, "class_name": "Vegetation", "raster_row": 806, "raster_col": 11, "block_id": 1 }, "geometry": { "type": "Point", "coordinates": [ 73.647784405257426, 18.395756222535937 ] } },
{ "type": "Feature", "properties": { "class_id": 2, "class_name": "Vegetation", "raster_row": 380, "raster_col": 373, "block_id": 20 }, "geometry": { "type": "Point", "coordinates": [ 73.800783713151773, 18.570031325097524 ] } },
{ "type": "Feature", "properties": { "class_id": 2, "class_name": "Vegetation", "raster_row": 872, "raster_col": 41, "block_id": 1 }, "geometry": { "type": "Point", "coordinates": [ 73.66077058773115, 18.369007696927415 ] } },
{ "type": "Feature", "properties": { "class_id": 2, "class_name": "Vegetation", "raster_row": 274, "raster_col": 494, "block_id": 29 }, "geometry": { "type": "Point", "coordinates": [ 73.852092143871644, 18.613459519010689 ] } },
{ "type": "Feature", "properties": { "class_id": 2, "class_name": "Vegetation", "raster_row": 386, "raster_col": 255, "block_id": 20 }, "geometry": { "type": "Point", "coordinates": [ 73.750484591651059, 18.567264769019342 ] } },
{ "type": "Feature", "properties": { "class_id": 2, "class_name": "Vegetation", "raster_row": 154, "raster_col": 12, "block_id": 6 }, "geometry": { "type": "Point", "coordinates": [ 73.646124560594203, 18.660890223737525 ] } },
{ "type": "Feature", "properties": { "class_id": 2, "class_name": "Vegetation", "raster_row": 1002, "raster_col": 548, "block_id": 32 }, "geometry": { "type": "Point", "coordinates": [ 73.877052990664851, 18.317535081748481 ] } },
{ "type": "Feature", "properties": { "class_id": 2, "class_name": "Vegetation", "raster_row": 217, "raster_col": 580, "block_id": 38 }, "geometry": { "type": "Point", "coordinates": [ 73.888623746871374, 18.636860128113721 ] } },
{ "type": "Feature", "properties": { "class_id": 2, "class_name": "Vegetation", "raster_row": 692, "raster_col": 141, "block_id": 10 }, "geometry": { "type": "Point", "coordinates": [ 73.702812778967626, 18.442500803481675 ] } },
{ "type": "Feature", "properties": { "class_id": 2, "class_name": "Vegetation", "raster_row": 769, "raster_col": 715, "block_id": 41 }, "geometry": { "type": "Point", "coordinates": [ 73.947589571113809, 18.412700086457924 ] } },
{ "type": "Feature", "properties": { "class_id": 2, "class_name": "Vegetation", "raster_row": 208, "raster_col": 902, "block_id": 62 }, "geometry": { "type": "Point", "coordinates": [ 74.025970972251926, 18.641282035746254 ] } },
{ "type": "Feature", "properties": { "class_id": 2, "class_name": "Vegetation", "raster_row": 857, "raster_col": 589, "block_id": 33 }, "geometry": { "type": "Point", "coordinates": [ 73.894136008145992, 18.37660679357661 ] } },
{ "type": "Feature", "properties": { "class_id": 2, "class_name": "Vegetation", "raster_row": 665, "raster_col": 116, "block_id": 2 }, "geometry": { "type": "Point", "coordinates": [ 73.692077508824127, 18.453407321889074 ] } },
{ "type": "Feature", "properties": { "class_id": 2, "class_name": "Vegetation", "raster_row": 72, "raster_col": 714, "block_id": 47 }, "geometry": { "type": "Point", "coordinates": [ 73.945424091906432, 18.696158083696158 ] } },
{ "type": "Feature", "properties": { "class_id": 2, "class_name": "Vegetation", "raster_row": 243, "raster_col": 290, "block_id": 22 }, "geometry": { "type": "Point", "coordinates": [ 73.764989562395201, 18.625515223611764 ] } },
{ "type": "Feature", "properties": { "class_id": 2, "class_name": "Vegetation", "raster_row": 732, "raster_col": 91, "block_id": 2 }, "geometry": { "type": "Point", "coordinates": [ 73.681632553887084, 18.426087859354528 ] } },
{ "type": "Feature", "properties": { "class_id": 2, "class_name": "Vegetation", "raster_row": 93, "raster_col": 295, "block_id": 23 }, "geometry": { "type": "Point", "coordinates": [ 73.766681684627287, 18.686527668842054 ] } },
{ "type": "Feature", "properties": { "class_id": 2, "class_name": "Vegetation", "raster_row": 860, "raster_col": 567, "block_id": 33 }, "geometry": { "type": "Point", "coordinates": [ 73.884772856313873, 18.375332057290603 ] } },
{ "type": "Feature", "properties": { "class_id": 2, "class_name": "Vegetation", "raster_row": 780, "raster_col": 106, "block_id": 1 }, "geometry": { "type": "Point", "coordinates": [ 73.688171155441481, 18.406612722291214 ] } },
{ "type": "Feature", "properties": { "class_id": 2, "class_name": "Vegetation", "raster_row": 488, "raster_col": 396, "block_id": 28 }, "geometry": { "type": "Point", "coordinates": [ 73.810895443503441, 18.526173318097069 ] } },
{ "type": "Feature", "properties": { "class_id": 2, "class_name": "Vegetation", "raster_row": 61, "raster_col": 187, "block_id": 15 }, "geometry": { "type": "Point", "coordinates": [ 73.72050036829566, 18.699231798511594 ] } },
{ "type": "Feature", "properties": { "class_id": 2, "class_name": "Vegetation", "raster_row": 247, "raster_col": 570, "block_id": 38 }, "geometry": { "type": "Point", "coordinates": [ 73.884437380714189, 18.62463462791883 ] } },
{ "type": "Feature", "properties": { "class_id": 2, "class_name": "Vegetation", "raster_row": 499, "raster_col": 54, "block_id": 4 }, "geometry": { "type": "Point", "coordinates": [ 73.665136068811208, 18.520726746023279 ] } },
{ "type": "Feature", "properties": { "class_id": 2, "class_name": "Vegetation", "raster_row": 668, "raster_col": 8, "block_id": 2 }, "geometry": { "type": "Point", "coordinates": [ 73.646067428282151, 18.451864407151529 ] } },
{ "type": "Feature", "properties": { "class_id": 2, "class_name": "Vegetation", "raster_row": 234, "raster_col": 578, "block_id": 38 }, "geometry": { "type": "Point", "coordinates": [ 73.887815534795664, 18.629941608458008 ] } },
{ "type": "Feature", "properties": { "class_id": 2, "class_name": "Vegetation", "raster_row": 157, "raster_col": 650, "block_id": 46 }, "geometry": { "type": "Point", "coordinates": [ 73.91833126285276, 18.661434952759656 ] } },
{ "type": "Feature", "properties": { "class_id": 2, "class_name": "Vegetation", "raster_row": 275, "raster_col": 749, "block_id": 45 }, "geometry": { "type": "Point", "coordinates": [ 73.960863175914938, 18.613684657105573 ] } },
{ "type": "Feature", "properties": { "class_id": 2, "class_name": "Vegetation", "raster_row": 22, "raster_col": 575, "block_id": 39 }, "geometry": { "type": "Point", "coordinates": [ 73.885972747269662, 18.716148733383193 ] } },
{ "type": "Feature", "properties": { "class_id": 2, "class_name": "Vegetation", "raster_row": 392, "raster_col": 467, "block_id": 28 }, "geometry": { "type": "Point", "coordinates": [ 73.840900363581525, 18.565401851704603 ] } },
{ "type": "Feature", "properties": { "class_id": 2, "class_name": "Vegetation", "raster_row": 77, "raster_col": 151, "block_id": 15 }, "geometry": { "type": "Point", "coordinates": [ 73.705187673126062, 18.692620023093156 ] } },
{ "type": "Feature", "properties": { "class_id": 2, "class_name": "Vegetation", "raster_row": 9, "raster_col": 541, "block_id": 39 }, "geometry": { "type": "Point", "coordinates": [ 73.871426630431884, 18.72134859261994 ] } },
{ "type": "Feature", "properties": { "class_id": 2, "class_name": "Vegetation", "raster_row": 867, "raster_col": 107, "block_id": 1 }, "geometry": { "type": "Point", "coordinates": [ 73.688864747444356, 18.371236636595668 ] } },
{ "type": "Feature", "properties": { "class_id": 2, "class_name": "Vegetation", "raster_row": 771, "raster_col": 530, "block_id": 33 }, "geometry": { "type": "Point", "coordinates": [ 73.868776532181883, 18.411433822331027 ] } },
{ "type": "Feature", "properties": { "class_id": 2, "class_name": "Vegetation", "raster_row": 770, "raster_col": 682, "block_id": 41 }, "geometry": { "type": "Point", "coordinates": [ 73.933532420122063, 18.412215002935415 ] } },
{ "type": "Feature", "properties": { "class_id": 2, "class_name": "Vegetation", "raster_row": 749, "raster_col": 59, "block_id": 2 }, "geometry": { "type": "Point", "coordinates": [ 73.668052435748024, 18.419079650222578 ] } },
{ "type": "Feature", "properties": { "class_id": 2, "class_name": "Vegetation", "raster_row": 129, "raster_col": 8, "block_id": 6 }, "geometry": { "type": "Point", "coordinates": [ 73.644337302571529, 18.671043820847498 ] } },
{ "type": "Feature", "properties": { "class_id": 2, "class_name": "Vegetation", "raster_row": 137, "raster_col": 503, "block_id": 30 }, "geometry": { "type": "Point", "coordinates": [ 73.855557819825307, 18.66919670167772 ] } },
{ "type": "Feature", "properties": { "class_id": 2, "class_name": "Vegetation", "raster_row": 761, "raster_col": 904, "block_id": 57 }, "geometry": { "type": "Point", "coordinates": [ 74.028096110809258, 18.416382650442401 ] } },
{ "type": "Feature", "properties": { "class_id": 2, "class_name": "Vegetation", "raster_row": 877, "raster_col": 122, "block_id": 1 }, "geometry": { "type": "Point", "coordinates": [ 73.69528396820283, 18.367213957408811 ] } },
{ "type": "Feature", "properties": { "class_id": 2, "class_name": "Vegetation", "raster_row": 572, "raster_col": 167, "block_id": 11 }, "geometry": { "type": "Point", "coordinates": [ 73.713527355465828, 18.491374961088397 ] } },
{ "type": "Feature", "properties": { "class_id": 2, "class_name": "Vegetation", "raster_row": 213, "raster_col": 405, "block_id": 30 }, "geometry": { "type": "Point", "coordinates": [ 73.813958798984018, 18.638030765433346 ] } },
{ "type": "Feature", "properties": { "class_id": 2, "class_name": "Vegetation", "raster_row": 833, "raster_col": 101, "block_id": 1 }, "geometry": { "type": "Point", "coordinates": [ 73.686204583050639, 18.385045306587685 ] } },
{ "type": "Feature", "properties": { "class_id": 2, "class_name": "Vegetation", "raster_row": 702, "raster_col": 129, "block_id": 10 }, "geometry": { "type": "Point", "coordinates": [ 73.697730378477104, 18.43839923027468 ] } },
{ "type": "Feature", "properties": { "class_id": 2, "class_name": "Vegetation", "raster_row": 699, "raster_col": 95, "block_id": 2 }, "geometry": { "type": "Point", "coordinates": [ 73.683234542836317, 18.43951922327409 ] } },
{ "type": "Feature", "properties": { "class_id": 2, "class_name": "Vegetation", "raster_row": 216, "raster_col": 649, "block_id": 46 }, "geometry": { "type": "Point", "coordinates": [ 73.918056625394698, 18.637438466643289 ] } },
{ "type": "Feature", "properties": { "class_id": 2, "class_name": "Vegetation", "raster_row": 655, "raster_col": 47, "block_id": 2 }, "geometry": { "type": "Point", "coordinates": [ 73.66264446943093, 18.457268745697313 ] } },
{ "type": "Feature", "properties": { "class_id": 2, "class_name": "Vegetation", "raster_row": 172, "raster_col": 550, "block_id": 38 }, "geometry": { "type": "Point", "coordinates": [ 73.875705373030016, 18.655084333207729 ] } },
{ "type": "Feature", "properties": { "class_id": 2, "class_name": "Vegetation", "raster_row": 14, "raster_col": 153, "block_id": 15 }, "geometry": { "type": "Point", "coordinates": [ 73.705846325108396, 18.718244525575717 ] } },
{ "type": "Feature", "properties": { "class_id": 2, "class_name": "Vegetation", "raster_row": 137, "raster_col": 8, "block_id": 6 }, "geometry": { "type": "Point", "coordinates": [ 73.644363158186366, 18.667790732489593 ] } },
{ "type": "Feature", "properties": { "class_id": 2, "class_name": "Vegetation", "raster_row": 719, "raster_col": 14, "block_id": 2 }, "geometry": { "type": "Point", "coordinates": [ 73.648786181393817, 18.431143666160313 ] } },
{ "type": "Feature", "properties": { "class_id": 2, "class_name": "Vegetation", "raster_row": 828, "raster_col": 630, "block_id": 41 }, "geometry": { "type": "Point", "coordinates": [ 73.911526205136397, 18.38850144763807 ] } },
{ "type": "Feature", "properties": { "class_id": 2, "class_name": "Vegetation", "raster_row": 241, "raster_col": 682, "block_id": 46 }, "geometry": { "type": "Point", "coordinates": [ 73.932198108077657, 18.627351911364613 ] } },
{ "type": "Feature", "properties": { "class_id": 2, "class_name": "Vegetation", "raster_row": 490, "raster_col": 51, "block_id": 4 }, "geometry": { "type": "Point", "coordinates": [ 73.663828819912169, 18.524377522690607 ] } },
{ "type": "Feature", "properties": { "class_id": 2, "class_name": "Vegetation", "raster_row": 486, "raster_col": 423, "block_id": 28 }, "geometry": { "type": "Point", "coordinates": [ 73.822400310550421, 18.527058724308251 ] } },
{ "type": "Feature", "properties": { "class_id": 2, "class_name": "Vegetation", "raster_row": 230, "raster_col": 42, "block_id": 6 }, "geometry": { "type": "Point", "coordinates": [ 73.65916581245466, 18.630077433435549 ] } },
{ "type": "Feature", "properties": { "class_id": 2, "class_name": "Vegetation", "raster_row": 773, "raster_col": 894, "block_id": 57 }, "geometry": { "type": "Point", "coordinates": [ 74.023862922194397, 18.411480379880238 ] } },
{ "type": "Feature", "properties": { "class_id": 2, "class_name": "Vegetation", "raster_row": 283, "raster_col": 475, "block_id": 29 }, "geometry": { "type": "Point", "coordinates": [ 73.844012719538867, 18.60974989945154 ] } },
{ "type": "Feature", "properties": { "class_id": 2, "class_name": "Vegetation", "raster_row": 655, "raster_col": 186, "block_id": 10 }, "geometry": { "type": "Point", "coordinates": [ 73.721875458931152, 18.4576772778404 ] } },
{ "type": "Feature", "properties": { "class_id": 2, "class_name": "Vegetation", "raster_row": 10, "raster_col": 548, "block_id": 39 }, "geometry": { "type": "Point", "coordinates": [ 73.87441697521507, 18.72095989902035 ] } },
{ "type": "Feature", "properties": { "class_id": 2, "class_name": "Vegetation", "raster_row": 580, "raster_col": 644, "block_id": 43 }, "geometry": { "type": "Point", "coordinates": [ 73.916858261358612, 18.489393953517549 ] } },
{ "type": "Feature", "properties": { "class_id": 2, "class_name": "Vegetation", "raster_row": 505, "raster_col": 152, "block_id": 11 }, "geometry": { "type": "Point", "coordinates": [ 73.706929642129396, 18.518577189601395 ] } },
{ "type": "Feature", "properties": { "class_id": 2, "class_name": "Vegetation", "raster_row": 246, "raster_col": 558, "block_id": 38 }, "geometry": { "type": "Point", "coordinates": [ 73.879315912732366, 18.625010883457243 ] } },
{ "type": "Feature", "properties": { "class_id": 2, "class_name": "Vegetation", "raster_row": 254, "raster_col": 601, "block_id": 37 }, "geometry": { "type": "Point", "coordinates": [ 73.897679348546419, 18.621865827507385 ] } },
{ "type": "Feature", "properties": { "class_id": 2, "class_name": "Vegetation", "raster_row": 289, "raster_col": 748, "block_id": 45 }, "geometry": { "type": "Point", "coordinates": [ 73.960471206381541, 18.60798870186721 ] } },
{ "type": "Feature", "properties": { "class_id": 2, "class_name": "Vegetation", "raster_row": 741, "raster_col": 23, "block_id": 2 }, "geometry": { "type": "Point", "coordinates": [ 73.65269031510708, 18.422224667456241 ] } },
{ "type": "Feature", "properties": { "class_id": 2, "class_name": "Vegetation", "raster_row": 639, "raster_col": 169, "block_id": 10 }, "geometry": { "type": "Point", "coordinates": [ 73.714582854239495, 18.464134811192434 ] } },
{ "type": "Feature", "properties": { "class_id": 2, "class_name": "Vegetation", "raster_row": 71, "raster_col": 393, "block_id": 31 }, "geometry": { "type": "Point", "coordinates": [ 73.808436453302392, 18.6957444419849 ] } },
{ "type": "Feature", "properties": { "class_id": 2, "class_name": "Vegetation", "raster_row": 223, "raster_col": 611, "block_id": 38 }, "geometry": { "type": "Point", "coordinates": [ 73.901864009418972, 18.634497759136124 ] } },
{ "type": "Feature", "properties": { "class_id": 2, "class_name": "Vegetation", "raster_row": 43, "raster_col": 618, "block_id": 39 }, "geometry": { "type": "Point", "coordinates": [ 73.90438004766942, 18.707716797871946 ] } },
{ "type": "Feature", "properties": { "class_id": 2, "class_name": "Vegetation", "raster_row": 422, "raster_col": 85, "block_id": 4 }, "geometry": { "type": "Point", "coordinates": [ 73.678109812296853, 18.552131444064141 ] } },
{ "type": "Feature", "properties": { "class_id": 2, "class_name": "Vegetation", "raster_row": 661, "raster_col": 3, "block_id": 2 }, "geometry": { "type": "Point", "coordinates": [ 73.643914577651543, 18.454695702172685 ] } },
{ "type": "Feature", "properties": { "class_id": 2, "class_name": "Vegetation", "raster_row": 798, "raster_col": 546, "block_id": 33 }, "geometry": { "type": "Point", "coordinates": [ 73.875664413988872, 18.400493837619422 ] } },
{ "type": "Feature", "properties": { "class_id": 2, "class_name": "Vegetation", "raster_row": 895, "raster_col": 545, "block_id": 32 }, "geometry": { "type": "Point", "coordinates": [ 73.875494175757083, 18.361042956811101 ] } },
{ "type": "Feature", "properties": { "class_id": 2, "class_name": "Vegetation", "raster_row": 227, "raster_col": 691, "block_id": 46 }, "geometry": { "type": "Point", "coordinates": [ 73.936001905457147, 18.63306720639849 ] } },
{ "type": "Feature", "properties": { "class_id": 2, "class_name": "Vegetation", "raster_row": 214, "raster_col": 907, "block_id": 62 }, "geometry": { "type": "Point", "coordinates": [ 74.028117993368539, 18.638852916732212 ] } },
{ "type": "Feature", "properties": { "class_id": 2, "class_name": "Vegetation", "raster_row": 33, "raster_col": 71, "block_id": 7 }, "geometry": { "type": "Point", "coordinates": [ 73.670911540437544, 18.710273382613767 ] } },
{ "type": "Feature", "properties": { "class_id": 2, "class_name": "Vegetation", "raster_row": 129, "raster_col": 252, "block_id": 14 }, "geometry": { "type": "Point", "coordinates": [ 73.748440969066095, 18.67176666828145 ] } },
{ "type": "Feature", "properties": { "class_id": 2, "class_name": "Vegetation", "raster_row": 693, "raster_col": 49, "block_id": 2 }, "geometry": { "type": "Point", "coordinates": [ 73.663616248205003, 18.441822103444775 ] } },
{ "type": "Feature", "properties": { "class_id": 2, "class_name": "Vegetation", "raster_row": 777, "raster_col": 983, "block_id": 57 }, "geometry": { "type": "Point", "coordinates": [ 74.061791162771314, 18.410044559123723 ] } },
{ "type": "Feature", "properties": { "class_id": 2, "class_name": "Vegetation", "raster_row": 789, "raster_col": 49, "block_id": 1 }, "geometry": { "type": "Point", "coordinates": [ 73.66391773203803, 18.402783710653292 ] } },
{ "type": "Feature", "properties": { "class_id": 2, "class_name": "Vegetation", "raster_row": 358, "raster_col": 858, "block_id": 53 }, "geometry": { "type": "Point", "coordinates": [ 74.00755317780029, 18.580180100750191 ] } },
{ "type": "Feature", "properties": { "class_id": 2, "class_name": "Vegetation", "raster_row": 764, "raster_col": 525, "block_id": 33 }, "geometry": { "type": "Point", "coordinates": [ 73.866627712660659, 18.414267899578544 ] } },
{ "type": "Feature", "properties": { "class_id": 2, "class_name": "Vegetation", "raster_row": 204, "raster_col": 860, "block_id": 54 }, "geometry": { "type": "Point", "coordinates": [ 74.00804319633383, 18.642815117497747 ] } },
{ "type": "Feature", "properties": { "class_id": 2, "class_name": "Vegetation", "raster_row": 763, "raster_col": 544, "block_id": 33 }, "geometry": { "type": "Point", "coordinates": [ 73.874719909248824, 18.414722698456817 ] } },
{ "type": "Feature", "properties": { "class_id": 2, "class_name": "Vegetation", "raster_row": 682, "raster_col": 4, "block_id": 2 }, "geometry": { "type": "Point", "coordinates": [ 73.644407700713856, 18.446159194089237 ] } },
{ "type": "Feature", "properties": { "class_id": 2, "class_name": "Vegetation", "raster_row": 219, "raster_col": 614, "block_id": 38 }, "geometry": { "type": "Point", "coordinates": [ 73.903133353323568, 18.636131935544174 ] } },
{ "type": "Feature", "properties": { "class_id": 3, "class_name": "Water", "raster_row": 738, "raster_col": 244, "block_id": 10 }, "geometry": { "type": "Point", "coordinates": [ 73.746835744460697, 18.424089288603756 ] } },
{ "type": "Feature", "properties": { "class_id": 3, "class_name": "Water", "raster_row": 751, "raster_col": 242, "block_id": 10 }, "geometry": { "type": "Point", "coordinates": [ 73.746021958322046, 18.418797041637522 ] } },
{ "type": "Feature", "properties": { "class_id": 3, "class_name": "Water", "raster_row": 720, "raster_col": 249, "block_id": 10 }, "geometry": { "type": "Point", "coordinates": [ 73.74891304835721, 18.431423275855462 ] } },
{ "type": "Feature", "properties": { "class_id": 3, "class_name": "Water", "raster_row": 812, "raster_col": 107, "block_id": 1 }, "geometry": { "type": "Point", "coordinates": [ 73.688695648230365, 18.393602703018576 ] } },
{ "type": "Feature", "properties": { "class_id": 3, "class_name": "Water", "raster_row": 730, "raster_col": 283, "block_id": 18 }, "geometry": { "type": "Point", "coordinates": [ 73.763428461900844, 18.427451537977081 ] } },
{ "type": "Feature", "properties": { "class_id": 3, "class_name": "Water", "raster_row": 722, "raster_col": 242, "block_id": 10 }, "geometry": { "type": "Point", "coordinates": [ 73.745936475601695, 18.430590271151857 ] } },
{ "type": "Feature", "properties": { "class_id": 3, "class_name": "Water", "raster_row": 506, "raster_col": 821, "block_id": 51 }, "geometry": { "type": "Point", "coordinates": [ 73.992126952370327, 18.51990591127554 ] } },
{ "type": "Feature", "properties": { "class_id": 3, "class_name": "Water", "raster_row": 560, "raster_col": 219, "block_id": 11 }, "geometry": { "type": "Point", "coordinates": [ 73.735654553058808, 18.496404179638613 ] } },
{ "type": "Feature", "properties": { "class_id": 3, "class_name": "Water", "raster_row": 241, "raster_col": 16, "block_id": 6 }, "geometry": { "type": "Point", "coordinates": [ 73.648111045226713, 18.625525028581514 ] } },
{ "type": "Feature", "properties": { "class_id": 3, "class_name": "Water", "raster_row": 794, "raster_col": 127, "block_id": 1 }, "geometry": { "type": "Point", "coordinates": [ 73.69715991691767, 18.400981074344912 ] } },
{ "type": "Feature", "properties": { "class_id": 3, "class_name": "Water", "raster_row": 809, "raster_col": 103, "block_id": 1 }, "geometry": { "type": "Point", "coordinates": [ 73.686982548875449, 18.394810911204949 ] } },
{ "type": "Feature", "properties": { "class_id": 3, "class_name": "Water", "raster_row": 701, "raster_col": 279, "block_id": 18 }, "geometry": { "type": "Point", "coordinates": [ 73.761639767366319, 18.439233720608271 ] } },
{ "type": "Feature", "properties": { "class_id": 3, "class_name": "Water", "raster_row": 156, "raster_col": 510, "block_id": 38 }, "geometry": { "type": "Point", "coordinates": [ 73.858596234856165, 18.661488160427233 ] } },
{ "type": "Feature", "properties": { "class_id": 3, "class_name": "Water", "raster_row": 541, "raster_col": 863, "block_id": 51 }, "geometry": { "type": "Point", "coordinates": [ 74.010114389765235, 18.505766145302893 ] } },
{ "type": "Feature", "properties": { "class_id": 3, "class_name": "Water", "raster_row": 714, "raster_col": 270, "block_id": 18 }, "geometry": { "type": "Point", "coordinates": [ 73.757842955461783, 18.43392201966758 ] } },
{ "type": "Feature", "properties": { "class_id": 3, "class_name": "Water", "raster_row": 704, "raster_col": 288, "block_id": 18 }, "geometry": { "type": "Point", "coordinates": [ 73.76548328219009, 18.438038710095675 ] } },
{ "type": "Feature", "properties": { "class_id": 3, "class_name": "Water", "raster_row": 719, "raster_col": 257, "block_id": 18 }, "geometry": { "type": "Point", "coordinates": [ 73.752318656687081, 18.431852372671472 ] } },
{ "type": "Feature", "properties": { "class_id": 3, "class_name": "Water", "raster_row": 749, "raster_col": 237, "block_id": 10 }, "geometry": { "type": "Point", "coordinates": [ 73.743885876392739, 18.419596292774937 ] } },
{ "type": "Feature", "properties": { "class_id": 3, "class_name": "Water", "raster_row": 701, "raster_col": 286, "block_id": 18 }, "geometry": { "type": "Point", "coordinates": [ 73.764622390772317, 18.439253160875932 ] } },
{ "type": "Feature", "properties": { "class_id": 3, "class_name": "Water", "raster_row": 158, "raster_col": 885, "block_id": 62 }, "geometry": { "type": "Point", "coordinates": [ 74.018601438958271, 18.661578888646964 ] } },
{ "type": "Feature", "properties": { "class_id": 3, "class_name": "Water", "raster_row": 718, "raster_col": 277, "block_id": 18 }, "geometry": { "type": "Point", "coordinates": [ 73.760837139763197, 18.432314854061808 ] } },
{ "type": "Feature", "properties": { "class_id": 3, "class_name": "Water", "raster_row": 704, "raster_col": 296, "block_id": 18 }, "geometry": { "type": "Point", "coordinates": [ 73.768891976350531, 18.438060853308198 ] } },
{ "type": "Feature", "properties": { "class_id": 3, "class_name": "Water", "raster_row": 813, "raster_col": 94, "block_id": 1 }, "geometry": { "type": "Point", "coordinates": [ 73.683161207975374, 18.393157783644124 ] } },
{ "type": "Feature", "properties": { "class_id": 3, "class_name": "Water", "raster_row": 705, "raster_col": 291, "block_id": 18 }, "geometry": { "type": "Point", "coordinates": [ 73.766764442985917, 18.437640355226989 ] } },
{ "type": "Feature", "properties": { "class_id": 3, "class_name": "Water", "raster_row": 702, "raster_col": 301, "block_id": 18 }, "geometry": { "type": "Point", "coordinates": [ 73.771016630354637, 18.438887994481952 ] } },
{ "type": "Feature", "properties": { "class_id": 3, "class_name": "Water", "raster_row": 705, "raster_col": 289, "block_id": 18 }, "geometry": { "type": "Point", "coordinates": [ 73.765912271750707, 18.437634815730178 ] } },
{ "type": "Feature", "properties": { "class_id": 3, "class_name": "Water", "raster_row": 724, "raster_col": 245, "block_id": 10 }, "geometry": { "type": "Point", "coordinates": [ 73.747220562197043, 18.429785384290724 ] } },
{ "type": "Feature", "properties": { "class_id": 3, "class_name": "Water", "raster_row": 161, "raster_col": 927, "block_id": 62 }, "geometry": { "type": "Point", "coordinates": [ 74.036528854007457, 18.66045158160826 ] } },
{ "type": "Feature", "properties": { "class_id": 3, "class_name": "Water", "raster_row": 812, "raster_col": 111, "block_id": 1 }, "geometry": { "type": "Point", "coordinates": [ 73.690399506320276, 18.393614444447497 ] } },
{ "type": "Feature", "properties": { "class_id": 3, "class_name": "Water", "raster_row": 712, "raster_col": 296, "block_id": 18 }, "geometry": { "type": "Point", "coordinates": [ 73.768915142583509, 18.434807524244118 ] } },
{ "type": "Feature", "properties": { "class_id": 3, "class_name": "Water", "raster_row": 726, "raster_col": 238, "block_id": 10 }, "geometry": { "type": "Point", "coordinates": [ 73.744244027016578, 18.42895235507709 ] } },
{ "type": "Feature", "properties": { "class_id": 3, "class_name": "Water", "raster_row": 730, "raster_col": 284, "block_id": 18 }, "geometry": { "type": "Point", "coordinates": [ 73.763854521993693, 18.427454312302331 ] } },
{ "type": "Feature", "properties": { "class_id": 3, "class_name": "Water", "raster_row": 743, "raster_col": 241, "block_id": 10 }, "geometry": { "type": "Point", "coordinates": [ 73.745572339436336, 18.422047534238221 ] } },
{ "type": "Feature", "properties": { "class_id": 3, "class_name": "Water", "raster_row": 721, "raster_col": 291, "block_id": 18 }, "geometry": { "type": "Point", "coordinates": [ 73.766810849548619, 18.431133700894073 ] } },
{ "type": "Feature", "properties": { "class_id": 3, "class_name": "Water", "raster_row": 727, "raster_col": 281, "block_id": 18 }, "geometry": { "type": "Point", "coordinates": [ 73.76256761418523, 18.428665983013641 ] } },
{ "type": "Feature", "properties": { "class_id": 3, "class_name": "Water", "raster_row": 252, "raster_col": 44, "block_id": 6 }, "geometry": { "type": "Point", "coordinates": [ 73.660089004530874, 18.621137420031509 ] } },
{ "type": "Feature", "properties": { "class_id": 3, "class_name": "Water", "raster_row": 712, "raster_col": 283, "block_id": 18 }, "geometry": { "type": "Point", "coordinates": [ 73.763376121192508, 18.434771517249359 ] } },
{ "type": "Feature", "properties": { "class_id": 3, "class_name": "Water", "raster_row": 715, "raster_col": 255, "block_id": 18 }, "geometry": { "type": "Point", "coordinates": [ 73.751454774022662, 18.433473424415567 ] } },
{ "type": "Feature", "properties": { "class_id": 3, "class_name": "Water", "raster_row": 816, "raster_col": 117, "block_id": 1 }, "geometry": { "type": "Point", "coordinates": [ 73.692967562200153, 18.392005404020157 ] } },
{ "type": "Feature", "properties": { "class_id": 3, "class_name": "Water", "raster_row": 712, "raster_col": 288, "block_id": 18 }, "geometry": { "type": "Point", "coordinates": [ 73.765506512526116, 18.434785385211871 ] } },
{ "type": "Feature", "properties": { "class_id": 3, "class_name": "Water", "raster_row": 252, "raster_col": 46, "block_id": 6 }, "geometry": { "type": "Point", "coordinates": [ 73.660942049929261, 18.621143492253111 ] } },
{ "type": "Feature", "properties": { "class_id": 3, "class_name": "Water", "raster_row": 997, "raster_col": 572, "block_id": 32 }, "geometry": { "type": "Point", "coordinates": [ 73.887259400080936, 18.319628379706778 ] } },
{ "type": "Feature", "properties": { "class_id": 3, "class_name": "Water", "raster_row": 249, "raster_col": 27, "block_id": 6 }, "geometry": { "type": "Point", "coordinates": [ 73.652828523192852, 18.622305568722698 ] } },
{ "type": "Feature", "properties": { "class_id": 3, "class_name": "Water", "raster_row": 715, "raster_col": 252, "block_id": 10 }, "geometry": { "type": "Point", "coordinates": [ 73.750176555527688, 18.433465012466883 ] } },
{ "type": "Feature", "properties": { "class_id": 3, "class_name": "Water", "raster_row": 714, "raster_col": 291, "block_id": 18 }, "geometry": { "type": "Point", "coordinates": [ 73.766790549052573, 18.433980362726746 ] } },
{ "type": "Feature", "properties": { "class_id": 3, "class_name": "Water", "raster_row": 798, "raster_col": 128, "block_id": 1 }, "geometry": { "type": "Point", "coordinates": [ 73.697598129029615, 18.399357367584109 ] } },
{ "type": "Feature", "properties": { "class_id": 3, "class_name": "Water", "raster_row": 733, "raster_col": 236, "block_id": 10 }, "geometry": { "type": "Point", "coordinates": [ 73.743412585466544, 18.426100079094379 ] } },
{ "type": "Feature", "properties": { "class_id": 3, "class_name": "Water", "raster_row": 724, "raster_col": 249, "block_id": 10 }, "geometry": { "type": "Point", "coordinates": [ 73.748924815489801, 18.429796622685856 ] } },
{ "type": "Feature", "properties": { "class_id": 3, "class_name": "Water", "raster_row": 710, "raster_col": 286, "block_id": 18 }, "geometry": { "type": "Point", "coordinates": [ 73.764648544628827, 18.435593171960921 ] } },
{ "type": "Feature", "properties": { "class_id": 3, "class_name": "Water", "raster_row": 746, "raster_col": 231, "block_id": 10 }, "geometry": { "type": "Point", "coordinates": [ 73.741320779031795, 18.420799358289685 ] } },
{ "type": "Feature", "properties": { "class_id": 3, "class_name": "Water", "raster_row": 728, "raster_col": 251, "block_id": 10 }, "geometry": { "type": "Point", "coordinates": [ 73.749788700495159, 18.428175582164432 ] } },
{ "type": "Feature", "properties": { "class_id": 3, "class_name": "Water", "raster_row": 720, "raster_col": 257, "block_id": 18 }, "geometry": { "type": "Point", "coordinates": [ 73.752321590651221, 18.431445708894152 ] } },
{ "type": "Feature", "properties": { "class_id": 3, "class_name": "Water", "raster_row": 707, "raster_col": 256, "block_id": 18 }, "geometry": { "type": "Point", "coordinates": [ 73.75185736209454, 18.436729534962499 ] } },
{ "type": "Feature", "properties": { "class_id": 3, "class_name": "Water", "raster_row": 710, "raster_col": 284, "block_id": 18 }, "geometry": { "type": "Point", "coordinates": [ 73.763796384164792, 18.435587623558103 ] } },
{ "type": "Feature", "properties": { "class_id": 3, "class_name": "Water", "raster_row": 725, "raster_col": 272, "block_id": 18 }, "geometry": { "type": "Point", "coordinates": [ 73.758727214186123, 18.42945428188132 ] } },
{ "type": "Feature", "properties": { "class_id": 3, "class_name": "Water", "raster_row": 242, "raster_col": 11, "block_id": 6 }, "geometry": { "type": "Point", "coordinates": [ 73.645981608886487, 18.625103053694488 ] } },
{ "type": "Feature", "properties": { "class_id": 3, "class_name": "Water", "raster_row": 69, "raster_col": 847, "block_id": 55 }, "geometry": { "type": "Point", "coordinates": [ 74.002175890245127, 18.697688717455986 ] } },
{ "type": "Feature", "properties": { "class_id": 3, "class_name": "Water", "raster_row": 707, "raster_col": 294, "block_id": 18 }, "geometry": { "type": "Point", "coordinates": [ 73.768048496270225, 18.436835325367962 ] } },
{ "type": "Feature", "properties": { "class_id": 3, "class_name": "Water", "raster_row": 719, "raster_col": 272, "block_id": 18 }, "geometry": { "type": "Point", "coordinates": [ 73.758709701655562, 18.43189427074693 ] } },
{ "type": "Feature", "properties": { "class_id": 3, "class_name": "Water", "raster_row": 251, "raster_col": 43, "block_id": 6 }, "geometry": { "type": "Point", "coordinates": [ 73.65965929533219, 18.621541023163829 ] } },
{ "type": "Feature", "properties": { "class_id": 3, "class_name": "Water", "raster_row": 808, "raster_col": 92, "block_id": 1 }, "geometry": { "type": "Point", "coordinates": [ 73.682293824318819, 18.395185153510749 ] } },
{ "type": "Feature", "properties": { "class_id": 3, "class_name": "Water", "raster_row": 753, "raster_col": 243, "block_id": 10 }, "geometry": { "type": "Point", "coordinates": [ 73.746453885261872, 18.417986526883617 ] } },
{ "type": "Feature", "properties": { "class_id": 3, "class_name": "Water", "raster_row": 742, "raster_col": 231, "block_id": 10 }, "geometry": { "type": "Point", "coordinates": [ 73.741308946583871, 18.422426008243409 ] } },
{ "type": "Feature", "properties": { "class_id": 3, "class_name": "Water", "raster_row": 250, "raster_col": 30, "block_id": 6 }, "geometry": { "type": "Point", "coordinates": [ 73.654111296290893, 18.621908085790125 ] } },
{ "type": "Feature", "properties": { "class_id": 3, "class_name": "Water", "raster_row": 540, "raster_col": 859, "block_id": 51 }, "geometry": { "type": "Point", "coordinates": [ 74.008406891285773, 18.506163912311305 ] } },
{ "type": "Feature", "properties": { "class_id": 3, "class_name": "Water", "raster_row": 812, "raster_col": 93, "block_id": 1 }, "geometry": { "type": "Point", "coordinates": [ 73.682732155019792, 18.393561487873445 ] } },
{ "type": "Feature", "properties": { "class_id": 3, "class_name": "Water", "raster_row": 720, "raster_col": 289, "block_id": 18 }, "geometry": { "type": "Point", "coordinates": [ 73.765955808513496, 18.431534829387697 ] } },
{ "type": "Feature", "properties": { "class_id": 3, "class_name": "Water", "raster_row": 711, "raster_col": 467, "block_id": 26 }, "geometry": { "type": "Point", "coordinates": [ 73.841773016168716, 18.435672792538032 ] } },
{ "type": "Feature", "properties": { "class_id": 3, "class_name": "Water", "raster_row": 720, "raster_col": 268, "block_id": 18 }, "geometry": { "type": "Point", "coordinates": [ 73.757008344274055, 18.431476454450085 ] } },
{ "type": "Feature", "properties": { "class_id": 3, "class_name": "Water", "raster_row": 561, "raster_col": 217, "block_id": 11 }, "geometry": { "type": "Point", "coordinates": [ 73.734805088121192, 18.495991824767067 ] } },
{ "type": "Feature", "properties": { "class_id": 3, "class_name": "Water", "raster_row": 710, "raster_col": 256, "block_id": 18 }, "geometry": { "type": "Point", "coordinates": [ 73.751866169509086, 18.435509544418021 ] } },
{ "type": "Feature", "properties": { "class_id": 3, "class_name": "Water", "raster_row": 743, "raster_col": 236, "block_id": 10 }, "geometry": { "type": "Point", "coordinates": [ 73.74344212116371, 18.422033451949741 ] } },
{ "type": "Feature", "properties": { "class_id": 3, "class_name": "Water", "raster_row": 716, "raster_col": 257, "block_id": 18 }, "geometry": { "type": "Point", "coordinates": [ 73.752309854336971, 18.433072363896315 ] } },
{ "type": "Feature", "properties": { "class_id": 3, "class_name": "Water", "raster_row": 734, "raster_col": 242, "block_id": 10 }, "geometry": { "type": "Point", "coordinates": [ 73.745971855580962, 18.425710315932051 ] } },
{ "type": "Feature", "properties": { "class_id": 3, "class_name": "Water", "raster_row": 808, "raster_col": 80, "block_id": 1 }, "geometry": { "type": "Point", "coordinates": [ 73.677182224286213, 18.395149662696273 ] } },
{ "type": "Feature", "properties": { "class_id": 3, "class_name": "Water", "raster_row": 73, "raster_col": 848, "block_id": 55 }, "geometry": { "type": "Point", "coordinates": [ 74.002612183291205, 18.696064238258995 ] } },
{ "type": "Feature", "properties": { "class_id": 3, "class_name": "Water", "raster_row": 709, "raster_col": 467, "block_id": 26 }, "geometry": { "type": "Point", "coordinates": [ 73.84176756746902, 18.436486146522995 ] } },
{ "type": "Feature", "properties": { "class_id": 3, "class_name": "Water", "raster_row": 810, "raster_col": 101, "block_id": 1 }, "geometry": { "type": "Point", "coordinates": [ 73.686133697886504, 18.394398371923494 ] } },
{ "type": "Feature", "properties": { "class_id": 3, "class_name": "Water", "raster_row": 724, "raster_col": 239, "block_id": 10 }, "geometry": { "type": "Point", "coordinates": [ 73.744664184556086, 18.429768498029574 ] } },
{ "type": "Feature", "properties": { "class_id": 3, "class_name": "Water", "raster_row": 704, "raster_col": 284, "block_id": 18 }, "geometry": { "type": "Point", "coordinates": [ 73.763778936920716, 18.438027615543024 ] } },
{ "type": "Feature", "properties": { "class_id": 3, "class_name": "Water", "raster_row": 251, "raster_col": 52, "block_id": 6 }, "geometry": { "type": "Point", "coordinates": [ 73.663498010593159, 18.621568327062157 ] } },
{ "type": "Feature", "properties": { "class_id": 3, "class_name": "Water", "raster_row": 697, "raster_col": 291, "block_id": 18 }, "geometry": { "type": "Point", "coordinates": [ 73.766741232465634, 18.440893680680421 ] } },
{ "type": "Feature", "properties": { "class_id": 3, "class_name": "Water", "raster_row": 708, "raster_col": 300, "block_id": 18 }, "geometry": { "type": "Point", "coordinates": [ 73.770607892930272, 18.436445236535754 ] } },
{ "type": "Feature", "properties": { "class_id": 3, "class_name": "Water", "raster_row": 559, "raster_col": 886, "block_id": 59 }, "geometry": { "type": "Point", "coordinates": [ 74.01996071383796, 18.498496628627326 ] } },
{ "type": "Feature", "properties": { "class_id": 3, "class_name": "Water", "raster_row": 813, "raster_col": 118, "block_id": 1 }, "geometry": { "type": "Point", "coordinates": [ 73.693384326764019, 18.393228299203578 ] } },
{ "type": "Feature", "properties": { "class_id": 3, "class_name": "Water", "raster_row": 695, "raster_col": 281, "block_id": 18 }, "geometry": { "type": "Point", "coordinates": [ 73.762474475744511, 18.441679269592797 ] } },
{ "type": "Feature", "properties": { "class_id": 3, "class_name": "Water", "raster_row": 727, "raster_col": 282, "block_id": 18 }, "geometry": { "type": "Point", "coordinates": [ 73.762993677130055, 18.428668759446552 ] } },
{ "type": "Feature", "properties": { "class_id": 3, "class_name": "Water", "raster_row": 700, "raster_col": 286, "block_id": 18 }, "geometry": { "type": "Point", "coordinates": [ 73.764619484410545, 18.4396598262217 ] } },
{ "type": "Feature", "properties": { "class_id": 3, "class_name": "Water", "raster_row": 806, "raster_col": 125, "block_id": 1 }, "geometry": { "type": "Point", "coordinates": [ 73.696344665734685, 18.396095358034014 ] } },
{ "type": "Feature", "properties": { "class_id": 3, "class_name": "Water", "raster_row": 740, "raster_col": 245, "block_id": 10 }, "geometry": { "type": "Point", "coordinates": [ 73.747267682550969, 18.423278773001165 ] } },
{ "type": "Feature", "properties": { "class_id": 3, "class_name": "Water", "raster_row": 711, "raster_col": 266, "block_id": 18 }, "geometry": { "type": "Point", "coordinates": [ 73.756129879255909, 18.435130851649905 ] } },
{ "type": "Feature", "properties": { "class_id": 3, "class_name": "Water", "raster_row": 249, "raster_col": 26, "block_id": 6 }, "geometry": { "type": "Point", "coordinates": [ 73.652401998979173, 18.622302514524488 ] } },
{ "type": "Feature", "properties": { "class_id": 3, "class_name": "Water", "raster_row": 250, "raster_col": 44, "block_id": 6 }, "geometry": { "type": "Point", "coordinates": [ 73.660082633229578, 18.621950701540168 ] } },
{ "type": "Feature", "properties": { "class_id": 3, "class_name": "Water", "raster_row": 813, "raster_col": 121, "block_id": 1 }, "geometry": { "type": "Point", "coordinates": [ 73.694662219852574, 18.393237075031507 ] } },
{ "type": "Feature", "properties": { "class_id": 3, "class_name": "Water", "raster_row": 710, "raster_col": 272, "block_id": 18 }, "geometry": { "type": "Point", "coordinates": [ 73.758683427737068, 18.435554252840735 ] } },
{ "type": "Feature", "properties": { "class_id": 3, "class_name": "Water", "raster_row": 752, "raster_col": 242, "block_id": 10 }, "geometry": { "type": "Point", "coordinates": [ 73.746024904852263, 18.418390378283121 ] } },
{ "type": "Feature", "properties": { "class_id": 3, "class_name": "Water", "raster_row": 722, "raster_col": 257, "block_id": 18 }, "geometry": { "type": "Point", "coordinates": [ 73.752327458350649, 18.430632381285967 ] } },
{ "type": "Feature", "properties": { "class_id": 3, "class_name": "Water", "raster_row": 711, "raster_col": 259, "block_id": 18 }, "geometry": { "type": "Point", "coordinates": [ 73.753147336589578, 18.435111282139374 ] } },
{ "type": "Feature", "properties": { "class_id": 3, "class_name": "Water", "raster_row": 740, "raster_col": 237, "block_id": 10 }, "geometry": { "type": "Point", "coordinates": [ 73.743859307764168, 18.423256258848294 ] } },
{ "type": "Feature", "properties": { "class_id": 3, "class_name": "Water", "raster_row": 807, "raster_col": 106, "block_id": 1 }, "geometry": { "type": "Point", "coordinates": [ 73.688254294244715, 18.395633041017078 ] } },
{ "type": "Feature", "properties": { "class_id": 3, "class_name": "Water", "raster_row": 807, "raster_col": 109, "block_id": 1 }, "geometry": { "type": "Point", "coordinates": [ 73.689532202434052, 18.395641852421338 ] } },
{ "type": "Feature", "properties": { "class_id": 3, "class_name": "Water", "raster_row": 722, "raster_col": 264, "block_id": 18 }, "geometry": { "type": "Point", "coordinates": [ 73.75530992284564, 18.430651959095481 ] } },
{ "type": "Feature", "properties": { "class_id": 3, "class_name": "Water", "raster_row": 261, "raster_col": 869, "block_id": 53 }, "geometry": { "type": "Point", "coordinates": [ 74.012016844880563, 18.619653930155646 ] } },
{ "type": "Feature", "properties": { "class_id": 3, "class_name": "Water", "raster_row": 708, "raster_col": 259, "block_id": 18 }, "geometry": { "type": "Point", "coordinates": [ 73.753138538417872, 18.436331273332264 ] } },
{ "type": "Feature", "properties": { "class_id": 3, "class_name": "Water", "raster_row": 732, "raster_col": 248, "block_id": 10 }, "geometry": { "type": "Point", "coordinates": [ 73.748522290654194, 18.426540507854806 ] } },
{ "type": "Feature", "properties": { "class_id": 3, "class_name": "Water", "raster_row": 746, "raster_col": 242, "block_id": 10 }, "geometry": { "type": "Point", "coordinates": [ 73.746007224521264, 18.420830358141892 ] } },
{ "type": "Feature", "properties": { "class_id": 3, "class_name": "Water", "raster_row": 720, "raster_col": 262, "block_id": 18 }, "geometry": { "type": "Point", "coordinates": [ 73.754451932064924, 18.43145969848263 ] } },
{ "type": "Feature", "properties": { "class_id": 3, "class_name": "Water", "raster_row": 697, "raster_col": 282, "block_id": 18 }, "geometry": { "type": "Point", "coordinates": [ 73.762906392156808, 18.440868718116501 ] } },
{ "type": "Feature", "properties": { "class_id": 3, "class_name": "Water", "raster_row": 744, "raster_col": 240, "block_id": 10 }, "geometry": { "type": "Point", "coordinates": [ 73.745149244773046, 18.421638056612156 ] } },
{ "type": "Feature", "properties": { "class_id": 3, "class_name": "Water", "raster_row": 714, "raster_col": 273, "block_id": 18 }, "geometry": { "type": "Point", "coordinates": [ 73.759121181072658, 18.433930380198689 ] } },
{ "type": "Feature", "properties": { "class_id": 3, "class_name": "Water", "raster_row": 706, "raster_col": 466, "block_id": 26 }, "geometry": { "type": "Point", "coordinates": [ 73.84133329636397, 18.437703576438871 ] } },
{ "type": "Feature", "properties": { "class_id": 3, "class_name": "Water", "raster_row": 723, "raster_col": 288, "block_id": 18 }, "geometry": { "type": "Point", "coordinates": [ 73.765538446350561, 18.430312061632048 ] } },
{ "type": "Feature", "properties": { "class_id": 3, "class_name": "Water", "raster_row": 810, "raster_col": 106, "block_id": 1 }, "geometry": { "type": "Point", "coordinates": [ 73.68826352828313, 18.39441307562695 ] } },
{ "type": "Feature", "properties": { "class_id": 3, "class_name": "Water", "raster_row": 813, "raster_col": 89, "block_id": 1 }, "geometry": { "type": "Point", "coordinates": [ 73.681031397381162, 18.393143023773973 ] } },
{ "type": "Feature", "properties": { "class_id": 3, "class_name": "Water", "raster_row": 187, "raster_col": 960, "block_id": 62 }, "geometry": { "type": "Point", "coordinates": [ 74.05066804236742, 18.649949200357799 ] } },
{ "type": "Feature", "properties": { "class_id": 3, "class_name": "Water", "raster_row": 746, "raster_col": 233, "block_id": 10 }, "geometry": { "type": "Point", "coordinates": [ 73.742172859338481, 18.420805003222458 ] } },
{ "type": "Feature", "properties": { "class_id": 3, "class_name": "Water", "raster_row": 724, "raster_col": 289, "block_id": 18 }, "geometry": { "type": "Point", "coordinates": [ 73.765967415449779, 18.429908165685056 ] } },
{ "type": "Feature", "properties": { "class_id": 3, "class_name": "Water", "raster_row": 250, "raster_col": 31, "block_id": 6 }, "geometry": { "type": "Point", "coordinates": [ 73.654537819821826, 18.62191113605228 ] } },
{ "type": "Feature", "properties": { "class_id": 3, "class_name": "Water", "raster_row": 814, "raster_col": 88, "block_id": 1 }, "geometry": { "type": "Point", "coordinates": [ 73.680608531092687, 18.392733414974376 ] } },
{ "type": "Feature", "properties": { "class_id": 3, "class_name": "Water", "raster_row": 379, "raster_col": 5, "block_id": 4 }, "geometry": { "type": "Point", "coordinates": [ 73.643863600065487, 18.569375069586634 ] } },
{ "type": "Feature", "properties": { "class_id": 3, "class_name": "Water", "raster_row": 725, "raster_col": 279, "block_id": 18 }, "geometry": { "type": "Point", "coordinates": [ 73.761709665635266, 18.429473757965297 ] } },
{ "type": "Feature", "properties": { "class_id": 3, "class_name": "Water", "raster_row": 807, "raster_col": 107, "block_id": 1 }, "geometry": { "type": "Point", "coordinates": [ 73.688680263561054, 18.395635979105474 ] } },
{ "type": "Feature", "properties": { "class_id": 3, "class_name": "Water", "raster_row": 719, "raster_col": 249, "block_id": 10 }, "geometry": { "type": "Point", "coordinates": [ 73.748910106382851, 18.431829939103235 ] } },
{ "type": "Feature", "properties": { "class_id": 3, "class_name": "Water", "raster_row": 733, "raster_col": 245, "block_id": 10 }, "geometry": { "type": "Point", "coordinates": [ 73.747247069808481, 18.426125416002598 ] } },
{ "type": "Feature", "properties": { "class_id": 3, "class_name": "Water", "raster_row": 724, "raster_col": 274, "block_id": 18 }, "geometry": { "type": "Point", "coordinates": [ 73.759576426229501, 18.429866516241848 ] } },
{ "type": "Feature", "properties": { "class_id": 3, "class_name": "Water", "raster_row": 714, "raster_col": 264, "block_id": 18 }, "geometry": { "type": "Point", "coordinates": [ 73.755286506291284, 18.433905272797173 ] } },
{ "type": "Feature", "properties": { "class_id": 3, "class_name": "Water", "raster_row": 700, "raster_col": 290, "block_id": 18 }, "geometry": { "type": "Point", "coordinates": [ 73.766323846312233, 18.439670914172108 ] } },
{ "type": "Feature", "properties": { "class_id": 3, "class_name": "Water", "raster_row": 739, "raster_col": 245, "block_id": 10 }, "geometry": { "type": "Point", "coordinates": [ 73.747264738103212, 18.42368543634063 ] } },
{ "type": "Feature", "properties": { "class_id": 3, "class_name": "Water", "raster_row": 723, "raster_col": 248, "block_id": 10 }, "geometry": { "type": "Point", "coordinates": [ 73.74849580938222, 18.43020047777339 ] } },
{ "type": "Feature", "properties": { "class_id": 3, "class_name": "Water", "raster_row": 723, "raster_col": 273, "block_id": 18 }, "geometry": { "type": "Point", "coordinates": [ 73.75914744324713, 18.430270396870625 ] } },
{ "type": "Feature", "properties": { "class_id": 3, "class_name": "Water", "raster_row": 260, "raster_col": 866, "block_id": 53 }, "geometry": { "type": "Point", "coordinates": [ 74.010734775990571, 18.620053899578966 ] } },
{ "type": "Feature", "properties": { "class_id": 3, "class_name": "Water", "raster_row": 799, "raster_col": 128, "block_id": 1 }, "geometry": { "type": "Point", "coordinates": [ 73.697601185863405, 18.398950711109546 ] } },
{ "type": "Feature", "properties": { "class_id": 3, "class_name": "Water", "raster_row": 719, "raster_col": 258, "block_id": 18 }, "geometry": { "type": "Point", "coordinates": [ 73.75274472581863, 18.431855172566681 ] } },
{ "type": "Feature", "properties": { "class_id": 3, "class_name": "Water", "raster_row": 708, "raster_col": 282, "block_id": 18 }, "geometry": { "type": "Point", "coordinates": [ 73.762938404551122, 18.43639540180239 ] } },
{ "type": "Feature", "properties": { "class_id": 3, "class_name": "Water", "raster_row": 811, "raster_col": 102, "block_id": 1 }, "geometry": { "type": "Point", "coordinates": [ 73.686562745653077, 18.393994659683649 ] } },
{ "type": "Feature", "properties": { "class_id": 3, "class_name": "Water", "raster_row": 730, "raster_col": 239, "block_id": 10 }, "geometry": { "type": "Point", "coordinates": [ 73.744681893025003, 18.427328521723283 ] } },
{ "type": "Feature", "properties": { "class_id": 3, "class_name": "Water", "raster_row": 995, "raster_col": 574, "block_id": 32 }, "geometry": { "type": "Point", "coordinates": [ 73.888105833559038, 18.320446720578961 ] } },
{ "type": "Feature", "properties": { "class_id": 3, "class_name": "Water", "raster_row": 247, "raster_col": 18, "block_id": 6 }, "geometry": { "type": "Point", "coordinates": [ 73.648983383758775, 18.623091323846559 ] } },
{ "type": "Feature", "properties": { "class_id": 3, "class_name": "Water", "raster_row": 742, "raster_col": 240, "block_id": 10 }, "geometry": { "type": "Point", "coordinates": [ 73.745143346406962, 18.422451382751778 ] } },
{ "type": "Feature", "properties": { "class_id": 3, "class_name": "Water", "raster_row": 710, "raster_col": 287, "block_id": 18 }, "geometry": { "type": "Point", "coordinates": [ 73.765074624974162, 18.435595944728387 ] } },
{ "type": "Feature", "properties": { "class_id": 3, "class_name": "Water", "raster_row": 723, "raster_col": 242, "block_id": 10 }, "geometry": { "type": "Point", "coordinates": [ 73.745939424354958, 18.430183608315062 ] } },
{ "type": "Feature", "properties": { "class_id": 3, "class_name": "Water", "raster_row": 718, "raster_col": 284, "block_id": 18 }, "geometry": { "type": "Point", "coordinates": [ 73.763819642924105, 18.432334299912217 ] } },
{ "type": "Feature", "properties": { "class_id": 3, "class_name": "Water", "raster_row": 713, "raster_col": 466, "block_id": 26 }, "geometry": { "type": "Point", "coordinates": [ 73.841352374072741, 18.434856837983425 ] } },
{ "type": "Feature", "properties": { "class_id": 3, "class_name": "Water", "raster_row": 72, "raster_col": 848, "block_id": 55 }, "geometry": { "type": "Point", "coordinates": [ 74.002609801681913, 18.696470925646807 ] } },
{ "type": "Feature", "properties": { "class_id": 3, "class_name": "Water", "raster_row": 716, "raster_col": 273, "block_id": 18 }, "geometry": { "type": "Point", "coordinates": [ 73.759127017642484, 18.433117050695159 ] } },
{ "type": "Feature", "properties": { "class_id": 3, "class_name": "Water", "raster_row": 707, "raster_col": 280, "block_id": 18 }, "geometry": { "type": "Point", "coordinates": [ 73.762083328842991, 18.436796510567213 ] } },
{ "type": "Feature", "properties": { "class_id": 3, "class_name": "Water", "raster_row": 752, "raster_col": 244, "block_id": 10 }, "geometry": { "type": "Point", "coordinates": [ 73.746876974841783, 18.418396001406474 ] } },
{ "type": "Feature", "properties": { "class_id": 3, "class_name": "Water", "raster_row": 714, "raster_col": 271, "block_id": 18 }, "geometry": { "type": "Point", "coordinates": [ 73.758269030589489, 18.433924807467147 ] } },
{ "type": "Feature", "properties": { "class_id": 3, "class_name": "Water", "raster_row": 697, "raster_col": 281, "block_id": 18 }, "geometry": { "type": "Point", "coordinates": [ 73.762480299167066, 18.440865939717021 ] } },
{ "type": "Feature", "properties": { "class_id": 3, "class_name": "Water", "raster_row": 705, "raster_col": 296, "block_id": 18 }, "geometry": { "type": "Point", "coordinates": [ 73.768894872393119, 18.437654187237634 ] } },
{ "type": "Feature", "properties": { "class_id": 3, "class_name": "Water", "raster_row": 708, "raster_col": 298, "block_id": 18 }, "geometry": { "type": "Point", "coordinates": [ 73.769755726349288, 18.436439714639356 ] } },
{ "type": "Feature", "properties": { "class_id": 3, "class_name": "Water", "raster_row": 709, "raster_col": 276, "block_id": 18 }, "geometry": { "type": "Point", "coordinates": [ 73.760384829636621, 18.435972056559216 ] } },
{ "type": "Feature", "properties": { "class_id": 3, "class_name": "Water", "raster_row": 731, "raster_col": 247, "block_id": 10 }, "geometry": { "type": "Point", "coordinates": [ 73.748093292242658, 18.426944362593723 ] } },
{ "type": "Feature", "properties": { "class_id": 3, "class_name": "Water", "raster_row": 724, "raster_col": 288, "block_id": 18 }, "geometry": { "type": "Point", "coordinates": [ 73.765541348972675, 18.429905395745017 ] } },
{ "type": "Feature", "properties": { "class_id": 3, "class_name": "Water", "raster_row": 244, "raster_col": 25, "block_id": 6 }, "geometry": { "type": "Point", "coordinates": [ 73.651959448468517, 18.624332655953857 ] } },
{ "type": "Feature", "properties": { "class_id": 3, "class_name": "Water", "raster_row": 713, "raster_col": 291, "block_id": 18 }, "geometry": { "type": "Point", "coordinates": [ 73.766787648680122, 18.43438702863148 ] } },
{ "type": "Feature", "properties": { "class_id": 3, "class_name": "Water", "raster_row": 717, "raster_col": 272, "block_id": 18 }, "geometry": { "type": "Point", "coordinates": [ 73.758703863538273, 18.432707600226042 ] } },
{ "type": "Feature", "properties": { "class_id": 3, "class_name": "Water", "raster_row": 246, "raster_col": 18, "block_id": 6 }, "geometry": { "type": "Point", "coordinates": [ 73.648980171388914, 18.623497962664324 ] } },
{ "type": "Feature", "properties": { "class_id": 3, "class_name": "Water", "raster_row": 701, "raster_col": 292, "block_id": 18 }, "geometry": { "type": "Point", "coordinates": [ 73.767178928066755, 18.439269786672085 ] } },
{ "type": "Feature", "properties": { "class_id": 3, "class_name": "Water", "raster_row": 539, "raster_col": 845, "block_id": 51 }, "geometry": { "type": "Point", "coordinates": [ 74.002436480809621, 18.506539233588487 ] } },
{ "type": "Feature", "properties": { "class_id": 3, "class_name": "Water", "raster_row": 712, "raster_col": 282, "block_id": 18 }, "geometry": { "type": "Point", "coordinates": [ 73.762950043152529, 18.434768740789107 ] } },
{ "type": "Feature", "properties": { "class_id": 3, "class_name": "Water", "raster_row": 812, "raster_col": 113, "block_id": 1 }, "geometry": { "type": "Point", "coordinates": [ 73.691251435845331, 18.393620309440792 ] } },
{ "type": "Feature", "properties": { "class_id": 3, "class_name": "Water", "raster_row": 743, "raster_col": 230, "block_id": 10 }, "geometry": { "type": "Point", "coordinates": [ 73.740885861771488, 18.422016521682618 ] } },
{ "type": "Feature", "properties": { "class_id": 3, "class_name": "Water", "raster_row": 712, "raster_col": 259, "block_id": 18 }, "geometry": { "type": "Point", "coordinates": [ 73.753150269160997, 18.434704618372702 ] } },
{ "type": "Feature", "properties": { "class_id": 3, "class_name": "Water", "raster_row": 723, "raster_col": 258, "block_id": 18 }, "geometry": { "type": "Point", "coordinates": [ 73.752756457212527, 18.430228517085965 ] } },
{ "type": "Feature", "properties": { "class_id": 3, "class_name": "Water", "raster_row": 251, "raster_col": 49, "block_id": 6 }, "geometry": { "type": "Point", "coordinates": [ 73.662218438100254, 18.621559234458001 ] } },
{ "type": "Feature", "properties": { "class_id": 3, "class_name": "Water", "raster_row": 804, "raster_col": 71, "block_id": 1 }, "geometry": { "type": "Point", "coordinates": [ 73.673336079198862, 18.39674956502947 ] } },
{ "type": "Feature", "properties": { "class_id": 3, "class_name": "Water", "raster_row": 709, "raster_col": 299, "block_id": 18 }, "geometry": { "type": "Point", "coordinates": [ 73.770184702338852, 18.436035809728054 ] } },
{ "type": "Feature", "properties": { "class_id": 3, "class_name": "Water", "raster_row": 249, "raster_col": 24, "block_id": 6 }, "geometry": { "type": "Point", "coordinates": [ 73.651548950799992, 18.622296403229562 ] } },
{ "type": "Feature", "properties": { "class_id": 3, "class_name": "Water", "raster_row": 721, "raster_col": 290, "block_id": 18 }, "geometry": { "type": "Point", "coordinates": [ 73.766384779916976, 18.431130932669291 ] } },
{ "type": "Feature", "properties": { "class_id": 3, "class_name": "Water", "raster_row": 811, "raster_col": 107, "block_id": 1 }, "geometry": { "type": "Point", "coordinates": [ 73.688692571456727, 18.394009358271688 ] } },
{ "type": "Feature", "properties": { "class_id": 3, "class_name": "Water", "raster_row": 244, "raster_col": 24, "block_id": 6 }, "geometry": { "type": "Point", "coordinates": [ 73.651532919353187, 18.624329599465806 ] } },
{ "type": "Feature", "properties": { "class_id": 3, "class_name": "Water", "raster_row": 731, "raster_col": 237, "block_id": 10 }, "geometry": { "type": "Point", "coordinates": [ 73.743832732916076, 18.426916223475875 ] } },
{ "type": "Feature", "properties": { "class_id": 3, "class_name": "Water", "raster_row": 812, "raster_col": 115, "block_id": 1 }, "geometry": { "type": "Point", "coordinates": [ 73.692103365690187, 18.393626170619953 ] } },
{ "type": "Feature", "properties": { "class_id": 4, "class_name": "Agriculture", "raster_row": 35, "raster_col": 186, "block_id": 15 }, "geometry": { "type": "Point", "coordinates": [ 73.719994139744173, 18.709801706837613 ] } },
{ "type": "Feature", "properties": { "class_id": 4, "class_name": "Agriculture", "raster_row": 92, "raster_col": 596, "block_id": 39 }, "geometry": { "type": "Point", "coordinates": [ 73.895120241290769, 18.687734693944982 ] } },
{ "type": "Feature", "properties": { "class_id": 4, "class_name": "Agriculture", "raster_row": 149, "raster_col": 776, "block_id": 54 }, "geometry": { "type": "Point", "coordinates": [ 73.972071856908784, 18.664990314740439 ] } },
{ "type": "Feature", "properties": { "class_id": 4, "class_name": "Agriculture", "raster_row": 112, "raster_col": 774, "block_id": 55 }, "geometry": { "type": "Point", "coordinates": [ 73.97112772351889, 18.680032966808366 ] } },
{ "type": "Feature", "properties": { "class_id": 4, "class_name": "Agriculture", "raster_row": 43, "raster_col": 961, "block_id": 63 }, "geometry": { "type": "Point", "coordinates": [ 74.050768676387705, 18.708515288518317 ] } },
{ "type": "Feature", "properties": { "class_id": 4, "class_name": "Agriculture", "raster_row": 383, "raster_col": 999, "block_id": 60 }, "geometry": { "type": "Point", "coordinates": [ 74.067741811376308, 18.570319525614767 ] } },
{ "type": "Feature", "properties": { "class_id": 4, "class_name": "Agriculture", "raster_row": 145, "raster_col": 656, "block_id": 46 }, "geometry": { "type": "Point", "coordinates": [ 73.920860384933022, 18.666329815464472 ] } },
{ "type": "Feature", "properties": { "class_id": 4, "class_name": "Agriculture", "raster_row": 48, "raster_col": 541, "block_id": 39 }, "geometry": { "type": "Point", "coordinates": [ 73.871531827050092, 18.705488490635606 ] } },
{ "type": "Feature", "properties": { "class_id": 4, "class_name": "Agriculture", "raster_row": 63, "raster_col": 313, "block_id": 23 }, "geometry": { "type": "Point", "coordinates": [ 73.774274585603621, 18.698777678947046 ] } },
{ "type": "Feature", "properties": { "class_id": 4, "class_name": "Agriculture", "raster_row": 237, "raster_col": 1003, "block_id": 62 }, "geometry": { "type": "Point", "coordinates": [ 74.069124958964551, 18.629706083271081 ] } },
{ "type": "Feature", "properties": { "class_id": 4, "class_name": "Agriculture", "raster_row": 82, "raster_col": 864, "block_id": 55 }, "geometry": { "type": "Point", "coordinates": [ 74.009461671332971, 18.692440231908947 ] } },
{ "type": "Feature", "properties": { "class_id": 4, "class_name": "Agriculture", "raster_row": 119, "raster_col": 961, "block_id": 63 }, "geometry": { "type": "Point", "coordinates": [ 74.050940892680387, 18.677606591970349 ] } },
{ "type": "Feature", "properties": { "class_id": 4, "class_name": "Agriculture", "raster_row": 152, "raster_col": 492, "block_id": 30 }, "geometry": { "type": "Point", "coordinates": [ 73.850905492830023, 18.66306801111881 ] } },
{ "type": "Feature", "properties": { "class_id": 4, "class_name": "Agriculture", "raster_row": 44, "raster_col": 507, "block_id": 39 }, "geometry": { "type": "Point", "coordinates": [ 73.857010845724247, 18.707027252447226 ] } },
{ "type": "Feature", "properties": { "class_id": 4, "class_name": "Agriculture", "raster_row": 21, "raster_col": 176, "block_id": 15 }, "geometry": { "type": "Point", "coordinates": [ 73.715683625411799, 18.715465554870953 ] } },
{ "type": "Feature", "properties": { "class_id": 4, "class_name": "Agriculture", "raster_row": 144, "raster_col": 895, "block_id": 62 }, "geometry": { "type": "Point", "coordinates": [ 74.022835615303691, 18.667294809819055 ] } },
{ "type": "Feature", "properties": { "class_id": 4, "class_name": "Agriculture", "raster_row": 621, "raster_col": 850, "block_id": 51 }, "geometry": { "type": "Point", "coordinates": [ 74.00476051457008, 18.473201344415898 ] } },
{ "type": "Feature", "properties": { "class_id": 4, "class_name": "Agriculture", "raster_row": 999, "raster_col": 874, "block_id": 48 }, "geometry": { "type": "Point", "coordinates": [ 74.015862925693426, 18.319521491319186 ] } },
{ "type": "Feature", "properties": { "class_id": 4, "class_name": "Agriculture", "raster_row": 175, "raster_col": 822, "block_id": 54 }, "geometry": { "type": "Point", "coordinates": [ 73.991761686904113, 18.654522835397216 ] } },
{ "type": "Feature", "properties": { "class_id": 4, "class_name": "Agriculture", "raster_row": 244, "raster_col": 963, "block_id": 62 }, "geometry": { "type": "Point", "coordinates": [ 74.052076600897536, 18.626773996206317 ] } },
{ "type": "Feature", "properties": { "class_id": 4, "class_name": "Agriculture", "raster_row": 250, "raster_col": 956, "block_id": 62 }, "geometry": { "type": "Point", "coordinates": [ 74.049104003862155, 18.624318750825193 ] } },
{ "type": "Feature", "properties": { "class_id": 4, "class_name": "Agriculture", "raster_row": 78, "raster_col": 902, "block_id": 63 }, "geometry": { "type": "Point", "coordinates": [ 74.025669062762091, 18.694151927265978 ] } },
{ "type": "Feature", "properties": { "class_id": 4, "class_name": "Agriculture", "raster_row": 245, "raster_col": 775, "block_id": 54 }, "geometry": { "type": "Point", "coordinates": [ 73.971880194135238, 18.625946152426604 ] } },
{ "type": "Feature", "properties": { "class_id": 4, "class_name": "Agriculture", "raster_row": 945, "raster_col": 879, "block_id": 48 }, "geometry": { "type": "Point", "coordinates": [ 74.017868108305308, 18.341494528287576 ] } },
{ "type": "Feature", "properties": { "class_id": 4, "class_name": "Agriculture", "raster_row": 909, "raster_col": 807, "block_id": 48 }, "geometry": { "type": "Point", "coordinates": [ 73.98711915892207, 18.355975308449135 ] } },
{ "type": "Feature", "properties": { "class_id": 4, "class_name": "Agriculture", "raster_row": 233, "raster_col": 775, "block_id": 54 }, "geometry": { "type": "Point", "coordinates": [ 73.97185084876422, 18.630826389754866 ] } },
{ "type": "Feature", "properties": { "class_id": 4, "class_name": "Agriculture", "raster_row": 208, "raster_col": 773, "block_id": 54 }, "geometry": { "type": "Point", "coordinates": [ 73.970936442737312, 18.640988874561593 ] } },
{ "type": "Feature", "properties": { "class_id": 4, "class_name": "Agriculture", "raster_row": 143, "raster_col": 760, "block_id": 54 }, "geometry": { "type": "Point", "coordinates": [ 73.965230179537969, 18.667392929742828 ] } },
{ "type": "Feature", "properties": { "class_id": 4, "class_name": "Agriculture", "raster_row": 43, "raster_col": 965, "block_id": 63 }, "geometry": { "type": "Point", "coordinates": [ 74.052475874981951, 18.708523926203114 ] } },
{ "type": "Feature", "properties": { "class_id": 4, "class_name": "Agriculture", "raster_row": 531, "raster_col": 959, "block_id": 59 }, "geometry": { "type": "Point", "coordinates": [ 74.051016019222615, 18.510042853472541 ] } },
{ "type": "Feature", "properties": { "class_id": 4, "class_name": "Agriculture", "raster_row": 172, "raster_col": 945, "block_id": 62 }, "geometry": { "type": "Point", "coordinates": [ 74.04423410714152, 18.656017180118525 ] } },
{ "type": "Feature", "properties": { "class_id": 4, "class_name": "Agriculture", "raster_row": 688, "raster_col": 703, "block_id": 42 }, "geometry": { "type": "Point", "coordinates": [ 73.942275535431463, 18.445613685461542 ] } },
{ "type": "Feature", "properties": { "class_id": 4, "class_name": "Agriculture", "raster_row": 896, "raster_col": 447, "block_id": 24 }, "geometry": { "type": "Point", "coordinates": [ 73.833757657100946, 18.360385275249094 ] } },
{ "type": "Feature", "properties": { "class_id": 4, "class_name": "Agriculture", "raster_row": 129, "raster_col": 817, "block_id": 54 }, "geometry": { "type": "Point", "coordinates": [ 73.989517624076171, 18.673218985969626 ] } },
{ "type": "Feature", "properties": { "class_id": 4, "class_name": "Agriculture", "raster_row": 219, "raster_col": 728, "block_id": 46 }, "geometry": { "type": "Point", "coordinates": [ 73.951766037919995, 18.636409303286204 ] } },
{ "type": "Feature", "properties": { "class_id": 4, "class_name": "Agriculture", "raster_row": 20, "raster_col": 983, "block_id": 63 }, "geometry": { "type": "Point", "coordinates": [ 74.060106611640407, 18.717916556072822 ] } },
{ "type": "Feature", "properties": { "class_id": 4, "class_name": "Agriculture", "raster_row": 63, "raster_col": 784, "block_id": 55 }, "geometry": { "type": "Point", "coordinates": [ 73.975275058591933, 18.699983837779971 ] } },
{ "type": "Feature", "properties": { "class_id": 4, "class_name": "Agriculture", "raster_row": 80, "raster_col": 953, "block_id": 63 }, "geometry": { "type": "Point", "coordinates": [ 74.047438467871913, 18.693450339454472 ] } },
{ "type": "Feature", "properties": { "class_id": 4, "class_name": "Agriculture", "raster_row": 2, "raster_col": 837, "block_id": 55 }, "geometry": { "type": "Point", "coordinates": [ 73.997747759880937, 18.724913933059767 ] } },
{ "type": "Feature", "properties": { "class_id": 4, "class_name": "Agriculture", "raster_row": 610, "raster_col": 766, "block_id": 51 }, "geometry": { "type": "Point", "coordinates": [ 73.968932517676379, 18.477483534634406 ] } },
{ "type": "Feature", "properties": { "class_id": 4, "class_name": "Agriculture", "raster_row": 991, "raster_col": 780, "block_id": 48 }, "geometry": { "type": "Point", "coordinates": [ 73.975815868041309, 18.322564476758807 ] } },
{ "type": "Feature", "properties": { "class_id": 4, "class_name": "Agriculture", "raster_row": 180, "raster_col": 996, "block_id": 62 }, "geometry": { "type": "Point", "coordinates": [ 74.066012014502235, 18.652873034546207 ] } },
{ "type": "Feature", "properties": { "class_id": 4, "class_name": "Agriculture", "raster_row": 90, "raster_col": 818, "block_id": 55 }, "geometry": { "type": "Point", "coordinates": [ 73.989850342450438, 18.689082053771997 ] } },
{ "type": "Feature", "properties": { "class_id": 4, "class_name": "Agriculture", "raster_row": 173, "raster_col": 659, "block_id": 46 }, "geometry": { "type": "Point", "coordinates": [ 73.922212330108735, 18.654950167575734 ] } },
{ "type": "Feature", "properties": { "class_id": 4, "class_name": "Agriculture", "raster_row": 82, "raster_col": 989, "block_id": 63 }, "geometry": { "type": "Point", "coordinates": [ 74.062806389601747, 18.692714342485615 ] } },
{ "type": "Feature", "properties": { "class_id": 4, "class_name": "Agriculture", "raster_row": 782, "raster_col": 697, "block_id": 41 }, "geometry": { "type": "Point", "coordinates": [ 73.939953025085259, 18.407370463938118 ] } },
{ "type": "Feature", "properties": { "class_id": 4, "class_name": "Agriculture", "raster_row": 80, "raster_col": 549, "block_id": 39 }, "geometry": { "type": "Point", "coordinates": [ 73.875031945653461, 18.692495559054375 ] } },
{ "type": "Feature", "properties": { "class_id": 4, "class_name": "Agriculture", "raster_row": 6, "raster_col": 909, "block_id": 63 }, "geometry": { "type": "Point", "coordinates": [ 74.028489253725795, 18.723449103604374 ] } },
{ "type": "Feature", "properties": { "class_id": 4, "class_name": "Agriculture", "raster_row": 147, "raster_col": 998, "block_id": 62 }, "geometry": { "type": "Point", "coordinates": [ 74.06679196050699, 18.666298264746334 ] } },
{ "type": "Feature", "properties": { "class_id": 4, "class_name": "Agriculture", "raster_row": 71, "raster_col": 954, "block_id": 63 }, "geometry": { "type": "Point", "coordinates": [ 74.047844768167195, 18.697112742553134 ] } },
{ "type": "Feature", "properties": { "class_id": 4, "class_name": "Agriculture", "raster_row": 433, "raster_col": 266, "block_id": 20 }, "geometry": { "type": "Point", "coordinates": [ 73.755313620905568, 18.548182813711854 ] } },
{ "type": "Feature", "properties": { "class_id": 4, "class_name": "Agriculture", "raster_row": 212, "raster_col": 786, "block_id": 54 }, "geometry": { "type": "Point", "coordinates": [ 73.976492255852094, 18.639392401456519 ] } },
{ "type": "Feature", "properties": { "class_id": 4, "class_name": "Agriculture", "raster_row": 194, "raster_col": 638, "block_id": 46 }, "geometry": { "type": "Point", "coordinates": [ 73.913307077861347, 18.646358327909773 ] } },
{ "type": "Feature", "properties": { "class_id": 4, "class_name": "Agriculture", "raster_row": 680, "raster_col": 714, "block_id": 42 }, "geometry": { "type": "Point", "coordinates": [ 73.946943158160977, 18.448893289182799 ] } },
{ "type": "Feature", "properties": { "class_id": 4, "class_name": "Agriculture", "raster_row": 66, "raster_col": 794, "block_id": 55 }, "geometry": { "type": "Point", "coordinates": [ 73.979550057141083, 18.698787058364381 ] } },
{ "type": "Feature", "properties": { "class_id": 4, "class_name": "Agriculture", "raster_row": 501, "raster_col": 928, "block_id": 60 }, "geometry": { "type": "Point", "coordinates": [ 74.037732374014638, 18.522177074838847 ] } },
{ "type": "Feature", "properties": { "class_id": 4, "class_name": "Agriculture", "raster_row": 558, "raster_col": 1001, "block_id": 59 }, "geometry": { "type": "Point", "coordinates": [ 74.068980248120539, 18.499150835336046 ] } },
{ "type": "Feature", "properties": { "class_id": 4, "class_name": "Agriculture", "raster_row": 918, "raster_col": 474, "block_id": 24 }, "geometry": { "type": "Point", "coordinates": [ 73.845316627824658, 18.351508359536577 ] } },
{ "type": "Feature", "properties": { "class_id": 4, "class_name": "Agriculture", "raster_row": 924, "raster_col": 821, "block_id": 48 }, "geometry": { "type": "Point", "coordinates": [ 73.993117361493887, 18.349906402716712 ] } },
{ "type": "Feature", "properties": { "class_id": 4, "class_name": "Agriculture", "raster_row": 82, "raster_col": 297, "block_id": 23 }, "geometry": { "type": "Point", "coordinates": [ 73.767502734701864, 18.691006482495123 ] } },
{ "type": "Feature", "properties": { "class_id": 4, "class_name": "Agriculture", "raster_row": 60, "raster_col": 306, "block_id": 23 }, "geometry": { "type": "Point", "coordinates": [ 73.771278633429532, 18.69997809456228 ] } },
{ "type": "Feature", "properties": { "class_id": 4, "class_name": "Agriculture", "raster_row": 383, "raster_col": 998, "block_id": 60 }, "geometry": { "type": "Point", "coordinates": [ 74.067315354789983, 18.570317417506541 ] } },
{ "type": "Feature", "properties": { "class_id": 4, "class_name": "Agriculture", "raster_row": 512, "raster_col": 908, "block_id": 59 }, "geometry": { "type": "Point", "coordinates": [ 74.029230958122369, 18.517659801112796 ] } },
{ "type": "Feature", "properties": { "class_id": 4, "class_name": "Agriculture", "raster_row": 923, "raster_col": 775, "block_id": 48 }, "geometry": { "type": "Point", "coordinates": [ 73.973523478704834, 18.350208581334822 ] } },
{ "type": "Feature", "properties": { "class_id": 4, "class_name": "Agriculture", "raster_row": 793, "raster_col": 729, "block_id": 41 }, "geometry": { "type": "Point", "coordinates": [ 73.953613271008322, 18.402972384548619 ] } },
{ "type": "Feature", "properties": { "class_id": 4, "class_name": "Agriculture", "raster_row": 94, "raster_col": 760, "block_id": 55 }, "geometry": { "type": "Point", "coordinates": [ 73.965109231866961, 18.687320419635736 ] } },
{ "type": "Feature", "properties": { "class_id": 4, "class_name": "Agriculture", "raster_row": 57, "raster_col": 919, "block_id": 63 }, "geometry": { "type": "Point", "coordinates": [ 74.032875496586556, 18.702729984785954 ] } },
{ "type": "Feature", "properties": { "class_id": 4, "class_name": "Agriculture", "raster_row": 30, "raster_col": 513, "block_id": 39 }, "geometry": { "type": "Point", "coordinates": [ 73.859533308605648, 18.71273619720321 ] } },
{ "type": "Feature", "properties": { "class_id": 4, "class_name": "Agriculture", "raster_row": 55, "raster_col": 899, "block_id": 63 }, "geometry": { "type": "Point", "coordinates": [ 74.024335191481114, 18.703499141138767 ] } },
{ "type": "Feature", "properties": { "class_id": 4, "class_name": "Agriculture", "raster_row": 125, "raster_col": 642, "block_id": 47 }, "geometry": { "type": "Point", "coordinates": [ 73.914835172708436, 18.674428937896558 ] } },
{ "type": "Feature", "properties": { "class_id": 4, "class_name": "Agriculture", "raster_row": 172, "raster_col": 575, "block_id": 38 }, "geometry": { "type": "Point", "coordinates": [ 73.886371446140146, 18.655147852970583 ] } },
{ "type": "Feature", "properties": { "class_id": 4, "class_name": "Agriculture", "raster_row": 512, "raster_col": 737, "block_id": 43 }, "geometry": { "type": "Point", "coordinates": [ 73.956330930633698, 18.517271487639555 ] } },
{ "type": "Feature", "properties": { "class_id": 4, "class_name": "Agriculture", "raster_row": 242, "raster_col": 804, "block_id": 54 }, "geometry": { "type": "Point", "coordinates": [ 73.984243875791478, 18.627233409991383 ] } },
{ "type": "Feature", "properties": { "class_id": 4, "class_name": "Agriculture", "raster_row": 249, "raster_col": 812, "block_id": 54 }, "geometry": { "type": "Point", "coordinates": [ 73.987673432052986, 18.624404984333427 ] } },
{ "type": "Feature", "properties": { "class_id": 4, "class_name": "Agriculture", "raster_row": 869, "raster_col": 527, "block_id": 33 }, "geometry": { "type": "Point", "coordinates": [ 73.86775877180628, 18.371571315556892 ] } },
{ "type": "Feature", "properties": { "class_id": 4, "class_name": "Agriculture", "raster_row": 535, "raster_col": 784, "block_id": 51 }, "geometry": { "type": "Point", "coordinates": [ 73.976423224005231, 18.508027100710216 ] } },
{ "type": "Feature", "properties": { "class_id": 4, "class_name": "Agriculture", "raster_row": 52, "raster_col": 894, "block_id": 63 }, "geometry": { "type": "Point", "coordinates": [ 74.022194266397719, 18.704708092506888 ] } },
{ "type": "Feature", "properties": { "class_id": 4, "class_name": "Agriculture", "raster_row": 179, "raster_col": 835, "block_id": 54 }, "geometry": { "type": "Point", "coordinates": [ 73.997317784597442, 18.652925760605477 ] } },
{ "type": "Feature", "properties": { "class_id": 4, "class_name": "Agriculture", "raster_row": 258, "raster_col": 728, "block_id": 45 }, "geometry": { "type": "Point", "coordinates": [ 73.951863270664759, 18.620548633255385 ] } },
{ "type": "Feature", "properties": { "class_id": 4, "class_name": "Agriculture", "raster_row": 93, "raster_col": 791, "block_id": 55 }, "geometry": { "type": "Point", "coordinates": [ 73.978335618712279, 18.687799606538924 ] } },
{ "type": "Feature", "properties": { "class_id": 4, "class_name": "Agriculture", "raster_row": 880, "raster_col": 398, "block_id": 24 }, "geometry": { "type": "Point", "coordinates": [ 73.812843847108553, 18.366763162637781 ] } },
{ "type": "Feature", "properties": { "class_id": 4, "class_name": "Agriculture", "raster_row": 517, "raster_col": 828, "block_id": 51 }, "geometry": { "type": "Point", "coordinates": [ 73.995137331249921, 18.515448160225866 ] } },
{ "type": "Feature", "properties": { "class_id": 4, "class_name": "Agriculture", "raster_row": 196, "raster_col": 702, "block_id": 46 }, "geometry": { "type": "Point", "coordinates": [ 73.940616302723981, 18.645700832895361 ] } },
{ "type": "Feature", "properties": { "class_id": 4, "class_name": "Agriculture", "raster_row": 995, "raster_col": 774, "block_id": 48 }, "geometry": { "type": "Point", "coordinates": [ 73.973270461744818, 18.320923946593485 ] } },
{ "type": "Feature", "properties": { "class_id": 4, "class_name": "Agriculture", "raster_row": 915, "raster_col": 463, "block_id": 24 }, "geometry": { "type": "Point", "coordinates": [ 73.840623742091921, 18.352699954570191 ] } },
{ "type": "Feature", "properties": { "class_id": 4, "class_name": "Agriculture", "raster_row": 75, "raster_col": 788, "block_id": 55 }, "geometry": { "type": "Point", "coordinates": [ 73.977011448070371, 18.695112949582516 ] } },
{ "type": "Feature", "properties": { "class_id": 4, "class_name": "Agriculture", "raster_row": 107, "raster_col": 539, "block_id": 39 }, "geometry": { "type": "Point", "coordinates": [ 73.870837355135492, 18.681489818060378 ] } },
{ "type": "Feature", "properties": { "class_id": 4, "class_name": "Agriculture", "raster_row": 33, "raster_col": 207, "block_id": 15 }, "geometry": { "type": "Point", "coordinates": [ 73.728949928011332, 18.710675995764028 ] } },
{ "type": "Feature", "properties": { "class_id": 4, "class_name": "Agriculture", "raster_row": 893, "raster_col": 445, "block_id": 24 }, "geometry": { "type": "Point", "coordinates": [ 73.832897645022967, 18.361600094424915 ] } },
{ "type": "Feature", "properties": { "class_id": 4, "class_name": "Agriculture", "raster_row": 52, "raster_col": 457, "block_id": 31 }, "geometry": { "type": "Point", "coordinates": [ 73.835694721687986, 18.703642607736651 ] } },
{ "type": "Feature", "properties": { "class_id": 4, "class_name": "Agriculture", "raster_row": 251, "raster_col": 7, "block_id": 6 }, "geometry": { "type": "Point", "coordinates": [ 73.644304501117517, 18.621431025003957 ] } },
{ "type": "Feature", "properties": { "class_id": 4, "class_name": "Agriculture", "raster_row": 914, "raster_col": 403, "block_id": 24 }, "geometry": { "type": "Point", "coordinates": [ 73.815067788640619, 18.352949432461909 ] } },
{ "type": "Feature", "properties": { "class_id": 4, "class_name": "Agriculture", "raster_row": 89, "raster_col": 788, "block_id": 55 }, "geometry": { "type": "Point", "coordinates": [ 73.97704563786823, 18.689419368796532 ] } },
{ "type": "Feature", "properties": { "class_id": 4, "class_name": "Agriculture", "raster_row": 978, "raster_col": 427, "block_id": 24 }, "geometry": { "type": "Point", "coordinates": [ 73.825464892211812, 18.326985286929197 ] } },
{ "type": "Feature", "properties": { "class_id": 4, "class_name": "Agriculture", "raster_row": 530, "raster_col": 941, "block_id": 59 }, "geometry": { "type": "Point", "coordinates": [ 74.043340278182001, 18.510410901101945 ] } },
{ "type": "Feature", "properties": { "class_id": 4, "class_name": "Agriculture", "raster_row": 918, "raster_col": 481, "block_id": 24 }, "geometry": { "type": "Point", "coordinates": [ 73.848297833345853, 18.351526401730723 ] } },
{ "type": "Feature", "properties": { "class_id": 4, "class_name": "Agriculture", "raster_row": 36, "raster_col": 294, "block_id": 23 }, "geometry": { "type": "Point", "coordinates": [ 73.766087034462913, 18.709704167056518 ] } },
{ "type": "Feature", "properties": { "class_id": 4, "class_name": "Agriculture", "raster_row": 976, "raster_col": 411, "block_id": 24 }, "geometry": { "type": "Point", "coordinates": [ 73.818646208069737, 18.327756573544967 ] } },
{ "type": "Feature", "properties": { "class_id": 4, "class_name": "Agriculture", "raster_row": 93, "raster_col": 889, "block_id": 63 }, "geometry": { "type": "Point", "coordinates": [ 74.020156268853356, 18.688022679356781 ] } },
{ "type": "Feature", "properties": { "class_id": 4, "class_name": "Agriculture", "raster_row": 68, "raster_col": 631, "block_id": 47 }, "geometry": { "type": "Point", "coordinates": [ 73.909993261263494, 18.697582268273184 ] } },
{ "type": "Feature", "properties": { "class_id": 4, "class_name": "Agriculture", "raster_row": 529, "raster_col": 959, "block_id": 59 }, "geometry": { "type": "Point", "coordinates": [ 74.051011535464099, 18.510856256009859 ] } },
{ "type": "Feature", "properties": { "class_id": 4, "class_name": "Agriculture", "raster_row": 722, "raster_col": 719, "block_id": 42 }, "geometry": { "type": "Point", "coordinates": [ 73.949177704593822, 18.431824059330353 ] } },
{ "type": "Feature", "properties": { "class_id": 4, "class_name": "Agriculture", "raster_row": 104, "raster_col": 60, "block_id": 7 }, "geometry": { "type": "Point", "coordinates": [ 73.666443415665896, 18.681368693654751 ] } },
{ "type": "Feature", "properties": { "class_id": 4, "class_name": "Agriculture", "raster_row": 854, "raster_col": 109, "block_id": 1 }, "geometry": { "type": "Point", "coordinates": [ 73.689676645435824, 18.376529033050073 ] } },
{ "type": "Feature", "properties": { "class_id": 4, "class_name": "Agriculture", "raster_row": 850, "raster_col": 949, "block_id": 57 }, "geometry": { "type": "Point", "coordinates": [ 74.047468357045048, 18.380282968316216 ] } },
{ "type": "Feature", "properties": { "class_id": 4, "class_name": "Agriculture", "raster_row": 317, "raster_col": 422, "block_id": 29 }, "geometry": { "type": "Point", "coordinates": [ 73.821502202302156, 18.595783077647482 ] } },
{ "type": "Feature", "properties": { "class_id": 4, "class_name": "Agriculture", "raster_row": 125, "raster_col": 776, "block_id": 55 }, "geometry": { "type": "Point", "coordinates": [ 73.972013035954774, 18.674750746918441 ] } },
{ "type": "Feature", "properties": { "class_id": 4, "class_name": "Agriculture", "raster_row": 36, "raster_col": 507, "block_id": 39 }, "geometry": { "type": "Point", "coordinates": [ 73.856988996080631, 18.710280591964175 ] } },
{ "type": "Feature", "properties": { "class_id": 4, "class_name": "Agriculture", "raster_row": 842, "raster_col": 108, "block_id": 1 }, "geometry": { "type": "Point", "coordinates": [ 73.68921384864683, 18.381405971824098 ] } },
{ "type": "Feature", "properties": { "class_id": 4, "class_name": "Agriculture", "raster_row": 565, "raster_col": 138, "block_id": 11 }, "geometry": { "type": "Point", "coordinates": [ 73.701145855023327, 18.494137133409229 ] } },
{ "type": "Feature", "properties": { "class_id": 4, "class_name": "Agriculture", "raster_row": 283, "raster_col": 720, "block_id": 45 }, "geometry": { "type": "Point", "coordinates": [ 73.948513219255929, 18.610362497035716 ] } },
{ "type": "Feature", "properties": { "class_id": 4, "class_name": "Agriculture", "raster_row": 854, "raster_col": 741, "block_id": 41 }, "geometry": { "type": "Point", "coordinates": [ 73.958874613985685, 18.378192063713353 ] } },
{ "type": "Feature", "properties": { "class_id": 4, "class_name": "Agriculture", "raster_row": 67, "raster_col": 756, "block_id": 55 }, "geometry": { "type": "Point", "coordinates": [ 73.963335471231346, 18.698291425892489 ] } },
{ "type": "Feature", "properties": { "class_id": 4, "class_name": "Agriculture", "raster_row": 151, "raster_col": 757, "block_id": 54 }, "geometry": { "type": "Point", "coordinates": [ 73.963969879890328, 18.664132401494012 ] } },
{ "type": "Feature", "properties": { "class_id": 4, "class_name": "Agriculture", "raster_row": 86, "raster_col": 952, "block_id": 63 }, "geometry": { "type": "Point", "coordinates": [ 74.047025356856778, 18.691008013959888 ] } },
{ "type": "Feature", "properties": { "class_id": 4, "class_name": "Agriculture", "raster_row": 51, "raster_col": 919, "block_id": 63 }, "geometry": { "type": "Point", "coordinates": [ 74.0328616342765, 18.705170129330046 ] } },
{ "type": "Feature", "properties": { "class_id": 4, "class_name": "Agriculture", "raster_row": 144, "raster_col": 830, "block_id": 54 }, "geometry": { "type": "Point", "coordinates": [ 73.995100711854477, 18.667148446706364 ] } },
{ "type": "Feature", "properties": { "class_id": 4, "class_name": "Agriculture", "raster_row": 614, "raster_col": 863, "block_id": 51 }, "geometry": { "type": "Point", "coordinates": [ 74.010284891766361, 18.476077251316209 ] } },
{ "type": "Feature", "properties": { "class_id": 4, "class_name": "Agriculture", "raster_row": 240, "raster_col": 950, "block_id": 62 }, "geometry": { "type": "Point", "coordinates": [ 74.046521796317634, 18.628372756250435 ] } },
{ "type": "Feature", "properties": { "class_id": 4, "class_name": "Agriculture", "raster_row": 26, "raster_col": 938, "block_id": 63 }, "geometry": { "type": "Point", "coordinates": [ 74.040913335743042, 18.715379073637592 ] } },
{ "type": "Feature", "properties": { "class_id": 4, "class_name": "Agriculture", "raster_row": 99, "raster_col": 515, "block_id": 39 }, "geometry": { "type": "Point", "coordinates": [ 73.860574648843055, 18.684681272693684 ] } },
{ "type": "Feature", "properties": { "class_id": 4, "class_name": "Agriculture", "raster_row": 975, "raster_col": 436, "block_id": 24 }, "geometry": { "type": "Point", "coordinates": [ 73.829289094768626, 18.328228883810443 ] } },
{ "type": "Feature", "properties": { "class_id": 4, "class_name": "Agriculture", "raster_row": 596, "raster_col": 923, "block_id": 59 }, "geometry": { "type": "Point", "coordinates": [ 74.035817025373433, 18.483529734414088 ] } },
{ "type": "Feature", "properties": { "class_id": 4, "class_name": "Agriculture", "raster_row": 875, "raster_col": 716, "block_id": 41 }, "geometry": { "type": "Point", "coordinates": [ 73.948277198912606, 18.369592928757083 ] } },
{ "type": "Feature", "properties": { "class_id": 4, "class_name": "Agriculture", "raster_row": 95, "raster_col": 789, "block_id": 55 }, "geometry": { "type": "Point", "coordinates": [ 73.977487022964581, 18.686981587783656 ] } },
{ "type": "Feature", "properties": { "class_id": 4, "class_name": "Agriculture", "raster_row": 975, "raster_col": 397, "block_id": 24 }, "geometry": { "type": "Point", "coordinates": [ 73.812681903569867, 18.32812623847386 ] } },
{ "type": "Feature", "properties": { "class_id": 4, "class_name": "Agriculture", "raster_row": 76, "raster_col": 975, "block_id": 63 }, "geometry": { "type": "Point", "coordinates": [ 74.05681822427394, 18.695124560502848 ] } },
{ "type": "Feature", "properties": { "class_id": 4, "class_name": "Agriculture", "raster_row": 234, "raster_col": 956, "block_id": 62 }, "geometry": { "type": "Point", "coordinates": [ 74.049067816856805, 18.630825886790195 ] } },
{ "type": "Feature", "properties": { "class_id": 4, "class_name": "Agriculture", "raster_row": 861, "raster_col": 914, "block_id": 57 }, "geometry": { "type": "Point", "coordinates": [ 74.032583877727902, 18.375734004402084 ] } },
{ "type": "Feature", "properties": { "class_id": 4, "class_name": "Agriculture", "raster_row": 866, "raster_col": 747, "block_id": 41 }, "geometry": { "type": "Point", "coordinates": [ 73.961459634876434, 18.37332567681899 ] } },
{ "type": "Feature", "properties": { "class_id": 4, "class_name": "Agriculture", "raster_row": 677, "raster_col": 706, "block_id": 42 }, "geometry": { "type": "Point", "coordinates": [ 73.943526576793701, 18.450094404300852 ] } },
{ "type": "Feature", "properties": { "class_id": 4, "class_name": "Agriculture", "raster_row": 68, "raster_col": 902, "block_id": 63 }, "geometry": { "type": "Point", "coordinates": [ 74.025645797039147, 18.698218829482638 ] } },
{ "type": "Feature", "properties": { "class_id": 4, "class_name": "Agriculture", "raster_row": 862, "raster_col": 881, "block_id": 57 }, "geometry": { "type": "Point", "coordinates": [ 74.018529147702097, 18.375255336513924 ] } },
{ "type": "Feature", "properties": { "class_id": 4, "class_name": "Agriculture", "raster_row": 130, "raster_col": 630, "block_id": 46 }, "geometry": { "type": "Point", "coordinates": [ 73.909727824371686, 18.672365888437675 ] } },
{ "type": "Feature", "properties": { "class_id": 4, "class_name": "Agriculture", "raster_row": 511, "raster_col": 876, "block_id": 51 }, "geometry": { "type": "Point", "coordinates": [ 74.015586384984118, 18.517995967773416 ] } },
{ "type": "Feature", "properties": { "class_id": 4, "class_name": "Agriculture", "raster_row": 155, "raster_col": 544, "block_id": 38 }, "geometry": { "type": "Point", "coordinates": [ 73.873099877951873, 18.661982420514171 ] } },
{ "type": "Feature", "properties": { "class_id": 4, "class_name": "Agriculture", "raster_row": 955, "raster_col": 795, "block_id": 48 }, "geometry": { "type": "Point", "coordinates": [ 73.982117725727946, 18.337239874764428 ] } },
{ "type": "Feature", "properties": { "class_id": 4, "class_name": "Agriculture", "raster_row": 615, "raster_col": 945, "block_id": 59 }, "geometry": { "type": "Point", "coordinates": [ 74.045237045111193, 18.475849905889785 ] } },
{ "type": "Feature", "properties": { "class_id": 4, "class_name": "Agriculture", "raster_row": 924, "raster_col": 783, "block_id": 48 }, "geometry": { "type": "Point", "coordinates": [ 73.97693308563241, 18.349820204749445 ] } },
{ "type": "Feature", "properties": { "class_id": 4, "class_name": "Agriculture", "raster_row": 65, "raster_col": 987, "block_id": 63 }, "geometry": { "type": "Point", "coordinates": [ 74.061914787641442, 18.699623883337861 ] } },
{ "type": "Feature", "properties": { "class_id": 4, "class_name": "Agriculture", "raster_row": 443, "raster_col": 932, "block_id": 60 }, "geometry": { "type": "Point", "coordinates": [ 74.039305904697869, 18.545774281917925 ] } },
{ "type": "Feature", "properties": { "class_id": 4, "class_name": "Agriculture", "raster_row": 189, "raster_col": 120, "block_id": 6 }, "geometry": { "type": "Point", "coordinates": [ 73.692308960734977, 18.646984116613254 ] } },
{ "type": "Feature", "properties": { "class_id": 4, "class_name": "Agriculture", "raster_row": 45, "raster_col": 129, "block_id": 15 }, "geometry": { "type": "Point", "coordinates": [ 73.695700422671294, 18.705567567462104 ] } },
{ "type": "Feature", "properties": { "class_id": 4, "class_name": "Agriculture", "raster_row": 76, "raster_col": 937, "block_id": 63 }, "geometry": { "type": "Point", "coordinates": [ 74.040601131107962, 18.695042307390686 ] } },
{ "type": "Feature", "properties": { "class_id": 4, "class_name": "Agriculture", "raster_row": 39, "raster_col": 516, "block_id": 39 }, "geometry": { "type": "Point", "coordinates": [ 73.860838162666596, 18.709083973797213 ] } },
{ "type": "Feature", "properties": { "class_id": 4, "class_name": "Agriculture", "raster_row": 51, "raster_col": 898, "block_id": 63 }, "geometry": { "type": "Point", "coordinates": [ 74.023899080491404, 18.70512367830657 ] } },
{ "type": "Feature", "properties": { "class_id": 4, "class_name": "Agriculture", "raster_row": 514, "raster_col": 730, "block_id": 43 }, "geometry": { "type": "Point", "coordinates": [ 73.953351704908926, 18.516441615497605 ] } },
{ "type": "Feature", "properties": { "class_id": 4, "class_name": "Agriculture", "raster_row": 136, "raster_col": 473, "block_id": 30 }, "geometry": { "type": "Point", "coordinates": [ 73.84275486188713, 18.669524916845866 ] } },
{ "type": "Feature", "properties": { "class_id": 4, "class_name": "Agriculture", "raster_row": 599, "raster_col": 983, "block_id": 59 }, "geometry": { "type": "Point", "coordinates": [ 74.061398024562067, 18.482438096306748 ] } },
{ "type": "Feature", "properties": { "class_id": 4, "class_name": "Agriculture", "raster_row": 130, "raster_col": 457, "block_id": 30 }, "geometry": { "type": "Point", "coordinates": [ 73.83591144591027, 18.671922714541598 ] } },
{ "type": "Feature", "properties": { "class_id": 4, "class_name": "Agriculture", "raster_row": 152, "raster_col": 102, "block_id": 6 }, "geometry": { "type": "Point", "coordinates": [ 73.684514370446919, 18.661976340693041 ] } },
{ "type": "Feature", "properties": { "class_id": 4, "class_name": "Agriculture", "raster_row": 505, "raster_col": 847, "block_id": 51 }, "geometry": { "type": "Point", "coordinates": [ 74.003208987284566, 18.520371369177973 ] } },
{ "type": "Feature", "properties": { "class_id": 4, "class_name": "Agriculture", "raster_row": 447, "raster_col": 977, "block_id": 60 }, "geometry": { "type": "Point", "coordinates": [ 74.058502524839014, 18.544244116277429 ] } },
{ "type": "Feature", "properties": { "class_id": 4, "class_name": "Agriculture", "raster_row": 168, "raster_col": 899, "block_id": 62 }, "geometry": { "type": "Point", "coordinates": [ 74.024598178588903, 18.657543085823718 ] } },
{ "type": "Feature", "properties": { "class_id": 4, "class_name": "Agriculture", "raster_row": 65, "raster_col": 345, "block_id": 23 }, "geometry": { "type": "Point", "coordinates": [ 73.787935959274066, 18.698053128871923 ] } },
{ "type": "Feature", "properties": { "class_id": 4, "class_name": "Agriculture", "raster_row": 181, "raster_col": 1002, "block_id": 62 }, "geometry": { "type": "Point", "coordinates": [ 74.068574206884264, 18.652479043346837 ] } },
{ "type": "Feature", "properties": { "class_id": 4, "class_name": "Agriculture", "raster_row": 560, "raster_col": 921, "block_id": 59 }, "geometry": { "type": "Point", "coordinates": [ 74.034882567684875, 18.49816659942983 ] } },
{ "type": "Feature", "properties": { "class_id": 4, "class_name": "Agriculture", "raster_row": 548, "raster_col": 970, "block_id": 59 }, "geometry": { "type": "Point", "coordinates": [ 74.055743292392961, 18.503152387586933 ] } },
{ "type": "Feature", "properties": { "class_id": 4, "class_name": "Agriculture", "raster_row": 537, "raster_col": 989, "block_id": 59 }, "geometry": { "type": "Point", "coordinates": [ 74.063818464796995, 18.507666366153178 ] } },
{ "type": "Feature", "properties": { "class_id": 4, "class_name": "Agriculture", "raster_row": 244, "raster_col": 776, "block_id": 54 }, "geometry": { "type": "Point", "coordinates": [ 73.972304332924722, 18.626355169568171 ] } },
{ "type": "Feature", "properties": { "class_id": 4, "class_name": "Agriculture", "raster_row": 164, "raster_col": 668, "block_id": 46 }, "geometry": { "type": "Point", "coordinates": [ 73.926029141040502, 18.658632266902675 ] } },
{ "type": "Feature", "properties": { "class_id": 4, "class_name": "Agriculture", "raster_row": 208, "raster_col": 971, "block_id": 62 }, "geometry": { "type": "Point", "coordinates": [ 74.055408458392421, 18.641432232544044 ] } },
{ "type": "Feature", "properties": { "class_id": 4, "class_name": "Agriculture", "raster_row": 13, "raster_col": 687, "block_id": 47 }, "geometry": { "type": "Point", "coordinates": [ 73.933751430601731, 18.72008694263689 ] } },
{ "type": "Feature", "properties": { "class_id": 4, "class_name": "Agriculture", "raster_row": 333, "raster_col": 805, "block_id": 53 }, "geometry": { "type": "Point", "coordinates": [ 73.984889955371571, 18.590227019510419 ] } },
{ "type": "Feature", "properties": { "class_id": 4, "class_name": "Agriculture", "raster_row": 156, "raster_col": 798, "block_id": 54 }, "geometry": { "type": "Point", "coordinates": [ 73.981475833181165, 18.66219465372966 ] } },
{ "type": "Feature", "properties": { "class_id": 4, "class_name": "Agriculture", "raster_row": 509, "raster_col": 847, "block_id": 51 }, "geometry": { "type": "Point", "coordinates": [ 74.003218411419397, 18.518744588840924 ] } },
{ "type": "Feature", "properties": { "class_id": 4, "class_name": "Agriculture", "raster_row": 513, "raster_col": 868, "block_id": 51 }, "geometry": { "type": "Point", "coordinates": [ 74.012180494051876, 18.517164788560734 ] } },
{ "type": "Feature", "properties": { "class_id": 4, "class_name": "Agriculture", "raster_row": 81, "raster_col": 926, "block_id": 63 }, "geometry": { "type": "Point", "coordinates": [ 74.035918234228035, 18.692984777897522 ] } },
{ "type": "Feature", "properties": { "class_id": 4, "class_name": "Agriculture", "raster_row": 233, "raster_col": 900, "block_id": 62 }, "geometry": { "type": "Point", "coordinates": [ 74.02517571029901, 18.631110294655432 ] } },
{ "type": "Feature", "properties": { "class_id": 4, "class_name": "Agriculture", "raster_row": 181, "raster_col": 986, "block_id": 62 }, "geometry": { "type": "Point", "coordinates": [ 74.061747630843314, 18.652445084005841 ] } },
{ "type": "Feature", "properties": { "class_id": 4, "class_name": "Agriculture", "raster_row": 125, "raster_col": 892, "block_id": 63 }, "geometry": { "type": "Point", "coordinates": [ 74.021511209067071, 18.675015269995807 ] } },
{ "type": "Feature", "properties": { "class_id": 4, "class_name": "Agriculture", "raster_row": 133, "raster_col": 821, "block_id": 54 }, "geometry": { "type": "Point", "coordinates": [ 73.991234059641243, 18.671601416779851 ] } },
{ "type": "Feature", "properties": { "class_id": 4, "class_name": "Agriculture", "raster_row": 847, "raster_col": 511, "block_id": 33 }, "geometry": { "type": "Point", "coordinates": [ 73.860885020406911, 18.380477671415782 ] } },
{ "type": "Feature", "properties": { "class_id": 4, "class_name": "Agriculture", "raster_row": 156, "raster_col": 723, "block_id": 46 }, "geometry": { "type": "Point", "coordinates": [ 73.949475412603462, 18.662018408969381 ] } },
{ "type": "Feature", "properties": { "class_id": 4, "class_name": "Agriculture", "raster_row": 820, "raster_col": 753, "block_id": 41 }, "geometry": { "type": "Point", "coordinates": [ 73.963903621384191, 18.39204761781329 ] } },
{ "type": "Feature", "properties": { "class_id": 4, "class_name": "Agriculture", "raster_row": 127, "raster_col": 683, "block_id": 47 }, "geometry": { "type": "Point", "coordinates": [ 73.932334860155237, 18.673715891520661 ] } },
{ "type": "Feature", "properties": { "class_id": 4, "class_name": "Agriculture", "raster_row": 498, "raster_col": 896, "block_id": 60 }, "geometry": { "type": "Point", "coordinates": [ 74.024082813317449, 18.523327234205059 ] } },
{ "type": "Feature", "properties": { "class_id": 4, "class_name": "Agriculture", "raster_row": 975, "raster_col": 770, "block_id": 48 }, "geometry": { "type": "Point", "coordinates": [ 73.971519073513193, 18.329048762591121 ] } },
{ "type": "Feature", "properties": { "class_id": 4, "class_name": "Agriculture", "raster_row": 65, "raster_col": 766, "block_id": 55 }, "geometry": { "type": "Point", "coordinates": [ 73.967598168876805, 18.699128334908504 ] } },
{ "type": "Feature", "properties": { "class_id": 4, "class_name": "Agriculture", "raster_row": 119, "raster_col": 648, "block_id": 47 }, "geometry": { "type": "Point", "coordinates": [ 73.917379858237638, 18.676883782959948 ] } },
{ "type": "Feature", "properties": { "class_id": 4, "class_name": "Agriculture", "raster_row": 67, "raster_col": 750, "block_id": 47 }, "geometry": { "type": "Point", "coordinates": [ 73.960774897045241, 18.698277253310305 ] } },
{ "type": "Feature", "properties": { "class_id": 4, "class_name": "Agriculture", "raster_row": 76, "raster_col": 875, "block_id": 55 }, "geometry": { "type": "Point", "coordinates": [ 74.014141846829489, 18.694905095733649 ] } },
{ "type": "Feature", "properties": { "class_id": 4, "class_name": "Agriculture", "raster_row": 533, "raster_col": 885, "block_id": 59 }, "geometry": { "type": "Point", "coordinates": [ 74.019474240536027, 18.509068562730032 ] } },
{ "type": "Feature", "properties": { "class_id": 4, "class_name": "Agriculture", "raster_row": 54, "raster_col": 702, "block_id": 47 }, "geometry": { "type": "Point", "coordinates": [ 73.940257482494971, 18.703449444151893 ] } },
{ "type": "Feature", "properties": { "class_id": 4, "class_name": "Agriculture", "raster_row": 24, "raster_col": 749, "block_id": 47 }, "geometry": { "type": "Point", "coordinates": [ 73.960241315309233, 18.71576219459709 ] } },
{ "type": "Feature", "properties": { "class_id": 4, "class_name": "Agriculture", "raster_row": 39, "raster_col": 161, "block_id": 15 }, "geometry": { "type": "Point", "coordinates": [ 73.709337636604189, 18.708101957905718 ] } },
{ "type": "Feature", "properties": { "class_id": 4, "class_name": "Agriculture", "raster_row": 605, "raster_col": 920, "block_id": 59 }, "geometry": { "type": "Point", "coordinates": [ 74.034558805782638, 18.479862915294898 ] } },
{ "type": "Feature", "properties": { "class_id": 4, "class_name": "Agriculture", "raster_row": 860, "raster_col": 536, "block_id": 33 }, "geometry": { "type": "Point", "coordinates": [ 73.871568422687545, 18.375254231906545 ] } },
{ "type": "Feature", "properties": { "class_id": 4, "class_name": "Agriculture", "raster_row": 882, "raster_col": 799, "block_id": 48 }, "geometry": { "type": "Point", "coordinates": [ 73.983647556818212, 18.36693804651615 ] } },
{ "type": "Feature", "properties": { "class_id": 4, "class_name": "Agriculture", "raster_row": 181, "raster_col": 825, "block_id": 54 }, "geometry": { "type": "Point", "coordinates": [ 73.99305604872805, 18.65208957071864 ] } },
{ "type": "Feature", "properties": { "class_id": 4, "class_name": "Agriculture", "raster_row": 515, "raster_col": 898, "block_id": 59 }, "geometry": { "type": "Point", "coordinates": [ 74.024974662305354, 18.516417772575693 ] } },
{ "type": "Feature", "properties": { "class_id": 4, "class_name": "Agriculture", "raster_row": 210, "raster_col": 780, "block_id": 54 }, "geometry": { "type": "Point", "coordinates": [ 73.973927670610081, 18.640191823363356 ] } },
{ "type": "Feature", "properties": { "class_id": 4, "class_name": "Agriculture", "raster_row": 133, "raster_col": 711, "block_id": 46 }, "geometry": { "type": "Point", "coordinates": [ 73.944297499608041, 18.671343372060601 ] } },
{ "type": "Feature", "properties": { "class_id": 4, "class_name": "Agriculture", "raster_row": 104, "raster_col": 884, "block_id": 63 }, "geometry": { "type": "Point", "coordinates": [ 74.018048325051822, 18.683537936501239 ] } },
{ "type": "Feature", "properties": { "class_id": 4, "class_name": "Agriculture", "raster_row": 964, "raster_col": 804, "block_id": 48 }, "geometry": { "type": "Point", "coordinates": [ 73.985971905926462, 18.333599989278227 ] } },
{ "type": "Feature", "properties": { "class_id": 4, "class_name": "Agriculture", "raster_row": 3, "raster_col": 631, "block_id": 47 }, "geometry": { "type": "Point", "coordinates": [ 73.909823928716804, 18.724016124124358 ] } },
{ "type": "Feature", "properties": { "class_id": 4, "class_name": "Agriculture", "raster_row": 73, "raster_col": 972, "block_id": 63 }, "geometry": { "type": "Point", "coordinates": [ 74.055531158848154, 18.696338199235974 ] } },
{ "type": "Feature", "properties": { "class_id": 4, "class_name": "Agriculture", "raster_row": 854, "raster_col": 952, "block_id": 57 }, "geometry": { "type": "Point", "coordinates": [ 74.048755231948718, 18.378662534277051 ] } },
{ "type": "Feature", "properties": { "class_id": 4, "class_name": "Agriculture", "raster_row": 106, "raster_col": 666, "block_id": 47 }, "geometry": { "type": "Point", "coordinates": [ 73.925027179032639, 18.682214739917249 ] } },
{ "type": "Feature", "properties": { "class_id": 4, "class_name": "Agriculture", "raster_row": 89, "raster_col": 817, "block_id": 55 }, "geometry": { "type": "Point", "coordinates": [ 73.989421187318257, 18.689486441567428 ] } },
{ "type": "Feature", "properties": { "class_id": 4, "class_name": "Agriculture", "raster_row": 937, "raster_col": 858, "block_id": 48 }, "geometry": { "type": "Point", "coordinates": [ 74.008905971225175, 18.344701871104 ] } },
{ "type": "Feature", "properties": { "class_id": 4, "class_name": "Agriculture", "raster_row": 225, "raster_col": 9, "block_id": 6 }, "geometry": { "type": "Point", "coordinates": [ 73.645073765286966, 18.632009757334949 ] } },
{ "type": "Feature", "properties": { "class_id": 4, "class_name": "Agriculture", "raster_row": 60, "raster_col": 499, "block_id": 31 }, "geometry": { "type": "Point", "coordinates": [ 73.853640509758236, 18.700499728320469 ] } },
{ "type": "Feature", "properties": { "class_id": 4, "class_name": "Agriculture", "raster_row": 910, "raster_col": 812, "block_id": 48 }, "geometry": { "type": "Point", "coordinates": [ 73.989251112371235, 18.355579918279211 ] } },
{ "type": "Feature", "properties": { "class_id": 4, "class_name": "Agriculture", "raster_row": 513, "raster_col": 911, "block_id": 59 }, "geometry": { "type": "Point", "coordinates": [ 74.030512213116026, 18.517259664341438 ] } },
{ "type": "Feature", "properties": { "class_id": 4, "class_name": "Agriculture", "raster_row": 170, "raster_col": 587, "block_id": 38 }, "geometry": { "type": "Point", "coordinates": [ 73.89148589497141, 18.655991476635716 ] } },
{ "type": "Feature", "properties": { "class_id": 4, "class_name": "Agriculture", "raster_row": 2, "raster_col": 280, "block_id": 23 }, "geometry": { "type": "Point", "coordinates": [ 73.760011594254465, 18.723490928773813 ] } },
{ "type": "Feature", "properties": { "class_id": 4, "class_name": "Agriculture", "raster_row": 58, "raster_col": 768, "block_id": 55 }, "geometry": { "type": "Point", "coordinates": [ 73.968434452895309, 18.701979812328272 ] } },
{ "type": "Feature", "properties": { "class_id": 4, "class_name": "Agriculture", "raster_row": 317, "raster_col": 817, "block_id": 53 }, "geometry": { "type": "Point", "coordinates": [ 73.989969546616635, 18.596761561458575 ] } },
{ "type": "Feature", "properties": { "class_id": 4, "class_name": "Agriculture", "raster_row": 959, "raster_col": 877, "block_id": 48 }, "geometry": { "type": "Point", "coordinates": [ 74.017048523673282, 18.335796274987253 ] } },
{ "type": "Feature", "properties": { "class_id": 4, "class_name": "Agriculture", "raster_row": 158, "raster_col": 786, "block_id": 54 }, "geometry": { "type": "Point", "coordinates": [ 73.976360620838449, 18.661353449624194 ] } },
{ "type": "Feature", "properties": { "class_id": 4, "class_name": "Agriculture", "raster_row": 157, "raster_col": 113, "block_id": 6 }, "geometry": { "type": "Point", "coordinates": [ 73.689222909704185, 18.659975930993205 ] } },
{ "type": "Feature", "properties": { "class_id": 4, "class_name": "Agriculture", "raster_row": 943, "raster_col": 836, "block_id": 48 }, "geometry": { "type": "Point", "coordinates": [ 73.999550395122114, 18.342212711105713 ] } },
{ "type": "Feature", "properties": { "class_id": 4, "class_name": "Agriculture", "raster_row": 196, "raster_col": 957, "block_id": 62 }, "geometry": { "type": "Point", "coordinates": [ 74.049408456402134, 18.646282474428858 ] } },
{ "type": "Feature", "properties": { "class_id": 4, "class_name": "Agriculture", "raster_row": 69, "raster_col": 881, "block_id": 63 }, "geometry": { "type": "Point", "coordinates": [ 74.016685976685054, 18.697765361211751 ] } },
{ "type": "Feature", "properties": { "class_id": 4, "class_name": "Agriculture", "raster_row": 520, "raster_col": 909, "block_id": 59 }, "geometry": { "type": "Point", "coordinates": [ 74.029675623691759, 18.514408401508486 ] } },
{ "type": "Feature", "properties": { "class_id": 4, "class_name": "Agriculture", "raster_row": 863, "raster_col": 952, "block_id": 57 }, "geometry": { "type": "Point", "coordinates": [ 74.048775300213151, 18.375002173777983 ] } },
{ "type": "Feature", "properties": { "class_id": 4, "class_name": "Agriculture", "raster_row": 174, "raster_col": 899, "block_id": 62 }, "geometry": { "type": "Point", "coordinates": [ 74.024612121104241, 18.655102934912193 ] } },
{ "type": "Feature", "properties": { "class_id": 4, "class_name": "Agriculture", "raster_row": 29, "raster_col": 122, "block_id": 7 }, "geometry": { "type": "Point", "coordinates": [ 73.692663265064667, 18.712053036487092 ] } },
{ "type": "Feature", "properties": { "class_id": 4, "class_name": "Agriculture", "raster_row": 202, "raster_col": 945, "block_id": 62 }, "geometry": { "type": "Point", "coordinates": [ 74.044302389321246, 18.643816346301939 ] } },
{ "type": "Feature", "properties": { "class_id": 5, "class_name": "Open land", "raster_row": 257, "raster_col": 834, "block_id": 53 }, "geometry": { "type": "Point", "coordinates": [ 73.99707730933504, 18.621201722318663 ] } },
{ "type": "Feature", "properties": { "class_id": 5, "class_name": "Open land", "raster_row": 39, "raster_col": 414, "block_id": 31 }, "geometry": { "type": "Point", "coordinates": [ 73.817307478541252, 18.708814348243173 ] } },
{ "type": "Feature", "properties": { "class_id": 5, "class_name": "Open land", "raster_row": 240, "raster_col": 828, "block_id": 54 }, "geometry": { "type": "Point", "coordinates": [ 73.9944772154996, 18.628101785862267 ] } },
{ "type": "Feature", "properties": { "class_id": 5, "class_name": "Open land", "raster_row": 240, "raster_col": 827, "block_id": 54 }, "geometry": { "type": "Point", "coordinates": [ 73.994050624306752, 18.628099505325068 ] } },
{ "type": "Feature", "properties": { "class_id": 5, "class_name": "Open land", "raster_row": 30, "raster_col": 413, "block_id": 31 }, "geometry": { "type": "Point", "coordinates": [ 73.816855264135, 18.712471608689576 ] } },
{ "type": "Feature", "properties": { "class_id": 5, "class_name": "Open land", "raster_row": 149, "raster_col": 528, "block_id": 38 }, "geometry": { "type": "Point", "coordinates": [ 73.866257132119401, 18.664381365331231 ] } },
{ "type": "Feature", "properties": { "class_id": 5, "class_name": "Open land", "raster_row": 224, "raster_col": 853, "block_id": 54 }, "geometry": { "type": "Point", "coordinates": [ 74.005104147092112, 18.634665533097884 ] } },
{ "type": "Feature", "properties": { "class_id": 5, "class_name": "Open land", "raster_row": 738, "raster_col": 433, "block_id": 26 }, "geometry": { "type": "Point", "coordinates": [ 73.827360359458098, 18.424603605988999 ] } },
{ "type": "Feature", "properties": { "class_id": 5, "class_name": "Open land", "raster_row": 244, "raster_col": 829, "block_id": 54 }, "geometry": { "type": "Point", "coordinates": [ 73.994913368728788, 18.626477307794531 ] } },
{ "type": "Feature", "properties": { "class_id": 5, "class_name": "Open land", "raster_row": 736, "raster_col": 483, "block_id": 26 }, "geometry": { "type": "Point", "coordinates": [ 73.848658190338682, 18.425547317162405 ] } },
{ "type": "Feature", "properties": { "class_id": 5, "class_name": "Open land", "raster_row": 240, "raster_col": 860, "block_id": 54 }, "geometry": { "type": "Point", "coordinates": [ 74.008128166124919, 18.628174252503651 ] } },
{ "type": "Feature", "properties": { "class_id": 5, "class_name": "Open land", "raster_row": 256, "raster_col": 826, "block_id": 53 }, "geometry": { "type": "Point", "coordinates": [ 73.993662323823187, 18.621590194115555 ] } },
{ "type": "Feature", "properties": { "class_id": 5, "class_name": "Open land", "raster_row": 239, "raster_col": 860, "block_id": 54 }, "geometry": { "type": "Point", "coordinates": [ 74.008125806918827, 18.628580943510361 ] } },
{ "type": "Feature", "properties": { "class_id": 5, "class_name": "Open land", "raster_row": 663, "raster_col": 308, "block_id": 18 }, "geometry": { "type": "Point", "coordinates": [ 73.773886717160281, 18.45476727894836 ] } },
{ "type": "Feature", "properties": { "class_id": 5, "class_name": "Open land", "raster_row": 240, "raster_col": 162, "block_id": 14 }, "geometry": { "type": "Point", "coordinates": [ 73.71038244112529, 18.62636885548298 ] } },
{ "type": "Feature", "properties": { "class_id": 5, "class_name": "Open land", "raster_row": 143, "raster_col": 534, "block_id": 38 }, "geometry": { "type": "Point", "coordinates": [ 73.86880093893727, 18.666836827223932 ] } },
{ "type": "Feature", "properties": { "class_id": 5, "class_name": "Open land", "raster_row": 665, "raster_col": 310, "block_id": 18 }, "geometry": { "type": "Point", "coordinates": [ 73.774744745548119, 18.453959455051425 ] } },
{ "type": "Feature", "properties": { "class_id": 5, "class_name": "Open land", "raster_row": 250, "raster_col": 831, "block_id": 54 }, "geometry": { "type": "Point", "coordinates": [ 73.995780872251743, 18.624041725975786 ] } },
{ "type": "Feature", "properties": { "class_id": 5, "class_name": "Open land", "raster_row": 663, "raster_col": 307, "block_id": 18 }, "geometry": { "type": "Point", "coordinates": [ 73.773460588132167, 18.454764523202506 ] } },
{ "type": "Feature", "properties": { "class_id": 5, "class_name": "Open land", "raster_row": 236, "raster_col": 856, "block_id": 54 }, "geometry": { "type": "Point", "coordinates": [ 74.006412340450211, 18.629792011400131 ] } },
{ "type": "Feature", "properties": { "class_id": 5, "class_name": "Open land", "raster_row": 248, "raster_col": 235, "block_id": 14 }, "geometry": { "type": "Point", "coordinates": [ 73.74154432547482, 18.62332649392707 ] } },
{ "type": "Feature", "properties": { "class_id": 5, "class_name": "Open land", "raster_row": 239, "raster_col": 164, "block_id": 14 }, "geometry": { "type": "Point", "coordinates": [ 73.711232464932593, 18.626781350241792 ] } },
{ "type": "Feature", "properties": { "class_id": 5, "class_name": "Open land", "raster_row": 154, "raster_col": 522, "block_id": 38 }, "geometry": { "type": "Point", "coordinates": [ 73.863710690563678, 18.662332542651267 ] } },
{ "type": "Feature", "properties": { "class_id": 5, "class_name": "Open land", "raster_row": 527, "raster_col": 371, "block_id": 19 }, "geometry": { "type": "Point", "coordinates": [ 73.800348259253994, 18.510245938093028 ] } },
{ "type": "Feature", "properties": { "class_id": 5, "class_name": "Open land", "raster_row": 528, "raster_col": 371, "block_id": 19 }, "geometry": { "type": "Point", "coordinates": [ 73.800351093157559, 18.509839270353606 ] } },
{ "type": "Feature", "properties": { "class_id": 5, "class_name": "Open land", "raster_row": 744, "raster_col": 393, "block_id": 26 }, "geometry": { "type": "Point", "coordinates": [ 73.810334670666634, 18.422057565135692 ] } },
{ "type": "Feature", "properties": { "class_id": 5, "class_name": "Open land", "raster_row": 235, "raster_col": 850, "block_id": 54 }, "geometry": { "type": "Point", "coordinates": [ 74.003850389960192, 18.630185165261825 ] } },
{ "type": "Feature", "properties": { "class_id": 5, "class_name": "Open land", "raster_row": 38, "raster_col": 415, "block_id": 31 }, "geometry": { "type": "Point", "coordinates": [ 73.817731421245739, 18.7092237024155 ] } },
{ "type": "Feature", "properties": { "class_id": 5, "class_name": "Open land", "raster_row": 817, "raster_col": 899, "block_id": 57 }, "geometry": { "type": "Point", "coordinates": [ 74.02609382011596, 18.393596383542818 ] } },
{ "type": "Feature", "properties": { "class_id": 5, "class_name": "Open land", "raster_row": 154, "raster_col": 523, "block_id": 38 }, "geometry": { "type": "Point", "coordinates": [ 73.864137349006725, 18.662335123258462 ] } },
{ "type": "Feature", "properties": { "class_id": 5, "class_name": "Open land", "raster_row": 144, "raster_col": 526, "block_id": 38 }, "geometry": { "type": "Point", "coordinates": [ 73.865390282387366, 18.66640956474976 ] } },
{ "type": "Feature", "properties": { "class_id": 5, "class_name": "Open land", "raster_row": 241, "raster_col": 829, "block_id": 54 }, "geometry": { "type": "Point", "coordinates": [ 73.994906197340384, 18.627697376049806 ] } },
{ "type": "Feature", "properties": { "class_id": 5, "class_name": "Open land", "raster_row": 227, "raster_col": 870, "block_id": 54 }, "geometry": { "type": "Point", "coordinates": [ 74.01236355847, 18.633483683787993 ] } },
{ "type": "Feature", "properties": { "class_id": 5, "class_name": "Open land", "raster_row": 226, "raster_col": 881, "block_id": 62 }, "geometry": { "type": "Point", "coordinates": [ 74.017053900234757, 18.633914958492259 ] } },
{ "type": "Feature", "properties": { "class_id": 5, "class_name": "Open land", "raster_row": 249, "raster_col": 831, "block_id": 54 }, "geometry": { "type": "Point", "coordinates": [ 73.995778484248859, 18.624448415625771 ] } },
{ "type": "Feature", "properties": { "class_id": 5, "class_name": "Open land", "raster_row": 251, "raster_col": 830, "block_id": 54 }, "geometry": { "type": "Point", "coordinates": [ 73.995356679969959, 18.623632759257642 ] } },
{ "type": "Feature", "properties": { "class_id": 5, "class_name": "Open land", "raster_row": 215, "raster_col": 884, "block_id": 62 }, "geometry": { "type": "Point", "coordinates": [ 74.018308030392589, 18.638395253905916 ] } },
{ "type": "Feature", "properties": { "class_id": 5, "class_name": "Open land", "raster_row": 231, "raster_col": 859, "block_id": 54 }, "geometry": { "type": "Point", "coordinates": [ 74.007680328792901, 18.631832220853049 ] } },
{ "type": "Feature", "properties": { "class_id": 5, "class_name": "Open land", "raster_row": 759, "raster_col": 627, "block_id": 33 }, "geometry": { "type": "Point", "coordinates": [ 73.9100717083994, 18.416555602937155 ] } },
{ "type": "Feature", "properties": { "class_id": 5, "class_name": "Open land", "raster_row": 272, "raster_col": 271, "block_id": 21 }, "geometry": { "type": "Point", "coordinates": [ 73.756970801823982, 18.613668813415956 ] } },
{ "type": "Feature", "properties": { "class_id": 5, "class_name": "Open land", "raster_row": 273, "raster_col": 271, "block_id": 21 }, "geometry": { "type": "Point", "coordinates": [ 73.756973755787513, 18.613262156726542 ] } },
{ "type": "Feature", "properties": { "class_id": 5, "class_name": "Open land", "raster_row": 146, "raster_col": 516, "block_id": 38 }, "geometry": { "type": "Point", "coordinates": [ 73.861129026727198, 18.66557039837058 ] } },
{ "type": "Feature", "properties": { "class_id": 5, "class_name": "Open land", "raster_row": 274, "raster_col": 829, "block_id": 53 }, "geometry": { "type": "Point", "coordinates": [ 73.99498505207012, 18.614276616405053 ] } },
{ "type": "Feature", "properties": { "class_id": 5, "class_name": "Open land", "raster_row": 223, "raster_col": 855, "block_id": 54 }, "geometry": { "type": "Point", "coordinates": [ 74.005954999940769, 18.635076735069632 ] } },
{ "type": "Feature", "properties": { "class_id": 5, "class_name": "Open land", "raster_row": 124, "raster_col": 167, "block_id": 15 }, "geometry": { "type": "Point", "coordinates": [ 73.712159454186079, 18.673554639906779 ] } },
{ "type": "Feature", "properties": { "class_id": 5, "class_name": "Open land", "raster_row": 249, "raster_col": 829, "block_id": 54 }, "geometry": { "type": "Point", "coordinates": [ 73.994925319808615, 18.624443860345309 ] } },
{ "type": "Feature", "properties": { "class_id": 5, "class_name": "Open land", "raster_row": 216, "raster_col": 883, "block_id": 62 }, "geometry": { "type": "Point", "coordinates": [ 74.017883747743156, 18.637986334433862 ] } },
{ "type": "Feature", "properties": { "class_id": 5, "class_name": "Open land", "raster_row": 353, "raster_col": 608, "block_id": 37 }, "geometry": { "type": "Point", "coordinates": [ 73.900923722176699, 18.581622155419147 ] } },
{ "type": "Feature", "properties": { "class_id": 5, "class_name": "Open land", "raster_row": 180, "raster_col": 540, "block_id": 38 }, "geometry": { "type": "Point", "coordinates": [ 73.871460460930251, 18.651805380861216 ] } },
{ "type": "Feature", "properties": { "class_id": 5, "class_name": "Open land", "raster_row": 224, "raster_col": 870, "block_id": 54 }, "geometry": { "type": "Point", "coordinates": [ 74.012356508732736, 18.634703757633432 ] } },
{ "type": "Feature", "properties": { "class_id": 5, "class_name": "Open land", "raster_row": 223, "raster_col": 854, "block_id": 54 }, "geometry": { "type": "Point", "coordinates": [ 74.005528389844244, 18.635074479743533 ] } },
{ "type": "Feature", "properties": { "class_id": 5, "class_name": "Open land", "raster_row": 226, "raster_col": 861, "block_id": 54 }, "geometry": { "type": "Point", "coordinates": [ 74.00852173911592, 18.633870174337357 ] } },
{ "type": "Feature", "properties": { "class_id": 5, "class_name": "Open land", "raster_row": 153, "raster_col": 522, "block_id": 38 }, "geometry": { "type": "Point", "coordinates": [ 73.863707982575562, 18.662739213039362 ] } },
{ "type": "Feature", "properties": { "class_id": 5, "class_name": "Open land", "raster_row": 231, "raster_col": 854, "block_id": 54 }, "geometry": { "type": "Point", "coordinates": [ 74.005547318283618, 18.631820956003786 ] } },
{ "type": "Feature", "properties": { "class_id": 5, "class_name": "Open land", "raster_row": 227, "raster_col": 871, "block_id": 54 }, "geometry": { "type": "Point", "coordinates": [ 74.012790165481462, 18.633485923427013 ] } },
{ "type": "Feature", "properties": { "class_id": 5, "class_name": "Open land", "raster_row": 817, "raster_col": 900, "block_id": 57 }, "geometry": { "type": "Point", "coordinates": [ 74.026519834798393, 18.393598564656273 ] } },
{ "type": "Feature", "properties": { "class_id": 5, "class_name": "Open land", "raster_row": 419, "raster_col": 965, "block_id": 60 }, "geometry": { "type": "Point", "coordinates": [ 74.0533230792702, 18.555606135143478 ] } },
{ "type": "Feature", "properties": { "class_id": 5, "class_name": "Open land", "raster_row": 257, "raster_col": 841, "block_id": 53 }, "geometry": { "type": "Point", "coordinates": [ 74.000063331330438, 18.62121761207171 ] } },
{ "type": "Feature", "properties": { "class_id": 5, "class_name": "Open land", "raster_row": 421, "raster_col": 965, "block_id": 60 }, "geometry": { "type": "Point", "coordinates": [ 74.053327563708152, 18.554792735907267 ] } },
{ "type": "Feature", "properties": { "class_id": 5, "class_name": "Open land", "raster_row": 147, "raster_col": 532, "block_id": 38 }, "geometry": { "type": "Point", "coordinates": [ 73.867958391893424, 18.66520500168313 ] } },
{ "type": "Feature", "properties": { "class_id": 5, "class_name": "Open land", "raster_row": 251, "raster_col": 831, "block_id": 54 }, "geometry": { "type": "Point", "coordinates": [ 73.995783260192979, 18.623635036307952 ] } },
{ "type": "Feature", "properties": { "class_id": 5, "class_name": "Open land", "raster_row": 150, "raster_col": 516, "block_id": 38 }, "geometry": { "type": "Point", "coordinates": [ 73.861139884609543, 18.663943718661859 ] } },
{ "type": "Feature", "properties": { "class_id": 5, "class_name": "Open land", "raster_row": 39, "raster_col": 413, "block_id": 31 }, "geometry": { "type": "Point", "coordinates": [ 73.816880710828556, 18.708811654836524 ] } },
{ "type": "Feature", "properties": { "class_id": 5, "class_name": "Open land", "raster_row": 143, "raster_col": 533, "block_id": 38 }, "geometry": { "type": "Point", "coordinates": [ 73.868374268547456, 18.666834256612137 ] } },
{ "type": "Feature", "properties": { "class_id": 5, "class_name": "Open land", "raster_row": 40, "raster_col": 412, "block_id": 31 }, "geometry": { "type": "Point", "coordinates": [ 73.81645677125438, 18.708402298892036 ] } },
{ "type": "Feature", "properties": { "class_id": 5, "class_name": "Open land", "raster_row": 249, "raster_col": 234, "block_id": 14 }, "geometry": { "type": "Point", "coordinates": [ 73.74112077690792, 18.622916986840259 ] } },
{ "type": "Feature", "properties": { "class_id": 5, "class_name": "Open land", "raster_row": 728, "raster_col": 482, "block_id": 26 }, "geometry": { "type": "Point", "coordinates": [ 73.848210459526925, 18.428798159777518 ] } },
{ "type": "Feature", "properties": { "class_id": 5, "class_name": "Open land", "raster_row": 206, "raster_col": 884, "block_id": 62 }, "geometry": { "type": "Point", "coordinates": [ 74.018287000886971, 18.642055479613546 ] } },
{ "type": "Feature", "properties": { "class_id": 5, "class_name": "Open land", "raster_row": 148, "raster_col": 515, "block_id": 38 }, "geometry": { "type": "Point", "coordinates": [ 73.860707791756496, 18.664754470801583 ] } },
{ "type": "Feature", "properties": { "class_id": 5, "class_name": "Open land", "raster_row": 238, "raster_col": 861, "block_id": 54 }, "geometry": { "type": "Point", "coordinates": [ 74.008550042896729, 18.628989883232197 ] } },
{ "type": "Feature", "properties": { "class_id": 5, "class_name": "Open land", "raster_row": 419, "raster_col": 964, "block_id": 60 }, "geometry": { "type": "Point", "coordinates": [ 74.052896661007068, 18.555603996073703 ] } },
{ "type": "Feature", "properties": { "class_id": 5, "class_name": "Open land", "raster_row": 265, "raster_col": 828, "block_id": 53 }, "geometry": { "type": "Point", "coordinates": [ 73.994536986991022, 18.617934547271435 ] } },
{ "type": "Feature", "properties": { "class_id": 5, "class_name": "Open land", "raster_row": 156, "raster_col": 528, "block_id": 38 }, "geometry": { "type": "Point", "coordinates": [ 73.866276045840252, 18.661534670211424 ] } },
{ "type": "Feature", "properties": { "class_id": 5, "class_name": "Open land", "raster_row": 756, "raster_col": 662, "block_id": 41 }, "geometry": { "type": "Point", "coordinates": [ 73.924976113633164, 18.41786063976059 ] } },
{ "type": "Feature", "properties": { "class_id": 5, "class_name": "Open land", "raster_row": 143, "raster_col": 527, "block_id": 38 }, "geometry": { "type": "Point", "coordinates": [ 73.865814247669746, 18.666818812593529 ] } },
{ "type": "Feature", "properties": { "class_id": 5, "class_name": "Open land", "raster_row": 158, "raster_col": 529, "block_id": 38 }, "geometry": { "type": "Point", "coordinates": [ 73.866708103930122, 18.660723903141463 ] } },
{ "type": "Feature", "properties": { "class_id": 5, "class_name": "Open land", "raster_row": 420, "raster_col": 965, "block_id": 60 }, "geometry": { "type": "Point", "coordinates": [ 74.053325321518187, 18.555199435534249 ] } },
{ "type": "Feature", "properties": { "class_id": 5, "class_name": "Open land", "raster_row": 143, "raster_col": 526, "block_id": 38 }, "geometry": { "type": "Point", "coordinates": [ 73.865387577767223, 18.666816235199132 ] } },
{ "type": "Feature", "properties": { "class_id": 5, "class_name": "Open land", "raster_row": 235, "raster_col": 849, "block_id": 54 }, "geometry": { "type": "Point", "coordinates": [ 74.003423792343639, 18.63018290573325 ] } },
{ "type": "Feature", "properties": { "class_id": 5, "class_name": "Open land", "raster_row": 576, "raster_col": 661, "block_id": 43 }, "geometry": { "type": "Point", "coordinates": [ 73.924094130491284, 18.491062012689579 ] } },
{ "type": "Feature", "properties": { "class_id": 5, "class_name": "Open land", "raster_row": 256, "raster_col": 832, "block_id": 53 }, "geometry": { "type": "Point", "coordinates": [ 73.996221774189692, 18.621603863518356 ] } },
{ "type": "Feature", "properties": { "class_id": 5, "class_name": "Open land", "raster_row": 226, "raster_col": 862, "block_id": 54 }, "geometry": { "type": "Point", "coordinates": [ 74.008948346595204, 18.633872422734292 ] } },
{ "type": "Feature", "properties": { "class_id": 5, "class_name": "Open land", "raster_row": 231, "raster_col": 853, "block_id": 54 }, "geometry": { "type": "Point", "coordinates": [ 74.005120716364843, 18.631818700132449 ] } },
{ "type": "Feature", "properties": { "class_id": 5, "class_name": "Open land", "raster_row": 353, "raster_col": 607, "block_id": 37 }, "geometry": { "type": "Point", "coordinates": [ 73.90049725962551, 18.581619668758577 ] } },
{ "type": "Feature", "properties": { "class_id": 5, "class_name": "Open land", "raster_row": 264, "raster_col": 828, "block_id": 53 }, "geometry": { "type": "Point", "coordinates": [ 73.994534596872086, 18.618341237029277 ] } },
{ "type": "Feature", "properties": { "class_id": 5, "class_name": "Open land", "raster_row": 190, "raster_col": 437, "block_id": 30 }, "geometry": { "type": "Point", "coordinates": [ 73.827545530043622, 18.647469691998324 ] } },
{ "type": "Feature", "properties": { "class_id": 5, "class_name": "Open land", "raster_row": 737, "raster_col": 433, "block_id": 26 }, "geometry": { "type": "Point", "coordinates": [ 73.827357603022648, 18.425010281371364 ] } },
{ "type": "Feature", "properties": { "class_id": 5, "class_name": "Open land", "raster_row": 726, "raster_col": 482, "block_id": 26 }, "geometry": { "type": "Point", "coordinates": [ 73.84820504327277, 18.429611516203153 ] } },
{ "type": "Feature", "properties": { "class_id": 5, "class_name": "Open land", "raster_row": 267, "raster_col": 272, "block_id": 21 }, "geometry": { "type": "Point", "coordinates": [ 73.757382556312805, 18.615704912869258 ] } },
{ "type": "Feature", "properties": { "class_id": 5, "class_name": "Open land", "raster_row": 237, "raster_col": 860, "block_id": 54 }, "geometry": { "type": "Point", "coordinates": [ 74.008121088323946, 18.629394325470223 ] } },
{ "type": "Feature", "properties": { "class_id": 5, "class_name": "Open land", "raster_row": 145, "raster_col": 526, "block_id": 38 }, "geometry": { "type": "Point", "coordinates": [ 73.865392986937778, 18.666002894282425 ] } },
{ "type": "Feature", "properties": { "class_id": 5, "class_name": "Open land", "raster_row": 183, "raster_col": 436, "block_id": 30 }, "geometry": { "type": "Point", "coordinates": [ 73.8270993632173, 18.650313690322662 ] } },
{ "type": "Feature", "properties": { "class_id": 5, "class_name": "Open land", "raster_row": 232, "raster_col": 829, "block_id": 54 }, "geometry": { "type": "Point", "coordinates": [ 73.994884679842798, 18.63135757985139 ] } },
{ "type": "Feature", "properties": { "class_id": 5, "class_name": "Open land", "raster_row": 38, "raster_col": 413, "block_id": 31 }, "geometry": { "type": "Point", "coordinates": [ 73.816877883709211, 18.709218316447899 ] } },
{ "type": "Feature", "properties": { "class_id": 5, "class_name": "Open land", "raster_row": 263, "raster_col": 827, "block_id": 53 }, "geometry": { "type": "Point", "coordinates": [ 73.994105638818908, 18.618745647459001 ] } },
{ "type": "Feature", "properties": { "class_id": 5, "class_name": "Open land", "raster_row": 225, "raster_col": 869, "block_id": 54 }, "geometry": { "type": "Point", "coordinates": [ 74.01193224972576, 18.634294825658383 ] } },
{ "type": "Feature", "properties": { "class_id": 5, "class_name": "Open land", "raster_row": 756, "raster_col": 661, "block_id": 41 }, "geometry": { "type": "Point", "coordinates": [ 73.924550052855224, 18.417858228149203 ] } },
{ "type": "Feature", "properties": { "class_id": 5, "class_name": "Open land", "raster_row": 221, "raster_col": 854, "block_id": 54 }, "geometry": { "type": "Point", "coordinates": [ 74.005523657123732, 18.635887860499921 ] } },
{ "type": "Feature", "properties": { "class_id": 5, "class_name": "Open land", "raster_row": 214, "raster_col": 884, "block_id": 62 }, "geometry": { "type": "Point", "coordinates": [ 74.018305694022004, 18.638801945722619 ] } },
{ "type": "Feature", "properties": { "class_id": 5, "class_name": "Open land", "raster_row": 163, "raster_col": 458, "block_id": 30 }, "geometry": { "type": "Point", "coordinates": [ 73.836429650597239, 18.658505369782279 ] } },
{ "type": "Feature", "properties": { "class_id": 5, "class_name": "Open land", "raster_row": 239, "raster_col": 861, "block_id": 54 }, "geometry": { "type": "Point", "coordinates": [ 74.00855240114943, 18.628583192190746 ] } },
{ "type": "Feature", "properties": { "class_id": 5, "class_name": "Open land", "raster_row": 225, "raster_col": 853, "block_id": 54 }, "geometry": { "type": "Point", "coordinates": [ 74.005106514314349, 18.634258842727814 ] } },
{ "type": "Feature", "properties": { "class_id": 5, "class_name": "Open land", "raster_row": 224, "raster_col": 855, "block_id": 54 }, "geometry": { "type": "Point", "coordinates": [ 74.005957365194746, 18.634670044611919 ] } },
{ "type": "Feature", "properties": { "class_id": 5, "class_name": "Open land", "raster_row": 252, "raster_col": 830, "block_id": 54 }, "geometry": { "type": "Point", "coordinates": [ 73.995359068863465, 18.623226069625233 ] } },
{ "type": "Feature", "properties": { "class_id": 5, "class_name": "Open land", "raster_row": 225, "raster_col": 870, "block_id": 54 }, "geometry": { "type": "Point", "coordinates": [ 74.012358858705809, 18.634297066369466 ] } },
{ "type": "Feature", "properties": { "class_id": 5, "class_name": "Open land", "raster_row": 230, "raster_col": 853, "block_id": 54 }, "geometry": { "type": "Point", "coordinates": [ 74.005118349509161, 18.632225390609644 ] } },
{ "type": "Feature", "properties": { "class_id": 5, "class_name": "Open land", "raster_row": 268, "raster_col": 273, "block_id": 21 }, "geometry": { "type": "Point", "coordinates": [ 73.75781203415869, 18.615301071448279 ] } },
{ "type": "Feature", "properties": { "class_id": 5, "class_name": "Open land", "raster_row": 752, "raster_col": 670, "block_id": 42 }, "geometry": { "type": "Point", "coordinates": [ 73.92837452979218, 18.419506657326682 ] } },
{ "type": "Feature", "properties": { "class_id": 5, "class_name": "Open land", "raster_row": 8, "raster_col": 382, "block_id": 31 }, "geometry": { "type": "Point", "coordinates": [ 73.803562293597935, 18.721334118403714 ] } },
{ "type": "Feature", "properties": { "class_id": 5, "class_name": "Open land", "raster_row": 262, "raster_col": 834, "block_id": 53 }, "geometry": { "type": "Point", "coordinates": [ 73.997089231061224, 18.619168272377763 ] } },
{ "type": "Feature", "properties": { "class_id": 5, "class_name": "Open land", "raster_row": 353, "raster_col": 606, "block_id": 37 }, "geometry": { "type": "Point", "coordinates": [ 73.900070797141765, 18.581617181133762 ] } },
{ "type": "Feature", "properties": { "class_id": 5, "class_name": "Open land", "raster_row": 242, "raster_col": 829, "block_id": 54 }, "geometry": { "type": "Point", "coordinates": [ 73.994908587864913, 18.627290686649239 ] } },
{ "type": "Feature", "properties": { "class_id": 5, "class_name": "Open land", "raster_row": 222, "raster_col": 855, "block_id": 54 }, "geometry": { "type": "Point", "coordinates": [ 74.005952634625757, 18.635483425509495 ] } },
{ "type": "Feature", "properties": { "class_id": 5, "class_name": "Open land", "raster_row": 255, "raster_col": 830, "block_id": 53 }, "geometry": { "type": "Point", "coordinates": [ 73.995366235173947, 18.622006000620893 ] } },
{ "type": "Feature", "properties": { "class_id": 5, "class_name": "Open land", "raster_row": 222, "raster_col": 854, "block_id": 54 }, "geometry": { "type": "Point", "coordinates": [ 74.00552602351452, 18.635481170130657 ] } },
{ "type": "Feature", "properties": { "class_id": 5, "class_name": "Open land", "raster_row": 4, "raster_col": 394, "block_id": 31 }, "geometry": { "type": "Point", "coordinates": [ 73.808672467606158, 18.722993399350568 ] } },
{ "type": "Feature", "properties": { "class_id": 5, "class_name": "Open land", "raster_row": 219, "raster_col": 868, "block_id": 54 }, "geometry": { "type": "Point", "coordinates": [ 74.011491527881489, 18.636732730667035 ] } },
{ "type": "Feature", "properties": { "class_id": 5, "class_name": "Open land", "raster_row": 145, "raster_col": 530, "block_id": 38 }, "geometry": { "type": "Point", "coordinates": [ 73.867099658833695, 18.666013197565199 ] } },
{ "type": "Feature", "properties": { "class_id": 5, "class_name": "Open land", "raster_row": 228, "raster_col": 871, "block_id": 54 }, "geometry": { "type": "Point", "coordinates": [ 74.01279251425801, 18.633079232057117 ] } },
{ "type": "Feature", "properties": { "class_id": 5, "class_name": "Open land", "raster_row": 40, "raster_col": 414, "block_id": 31 }, "geometry": { "type": "Point", "coordinates": [ 73.81731030456865, 18.708407686550999 ] } },
{ "type": "Feature", "properties": { "class_id": 5, "class_name": "Open land", "raster_row": 224, "raster_col": 869, "block_id": 54 }, "geometry": { "type": "Point", "coordinates": [ 74.011929898738018, 18.634701516869949 ] } },
{ "type": "Feature", "properties": { "class_id": 5, "class_name": "Open land", "raster_row": 148, "raster_col": 516, "block_id": 38 }, "geometry": { "type": "Point", "coordinates": [ 73.861134455808326, 18.664757058552158 ] } },
{ "type": "Feature", "properties": { "class_id": 5, "class_name": "Open land", "raster_row": 241, "raster_col": 828, "block_id": 54 }, "geometry": { "type": "Point", "coordinates": [ 73.994479607100033, 18.627695096532879 ] } },
{ "type": "Feature", "properties": { "class_id": 5, "class_name": "Open land", "raster_row": 190, "raster_col": 436, "block_id": 30 }, "geometry": { "type": "Point", "coordinates": [ 73.827118914266165, 18.647467030325856 ] } },
{ "type": "Feature", "properties": { "class_id": 5, "class_name": "Open land", "raster_row": 237, "raster_col": 834, "block_id": 54 }, "geometry": { "type": "Point", "coordinates": [ 73.997029607037362, 18.629335517619488 ] } },
{ "type": "Feature", "properties": { "class_id": 5, "class_name": "Open land", "raster_row": 731, "raster_col": 482, "block_id": 26 }, "geometry": { "type": "Point", "coordinates": [ 73.848218583380032, 18.427578125005695 ] } },
{ "type": "Feature", "properties": { "class_id": 5, "class_name": "Open land", "raster_row": 226, "raster_col": 853, "block_id": 54 }, "geometry": { "type": "Point", "coordinates": [ 74.005108881475493, 18.633852152339887 ] } },
{ "type": "Feature", "properties": { "class_id": 5, "class_name": "Open land", "raster_row": 8, "raster_col": 383, "block_id": 31 }, "geometry": { "type": "Point", "coordinates": [ 73.80398909064958, 18.721336843885396 ] } },
{ "type": "Feature", "properties": { "class_id": 5, "class_name": "Open land", "raster_row": 231, "raster_col": 831, "block_id": 54 }, "geometry": { "type": "Point", "coordinates": [ 73.995735489653697, 18.631768826272307 ] } },
{ "type": "Feature", "properties": { "class_id": 5, "class_name": "Open land", "raster_row": 143, "raster_col": 536, "block_id": 38 }, "geometry": { "type": "Point", "coordinates": [ 73.869654279925371, 18.666841965540669 ] } },
{ "type": "Feature", "properties": { "class_id": 5, "class_name": "Open land", "raster_row": 236, "raster_col": 851, "block_id": 54 }, "geometry": { "type": "Point", "coordinates": [ 74.004279356216884, 18.629780733362452 ] } },
{ "type": "Feature", "properties": { "class_id": 5, "class_name": "Open land", "raster_row": 203, "raster_col": 679, "block_id": 46 }, "geometry": { "type": "Point", "coordinates": [ 73.930821696459802, 18.64279851392876 ] } },
{ "type": "Feature", "properties": { "class_id": 5, "class_name": "Open land", "raster_row": 190, "raster_col": 435, "block_id": 30 }, "geometry": { "type": "Point", "coordinates": [ 73.826692298560744, 18.647464367685568 ] } },
{ "type": "Feature", "properties": { "class_id": 5, "class_name": "Open land", "raster_row": 240, "raster_col": 164, "block_id": 14 }, "geometry": { "type": "Point", "coordinates": [ 73.711235529887972, 18.626374701330572 ] } },
{ "type": "Feature", "properties": { "class_id": 5, "class_name": "Open land", "raster_row": 240, "raster_col": 859, "block_id": 54 }, "geometry": { "type": "Point", "coordinates": [ 74.007701572969481, 18.628172002908915 ] } },
{ "type": "Feature", "properties": { "class_id": 5, "class_name": "Open land", "raster_row": 737, "raster_col": 479, "block_id": 26 }, "geometry": { "type": "Point", "coordinates": [ 73.846956626775466, 18.425130298035981 ] } },
{ "type": "Feature", "properties": { "class_id": 5, "class_name": "Open land", "raster_row": 612, "raster_col": 541, "block_id": 35 }, "geometry": { "type": "Point", "coordinates": [ 73.873041354186896, 18.476123965708325 ] } },
{ "type": "Feature", "properties": { "class_id": 5, "class_name": "Open land", "raster_row": 240, "raster_col": 163, "block_id": 14 }, "geometry": { "type": "Point", "coordinates": [ 73.710808985467068, 18.626371778890014 ] } },
{ "type": "Feature", "properties": { "class_id": 5, "class_name": "Open land", "raster_row": 274, "raster_col": 270, "block_id": 21 }, "geometry": { "type": "Point", "coordinates": [ 73.756550191391298, 18.612852683238508 ] } },
{ "type": "Feature", "properties": { "class_id": 5, "class_name": "Open land", "raster_row": 125, "raster_col": 168, "block_id": 15 }, "geometry": { "type": "Point", "coordinates": [ 73.712589186683104, 18.67315091929547 ] } },
{ "type": "Feature", "properties": { "class_id": 5, "class_name": "Open land", "raster_row": 274, "raster_col": 272, "block_id": 21 }, "geometry": { "type": "Point", "coordinates": [ 73.757403228034505, 18.612858315833947 ] } },
{ "type": "Feature", "properties": { "class_id": 5, "class_name": "Open land", "raster_row": 757, "raster_col": 629, "block_id": 33 }, "geometry": { "type": "Point", "coordinates": [ 73.910918701781284, 18.417373864789202 ] } },
{ "type": "Feature", "properties": { "class_id": 5, "class_name": "Open land", "raster_row": 210, "raster_col": 681, "block_id": 46 }, "geometry": { "type": "Point", "coordinates": [ 73.931692735531328, 18.639956599979829 ] } },
{ "type": "Feature", "properties": { "class_id": 5, "class_name": "Open land", "raster_row": 736, "raster_col": 479, "block_id": 26 }, "geometry": { "type": "Point", "coordinates": [ 73.846953916314263, 18.425536976234547 ] } },
{ "type": "Feature", "properties": { "class_id": 5, "class_name": "Open land", "raster_row": 231, "raster_col": 838, "block_id": 54 }, "geometry": { "type": "Point", "coordinates": [ 73.998721694928591, 18.631784746003369 ] } },
{ "type": "Feature", "properties": { "class_id": 5, "class_name": "Open land", "raster_row": 258, "raster_col": 833, "block_id": 53 }, "geometry": { "type": "Point", "coordinates": [ 73.996653120492496, 18.620792758588411 ] } },
{ "type": "Feature", "properties": { "class_id": 5, "class_name": "Open land", "raster_row": 274, "raster_col": 271, "block_id": 21 }, "geometry": { "type": "Point", "coordinates": [ 73.75697670967476, 18.612855500019126 ] } },
{ "type": "Feature", "properties": { "class_id": 5, "class_name": "Open land", "raster_row": 147, "raster_col": 514, "block_id": 38 }, "geometry": { "type": "Point", "coordinates": [ 73.860278411236266, 18.665158551879507 ] } },
{ "type": "Feature", "properties": { "class_id": 5, "class_name": "Open land", "raster_row": 142, "raster_col": 533, "block_id": 38 }, "geometry": { "type": "Point", "coordinates": [ 73.868371570973579, 18.667240927464334 ] } },
{ "type": "Feature", "properties": { "class_id": 5, "class_name": "Open land", "raster_row": 279, "raster_col": 805, "block_id": 53 }, "geometry": { "type": "Point", "coordinates": [ 73.984759769711232, 18.612188239868299 ] } },
{ "type": "Feature", "properties": { "class_id": 5, "class_name": "Open land", "raster_row": 238, "raster_col": 834, "block_id": 54 }, "geometry": { "type": "Point", "coordinates": [ 73.99703199273722, 18.628928828024062 ] } },
{ "type": "Feature", "properties": { "class_id": 5, "class_name": "Open land", "raster_row": 237, "raster_col": 861, "block_id": 54 }, "geometry": { "type": "Point", "coordinates": [ 74.008547684583164, 18.6293965742558 ] } },
{ "type": "Feature", "properties": { "class_id": 5, "class_name": "Open land", "raster_row": 225, "raster_col": 852, "block_id": 54 }, "geometry": { "type": "Point", "coordinates": [ 74.004679906369319, 18.634256585572601 ] } },
{ "type": "Feature", "properties": { "class_id": 5, "class_name": "Open land", "raster_row": 223, "raster_col": 868, "block_id": 54 }, "geometry": { "type": "Point", "coordinates": [ 74.011500936740887, 18.63510596628042 ] } },
{ "type": "Feature", "properties": { "class_id": 5, "class_name": "Open land", "raster_row": 268, "raster_col": 271, "block_id": 21 }, "geometry": { "type": "Point", "coordinates": [ 73.756958985206964, 18.615295439993641 ] } },
{ "type": "Feature", "properties": { "class_id": 5, "class_name": "Open land", "raster_row": 354, "raster_col": 606, "block_id": 37 }, "geometry": { "type": "Point", "coordinates": [ 73.900073406252645, 18.581210502180173 ] } },
{ "type": "Feature", "properties": { "class_id": 5, "class_name": "Open land", "raster_row": 262, "raster_col": 833, "block_id": 53 }, "geometry": { "type": "Point", "coordinates": [ 73.996662661805118, 18.619165998812822 ] } },
{ "type": "Feature", "properties": { "class_id": 5, "class_name": "Open land", "raster_row": 147, "raster_col": 533, "block_id": 38 }, "geometry": { "type": "Point", "coordinates": [ 73.868385058147695, 18.665207573023693 ] } },
{ "type": "Feature", "properties": { "class_id": 5, "class_name": "Open land", "raster_row": 224, "raster_col": 852, "block_id": 54 }, "geometry": { "type": "Point", "coordinates": [ 74.004677538132427, 18.634663275889888 ] } },
{ "type": "Feature", "properties": { "class_id": 5, "class_name": "Open land", "raster_row": 493, "raster_col": 314, "block_id": 20 }, "geometry": { "type": "Point", "coordinates": [ 73.775952620850646, 18.523916840151735 ] } },
{ "type": "Feature", "properties": { "class_id": 5, "class_name": "Open land", "raster_row": 203, "raster_col": 680, "block_id": 46 }, "geometry": { "type": "Point", "coordinates": [ 73.931248315767476, 18.642800939664472 ] } },
{ "type": "Feature", "properties": { "class_id": 5, "class_name": "Open land", "raster_row": 750, "raster_col": 381, "block_id": 26 }, "geometry": { "type": "Point", "coordinates": [ 73.805238872251621, 18.419585436890745 ] } },
{ "type": "Feature", "properties": { "class_id": 5, "class_name": "Open land", "raster_row": 249, "raster_col": 235, "block_id": 14 }, "geometry": { "type": "Point", "coordinates": [ 73.741547317758005, 18.62291984005779 ] } },
{ "type": "Feature", "properties": { "class_id": 5, "class_name": "Open land", "raster_row": 226, "raster_col": 870, "block_id": 54 }, "geometry": { "type": "Point", "coordinates": [ 74.012361208618231, 18.633890375087653 ] } },
{ "type": "Feature", "properties": { "class_id": 5, "class_name": "Open land", "raster_row": 150, "raster_col": 515, "block_id": 38 }, "geometry": { "type": "Point", "coordinates": [ 73.860713222590491, 18.663941131032139 ] } },
{ "type": "Feature", "properties": { "class_id": 5, "class_name": "Open land", "raster_row": 272, "raster_col": 273, "block_id": 21 }, "geometry": { "type": "Point", "coordinates": [ 73.757823842671527, 18.613674444343395 ] } },
{ "type": "Feature", "properties": { "class_id": 5, "class_name": "Open land", "raster_row": 231, "raster_col": 829, "block_id": 54 }, "geometry": { "type": "Point", "coordinates": [ 73.994882288701163, 18.631764269073383 ] } },
{ "type": "Feature", "properties": { "class_id": 5, "class_name": "Open land", "raster_row": 238, "raster_col": 863, "block_id": 54 }, "geometry": { "type": "Point", "coordinates": [ 74.009403233569131, 18.628994377797138 ] } },
{ "type": "Feature", "properties": { "class_id": 5, "class_name": "Open land", "raster_row": 353, "raster_col": 605, "block_id": 37 }, "geometry": { "type": "Point", "coordinates": [ 73.899644334725465, 18.581614692544697 ] } },
{ "type": "Feature", "properties": { "class_id": 5, "class_name": "Open land", "raster_row": 148, "raster_col": 514, "block_id": 38 }, "geometry": { "type": "Point", "coordinates": [ 73.860281127774684, 18.664751882082189 ] } },
{ "type": "Feature", "properties": { "class_id": 5, "class_name": "Open land", "raster_row": 354, "raster_col": 607, "block_id": 37 }, "geometry": { "type": "Point", "coordinates": [ 73.900499867725301, 18.581212989746675 ] } },
{ "type": "Feature", "properties": { "class_id": 5, "class_name": "Open land", "raster_row": 243, "raster_col": 860, "block_id": 54 }, "geometry": { "type": "Point", "coordinates": [ 74.008135243377808, 18.626954179376447 ] } },
{ "type": "Feature", "properties": { "class_id": 5, "class_name": "Open land", "raster_row": 239, "raster_col": 863, "block_id": 54 }, "geometry": { "type": "Point", "coordinates": [ 74.009405589793246, 18.628587686650544 ] } },
{ "type": "Feature", "properties": { "class_id": 5, "class_name": "Open land", "raster_row": 241, "raster_col": 827, "block_id": 54 }, "geometry": { "type": "Point", "coordinates": [ 73.994053016921399, 18.627692816049027 ] } },
{ "type": "Feature", "properties": { "class_id": 5, "class_name": "Open land", "raster_row": 269, "raster_col": 273, "block_id": 21 }, "geometry": { "type": "Point", "coordinates": [ 73.757814986401243, 18.614894414699052 ] } },
{ "type": "Feature", "properties": { "class_id": 5, "class_name": "Open land", "raster_row": 256, "raster_col": 834, "block_id": 53 }, "geometry": { "type": "Point", "coordinates": [ 73.997074924805105, 18.621608412253295 ] } },
{ "type": "Feature", "properties": { "class_id": 5, "class_name": "Open land", "raster_row": 257, "raster_col": 833, "block_id": 53 }, "geometry": { "type": "Point", "coordinates": [ 73.996650735010334, 18.62119944848769 ] } },
{ "type": "Feature", "properties": { "class_id": 5, "class_name": "Open land", "raster_row": 223, "raster_col": 869, "block_id": 54 }, "geometry": { "type": "Point", "coordinates": [ 74.011927547689623, 18.635108208063659 ] } },
{ "type": "Feature", "properties": { "class_id": 5, "class_name": "Open land", "raster_row": 9, "raster_col": 383, "block_id": 31 }, "geometry": { "type": "Point", "coordinates": [ 73.803991950551378, 18.720930184709044 ] } },
{ "type": "Feature", "properties": { "class_id": 5, "class_name": "Open land", "raster_row": 256, "raster_col": 830, "block_id": 53 }, "geometry": { "type": "Point", "coordinates": [ 73.995368623820752, 18.621599310917077 ] } },
{ "type": "Feature", "properties": { "class_id": 5, "class_name": "Open land", "raster_row": 755, "raster_col": 663, "block_id": 41 }, "geometry": { "type": "Point", "coordinates": [ 73.925399649463472, 18.418269739810803 ] } },
{ "type": "Feature", "properties": { "class_id": 5, "class_name": "Open land", "raster_row": 666, "raster_col": 311, "block_id": 18 }, "geometry": { "type": "Point", "coordinates": [ 73.775173756733778, 18.45355554144589 ] } },
{ "type": "Feature", "properties": { "class_id": 5, "class_name": "Open land", "raster_row": 418, "raster_col": 964, "block_id": 60 }, "geometry": { "type": "Point", "coordinates": [ 74.052894417691405, 18.556010695614958 ] } },
{ "type": "Feature", "properties": { "class_id": 5, "class_name": "Open land", "raster_row": 750, "raster_col": 382, "block_id": 26 }, "geometry": { "type": "Point", "coordinates": [ 73.805664919609583, 18.419588116306883 ] } },
{ "type": "Feature", "properties": { "class_id": 5, "class_name": "Open land", "raster_row": 224, "raster_col": 854, "block_id": 54 }, "geometry": { "type": "Point", "coordinates": [ 74.00553075611289, 18.634667789338561 ] } },
{ "type": "Feature", "properties": { "class_id": 5, "class_name": "Open land", "raster_row": 154, "raster_col": 525, "block_id": 38 }, "geometry": { "type": "Point", "coordinates": [ 73.864990666102173, 18.662340281566767 ] } },
{ "type": "Feature", "properties": { "class_id": 5, "class_name": "Open land", "raster_row": 239, "raster_col": 195, "block_id": 14 }, "geometry": { "type": "Point", "coordinates": [ 73.72445541251777, 18.626871468627485 ] } },
{ "type": "Feature", "properties": { "class_id": 5, "class_name": "Open land", "raster_row": 735, "raster_col": 483, "block_id": 26 }, "geometry": { "type": "Point", "coordinates": [ 73.848655483811172, 18.425953995587371 ] } },
{ "type": "Feature", "properties": { "class_id": 5, "class_name": "Open land", "raster_row": 222, "raster_col": 866, "block_id": 54 }, "geometry": { "type": "Point", "coordinates": [ 74.010645360872346, 18.635508170830413 ] } },
{ "type": "Feature", "properties": { "class_id": 5, "class_name": "Open land", "raster_row": 298, "raster_col": 794, "block_id": 53 }, "geometry": { "type": "Point", "coordinates": [ 73.980113759083622, 18.604435800458873 ] } },
{ "type": "Feature", "properties": { "class_id": 5, "class_name": "Open land", "raster_row": 729, "raster_col": 482, "block_id": 26 }, "geometry": { "type": "Point", "coordinates": [ 73.84821316754838, 18.428391481538032 ] } },
{ "type": "Feature", "properties": { "class_id": 5, "class_name": "Open land", "raster_row": 223, "raster_col": 852, "block_id": 54 }, "geometry": { "type": "Point", "coordinates": [ 74.004675169834428, 18.635069966189317 ] } },
{ "type": "Feature", "properties": { "class_id": 5, "class_name": "Open land", "raster_row": 241, "raster_col": 163, "block_id": 14 }, "geometry": { "type": "Point", "coordinates": [ 73.710812051357024, 18.625965130029115 ] } },
{ "type": "Feature", "properties": { "class_id": 5, "class_name": "Open land", "raster_row": 143, "raster_col": 535, "block_id": 38 }, "geometry": { "type": "Point", "coordinates": [ 73.869227609396575, 18.66683939686677 ] } },
{ "type": "Feature", "properties": { "class_id": 5, "class_name": "Open land", "raster_row": 148, "raster_col": 533, "block_id": 38 }, "geometry": { "type": "Point", "coordinates": [ 73.868387755373902, 18.664800902081666 ] } },
{ "type": "Feature", "properties": { "class_id": 5, "class_name": "Open land", "raster_row": 211, "raster_col": 681, "block_id": 46 }, "geometry": { "type": "Point", "coordinates": [ 73.931695278181834, 18.639549919272113 ] } },
{ "type": "Feature", "properties": { "class_id": 5, "class_name": "Open land", "raster_row": 753, "raster_col": 670, "block_id": 42 }, "geometry": { "type": "Point", "coordinates": [ 73.928377047997415, 18.419099967587861 ] } },
{ "type": "Feature", "properties": { "class_id": 5, "class_name": "Open land", "raster_row": 278, "raster_col": 805, "block_id": 53 }, "geometry": { "type": "Point", "coordinates": [ 73.984757357152404, 18.6125949286435 ] } },
{ "type": "Feature", "properties": { "class_id": 5, "class_name": "Open land", "raster_row": 751, "raster_col": 671, "block_id": 42 }, "geometry": { "type": "Point", "coordinates": [ 73.928798077893418, 18.41991575034632 ] } },
{ "type": "Feature", "properties": { "class_id": 5, "class_name": "Open land", "raster_row": 223, "raster_col": 853, "block_id": 54 }, "geometry": { "type": "Point", "coordinates": [ 74.005101779808783, 18.635072223450095 ] } },
{ "type": "Feature", "properties": { "class_id": 5, "class_name": "Open land", "raster_row": 246, "raster_col": 206, "block_id": 14 }, "geometry": { "type": "Point", "coordinates": [ 73.72916859931324, 18.624056660139384 ] } },
{ "type": "Feature", "properties": { "class_id": 5, "class_name": "Open land", "raster_row": 240, "raster_col": 862, "block_id": 54 }, "geometry": { "type": "Point", "coordinates": [ 74.008981352618491, 18.628178748792248 ] } },
{ "type": "Feature", "properties": { "class_id": 5, "class_name": "Open land", "raster_row": 143, "raster_col": 529, "block_id": 38 }, "geometry": { "type": "Point", "coordinates": [ 73.866667587683835, 18.666823964475508 ] } },
{ "type": "Feature", "properties": { "class_id": 5, "class_name": "Open land", "raster_row": 242, "raster_col": 860, "block_id": 54 }, "geometry": { "type": "Point", "coordinates": [ 74.00813288435441, 18.6273608704367 ] } },
{ "type": "Feature", "properties": { "class_id": 5, "class_name": "Open land", "raster_row": 230, "raster_col": 866, "block_id": 54 }, "geometry": { "type": "Point", "coordinates": [ 74.010664192397059, 18.632254642182414 ] } },
{ "type": "Feature", "properties": { "class_id": 5, "class_name": "Open land", "raster_row": 149, "raster_col": 527, "block_id": 38 }, "geometry": { "type": "Point", "coordinates": [ 73.865830468246017, 18.664378789266717 ] } },
{ "type": "Feature", "properties": { "class_id": 5, "class_name": "Open land", "raster_row": 737, "raster_col": 434, "block_id": 26 }, "geometry": { "type": "Point", "coordinates": [ 73.827783667152659, 18.425012911927343 ] } },
{ "type": "Feature", "properties": { "class_id": 5, "class_name": "Open land", "raster_row": 756, "raster_col": 663, "block_id": 41 }, "geometry": { "type": "Point", "coordinates": [ 73.925402174476815, 18.417863050416798 ] } },
{ "type": "Feature", "properties": { "class_id": 5, "class_name": "Open land", "raster_row": 238, "raster_col": 864, "block_id": 54 }, "geometry": { "type": "Point", "coordinates": [ 74.009829828996573, 18.628996623629092 ] } },
{ "type": "Feature", "properties": { "class_id": 5, "class_name": "Open land", "raster_row": 273, "raster_col": 272, "block_id": 21 }, "geometry": { "type": "Point", "coordinates": [ 73.757400275160194, 18.613264972607272 ] } },
{ "type": "Feature", "properties": { "class_id": 5, "class_name": "Open land", "raster_row": 418, "raster_col": 965, "block_id": 60 }, "geometry": { "type": "Point", "coordinates": [ 74.053320836964161, 18.55601283473494 ] } },
{ "type": "Feature", "properties": { "class_id": 5, "class_name": "Open land", "raster_row": 757, "raster_col": 628, "block_id": 33 }, "geometry": { "type": "Point", "coordinates": [ 73.91049264418703, 18.417371421714858 ] } },
{ "type": "Feature", "properties": { "class_id": 5, "class_name": "Open land", "raster_row": 733, "raster_col": 483, "block_id": 26 }, "geometry": { "type": "Point", "coordinates": [ 73.848650070544991, 18.426767352383969 ] } },
{ "type": "Feature", "properties": { "class_id": 5, "class_name": "Open land", "raster_row": 754, "raster_col": 670, "block_id": 41 }, "geometry": { "type": "Point", "coordinates": [ 73.928379566137153, 18.418693277831323 ] } },
{ "type": "Feature", "properties": { "class_id": 5, "class_name": "Open land", "raster_row": 156, "raster_col": 530, "block_id": 38 }, "geometry": { "type": "Point", "coordinates": [ 73.867129359567684, 18.66153981859232 ] } },
{ "type": "Feature", "properties": { "class_id": 5, "class_name": "Open land", "raster_row": 239, "raster_col": 196, "block_id": 14 }, "geometry": { "type": "Point", "coordinates": [ 73.724881960471109, 18.626874360207829 ] } },
{ "type": "Feature", "properties": { "class_id": 5, "class_name": "Open land", "raster_row": 702, "raster_col": 731, "block_id": 42 }, "geometry": { "type": "Point", "coordinates": [ 73.954241696881382, 18.439986142317093 ] } },
{ "type": "Feature", "properties": { "class_id": 5, "class_name": "Open land", "raster_row": 749, "raster_col": 381, "block_id": 26 }, "geometry": { "type": "Point", "coordinates": [ 73.805236064643978, 18.41999210922565 ] } },
{ "type": "Feature", "properties": { "class_id": 5, "class_name": "Open land", "raster_row": 256, "raster_col": 831, "block_id": 53 }, "geometry": { "type": "Point", "coordinates": [ 73.995795198974392, 18.621601587701008 ] } },
{ "type": "Feature", "properties": { "class_id": 5, "class_name": "Open land", "raster_row": 264, "raster_col": 845, "block_id": 53 }, "geometry": { "type": "Point", "coordinates": [ 74.001786242895392, 18.618379836537517 ] } },
{ "type": "Feature", "properties": { "class_id": 5, "class_name": "Open land", "raster_row": 240, "raster_col": 861, "block_id": 54 }, "geometry": { "type": "Point", "coordinates": [ 74.008554759341266, 18.628176501131435 ] } },
{ "type": "Feature", "properties": { "class_id": 5, "class_name": "Open land", "raster_row": 226, "raster_col": 863, "block_id": 54 }, "geometry": { "type": "Point", "coordinates": [ 74.009374954135367, 18.633874670163944 ] } },
{ "type": "Feature", "properties": { "class_id": 5, "class_name": "Open land", "raster_row": 738, "raster_col": 656, "block_id": 42 }, "geometry": { "type": "Point", "coordinates": [ 73.922374163550856, 18.425166554960626 ] } },
{ "type": "Feature", "properties": { "class_id": 5, "class_name": "Open land", "raster_row": 230, "raster_col": 872, "block_id": 54 }, "geometry": { "type": "Point", "coordinates": [ 74.013223815657639, 18.632268087778474 ] } },
{ "type": "Feature", "properties": { "class_id": 5, "class_name": "Open land", "raster_row": 146, "raster_col": 515, "block_id": 38 }, "geometry": { "type": "Point", "coordinates": [ 73.860702360642492, 18.665567810499148 ] } },
{ "type": "Feature", "properties": { "class_id": 5, "class_name": "Open land", "raster_row": 157, "raster_col": 529, "block_id": 38 }, "geometry": { "type": "Point", "coordinates": [ 73.86670540333445, 18.66113057402281 ] } },
{ "type": "Feature", "properties": { "class_id": 5, "class_name": "Open land", "raster_row": 263, "raster_col": 820, "block_id": 53 }, "geometry": { "type": "Point", "coordinates": [ 73.991119665441687, 18.618729665227303 ] } },
{ "type": "Feature", "properties": { "class_id": 5, "class_name": "Open land", "raster_row": 221, "raster_col": 855, "block_id": 54 }, "geometry": { "type": "Point", "coordinates": [ 74.005950269249695, 18.635890115931499 ] } },
{ "type": "Feature", "properties": { "class_id": 5, "class_name": "Open land", "raster_row": 273, "raster_col": 270, "block_id": 21 }, "geometry": { "type": "Point", "coordinates": [ 73.756547236491116, 18.613259339879995 ] } },
{ "type": "Feature", "properties": { "class_id": 5, "class_name": "Open land", "raster_row": 742, "raster_col": 669, "block_id": 42 }, "geometry": { "type": "Point", "coordinates": [ 73.927923268822312, 18.423571148975029 ] } },
{ "type": "Feature", "properties": { "class_id": 5, "class_name": "Open land", "raster_row": 239, "raster_col": 162, "block_id": 14 }, "geometry": { "type": "Point", "coordinates": [ 73.710379374142462, 18.626775504257452 ] } },
{ "type": "Feature", "properties": { "class_id": 5, "class_name": "Open land", "raster_row": 54, "raster_col": 598, "block_id": 39 }, "geometry": { "type": "Point", "coordinates": [ 73.895873518525903, 18.703193309504822 ] } },
{ "type": "Feature", "properties": { "class_id": 5, "class_name": "Open land", "raster_row": 762, "raster_col": 626, "block_id": 33 }, "geometry": { "type": "Point", "coordinates": [ 73.909653338051385, 18.415333095985986 ] } },
{ "type": "Feature", "properties": { "class_id": 5, "class_name": "Open land", "raster_row": 268, "raster_col": 272, "block_id": 21 }, "geometry": { "type": "Point", "coordinates": [ 73.757385509644692, 18.615298256203925 ] } },
{ "type": "Feature", "properties": { "class_id": 5, "class_name": "Open land", "raster_row": 736, "raster_col": 435, "block_id": 26 }, "geometry": { "type": "Point", "coordinates": [ 73.828206976849131, 18.425422217016646 ] } },
{ "type": "Feature", "properties": { "class_id": 5, "class_name": "Open land", "raster_row": 262, "raster_col": 827, "block_id": 53 }, "geometry": { "type": "Point", "coordinates": [ 73.994103247562876, 18.619152337127804 ] } },
{ "type": "Feature", "properties": { "class_id": 5, "class_name": "Open land", "raster_row": 210, "raster_col": 680, "block_id": 46 }, "geometry": { "type": "Point", "coordinates": [ 73.931266123263043, 18.639954175608562 ] } },
{ "type": "Feature", "properties": { "class_id": 5, "class_name": "Open land", "raster_row": 149, "raster_col": 526, "block_id": 38 }, "geometry": { "type": "Point", "coordinates": [ 73.865403804442323, 18.664376212233403 ] } },
{ "type": "Feature", "properties": { "class_id": 5, "class_name": "Open land", "raster_row": 143, "raster_col": 528, "block_id": 38 }, "geometry": { "type": "Point", "coordinates": [ 73.86624091764196, 18.666821389018995 ] } },
{ "type": "Feature", "properties": { "class_id": 5, "class_name": "Open land", "raster_row": 299, "raster_col": 795, "block_id": 53 }, "geometry": { "type": "Point", "coordinates": [ 73.980542710884038, 18.604031421175247 ] } },
{ "type": "Feature", "properties": { "class_id": 5, "class_name": "Open land", "raster_row": 420, "raster_col": 964, "block_id": 60 }, "geometry": { "type": "Point", "coordinates": [ 74.052898904264694, 18.555197296514685 ] } },
{ "type": "Feature", "properties": { "class_id": 5, "class_name": "Open land", "raster_row": 251, "raster_col": 878, "block_id": 54 }, "geometry": { "type": "Point", "coordinates": [ 74.015832599764963, 18.623740967229626 ] } },
{ "type": "Feature", "properties": { "class_id": 5, "class_name": "Open land", "raster_row": 153, "raster_col": 523, "block_id": 38 }, "geometry": { "type": "Point", "coordinates": [ 73.864134642034898, 18.662741793706815 ] } },
{ "type": "Feature", "properties": { "class_id": 5, "class_name": "Open land", "raster_row": 222, "raster_col": 868, "block_id": 54 }, "geometry": { "type": "Point", "coordinates": [ 74.011498584617087, 18.635512657403854 ] } },
{ "type": "Feature", "properties": { "class_id": 5, "class_name": "Open land", "raster_row": 237, "raster_col": 859, "block_id": 54 }, "geometry": { "type": "Point", "coordinates": [ 74.007694492125623, 18.629392075717615 ] } },
{ "type": "Feature", "properties": { "class_id": 5, "class_name": "Open land", "raster_row": 262, "raster_col": 820, "block_id": 53 }, "geometry": { "type": "Point", "coordinates": [ 73.991117267090218, 18.619136354522091 ] } },
{ "type": "Feature", "properties": { "class_id": 5, "class_name": "Open land", "raster_row": 354, "raster_col": 608, "block_id": 37 }, "geometry": { "type": "Point", "coordinates": [ 73.900926329265388, 18.581215476348945 ] } },
{ "type": "Feature", "properties": { "class_id": 5, "class_name": "Open land", "raster_row": 225, "raster_col": 863, "block_id": 54 }, "geometry": { "type": "Point", "coordinates": [ 74.009372597120503, 18.634281361078475 ] } },
{ "type": "Feature", "properties": { "class_id": 5, "class_name": "Open land", "raster_row": 223, "raster_col": 870, "block_id": 54 }, "geometry": { "type": "Point", "coordinates": [ 74.012354158699026, 18.635110448879541 ] } },
{ "type": "Feature", "properties": { "class_id": 5, "class_name": "Open land", "raster_row": 227, "raster_col": 869, "block_id": 54 }, "geometry": { "type": "Point", "coordinates": [ 74.011936951519203, 18.633481443181712 ] } },
{ "type": "Feature", "properties": { "class_id": 5, "class_name": "Open land", "raster_row": 220, "raster_col": 868, "block_id": 54 }, "geometry": { "type": "Point", "coordinates": [ 74.011493880187388, 18.636326039597158 ] } },
{ "type": "Feature", "properties": { "class_id": 5, "class_name": "Open land", "raster_row": 150, "raster_col": 514, "block_id": 38 }, "geometry": { "type": "Point", "coordinates": [ 73.860286560641441, 18.663938542433645 ] } },
{ "type": "Feature", "properties": { "class_id": 5, "class_name": "Open land", "raster_row": 220, "raster_col": 854, "block_id": 54 }, "geometry": { "type": "Point", "coordinates": [ 74.005521290671879, 18.636294550851332 ] } },
{ "type": "Feature", "properties": { "class_id": 5, "class_name": "Open land", "raster_row": 149, "raster_col": 529, "block_id": 38 }, "geometry": { "type": "Point", "coordinates": [ 73.866683796062418, 18.664383940426941 ] } },
{ "type": "Feature", "properties": { "class_id": 5, "class_name": "Open land", "raster_row": 243, "raster_col": 829, "block_id": 54 }, "geometry": { "type": "Point", "coordinates": [ 73.994910978327695, 18.626883997230813 ] } },
{ "type": "Feature", "properties": { "class_id": 5, "class_name": "Open land", "raster_row": 238, "raster_col": 859, "block_id": 54 }, "geometry": { "type": "Point", "coordinates": [ 74.007696852467845, 18.628985384799229 ] } },
{ "type": "Feature", "properties": { "class_id": 5, "class_name": "Open land", "raster_row": 156, "raster_col": 516, "block_id": 38 }, "geometry": { "type": "Point", "coordinates": [ 73.861156169333896, 18.661503698559738 ] } },
{ "type": "Feature", "properties": { "class_id": 5, "class_name": "Open land", "raster_row": 242, "raster_col": 706, "block_id": 46 }, "geometry": { "type": "Point", "coordinates": [ 73.942438584170503, 18.627003058182446 ] } },
{ "type": "Feature", "properties": { "class_id": 5, "class_name": "Open land", "raster_row": 212, "raster_col": 681, "block_id": 46 }, "geometry": { "type": "Point", "coordinates": [ 73.931697820766729, 18.639143238546499 ] } },
{ "type": "Feature", "properties": { "class_id": 5, "class_name": "Open land", "raster_row": 727, "raster_col": 482, "block_id": 26 }, "geometry": { "type": "Point", "coordinates": [ 73.848207751435055, 18.429204837999229 ] } },
{ "type": "Feature", "properties": { "class_id": 5, "class_name": "Open land", "raster_row": 147, "raster_col": 516, "block_id": 38 }, "geometry": { "type": "Point", "coordinates": [ 73.861131741302756, 18.665163728470358 ] } },
{ "type": "Feature", "properties": { "class_id": 5, "class_name": "Open land", "raster_row": 666, "raster_col": 310, "block_id": 18 }, "geometry": { "type": "Point", "coordinates": [ 73.774747630489003, 18.453552788765887 ] } },
{ "type": "Feature", "properties": { "class_id": 5, "class_name": "Open land", "raster_row": 737, "raster_col": 435, "block_id": 26 }, "geometry": { "type": "Point", "coordinates": [ 73.828209731354306, 18.425015541527866 ] } },
{ "type": "Feature", "properties": { "class_id": 5, "class_name": "Open land", "raster_row": 190, "raster_col": 438, "block_id": 30 }, "geometry": { "type": "Point", "coordinates": [ 73.827972145893099, 18.647472352702987 ] } },
{ "type": "Feature", "properties": { "class_id": 5, "class_name": "Open land", "raster_row": 231, "raster_col": 830, "block_id": 54 }, "geometry": { "type": "Point", "coordinates": [ 73.995308889146585, 18.631766548156421 ] } },
{ "type": "Feature", "properties": { "class_id": 5, "class_name": "Open land", "raster_row": 222, "raster_col": 867, "block_id": 54 }, "geometry": { "type": "Point", "coordinates": [ 74.011071972714362, 18.635510414600819 ] } },
{ "type": "Feature", "properties": { "class_id": 5, "class_name": "Open land", "raster_row": 232, "raster_col": 859, "block_id": 54 }, "geometry": { "type": "Point", "coordinates": [ 74.007682689500683, 18.631425530041771 ] } }
]
}
