{
"type": "FeatureCollection",
"name": "ahmedabad_train_points",
"crs": { "type": "name", "properties": { "name": "urn:ogc:def:crs:OGC:1.3:CRS84" } },
"features": [
{ "type": "Feature", "properties": { "class_id": 1, "class_name": "Built-up", "raster_row": 1371, "raster_col": 824, "block_id": 19 }, "geometry": { "type": "Point", "coordinates": [ 72.513969746152512, 22.983020925476374 ] } },
{ "type": "Feature", "properties": { "class_id": 1, "class_name": "Built-up", "raster_row": 699, "raster_col": 1321, "block_id": 37 }, "geometry": { "type": "Point", "coordinates": [ 72.608721295121654, 23.105814826351189 ] } },
{ "type": "Feature", "properties": { "class_id": 1, "class_name": "Built-up", "raster_row": 1082, "raster_col": 1071, "block_id": 28 }, "geometry": { "type": "Point", "coordinates": [ 72.561184939369227, 23.035935175773762 ] } },
{ "type": "Feature", "properties": { "class_id": 1, "class_name": "Built-up", "raster_row": 561, "raster_col": 1064, "block_id": 30 }, "geometry": { "type": "Point", "coordinates": [ 72.558120832750305, 23.129955819861788 ] } },
{ "type": "Feature", "properties": { "class_id": 1, "class_name": "Built-up", "raster_row": 1211, "raster_col": 1553, "block_id": 43 }, "geometry": { "type": "Point", "coordinates": [ 72.655596638743461, 23.014070696039941 ] } },
{ "type": "Feature", "properties": { "class_id": 1, "class_name": "Built-up", "raster_row": 1168, "raster_col": 1767, "block_id": 51 }, "geometry": { "type": "Point", "coordinates": [ 72.69719831615258, 23.022445969678401 ] } },
{ "type": "Feature", "properties": { "class_id": 1, "class_name": "Built-up", "raster_row": 1178, "raster_col": 1599, "block_id": 43 }, "geometry": { "type": "Point", "coordinates": [ 72.664464649529364, 23.020160438866789 ] } },
{ "type": "Feature", "properties": { "class_id": 1, "class_name": "Built-up", "raster_row": 518, "raster_col": 534, "block_id": 14 }, "geometry": { "type": "Point", "coordinates": [ 72.454540770539907, 23.136080322383219 ] } },
{ "type": "Feature", "properties": { "class_id": 1, "class_name": "Built-up", "raster_row": 365, "raster_col": 1349, "block_id": 38 }, "geometry": { "type": "Point", "coordinates": [ 72.613117727121036, 23.166187367370714 ] } },
{ "type": "Feature", "properties": { "class_id": 1, "class_name": "Built-up", "raster_row": 1351, "raster_col": 1501, "block_id": 43 }, "geometry": { "type": "Point", "coordinates": [ 72.645894566585483, 22.988647930542122 ] } },
{ "type": "Feature", "properties": { "class_id": 1, "class_name": "Built-up", "raster_row": 1105, "raster_col": 1034, "block_id": 28 }, "geometry": { "type": "Point", "coordinates": [ 72.554043781302084, 23.031672138953958 ] } },
{ "type": "Feature", "properties": { "class_id": 1, "class_name": "Built-up", "raster_row": 797, "raster_col": 1111, "block_id": 29 }, "geometry": { "type": "Point", "coordinates": [ 72.568061459393704, 23.087498982858527 ] } },
{ "type": "Feature", "properties": { "class_id": 1, "class_name": "Built-up", "raster_row": 1231, "raster_col": 1464, "block_id": 43 }, "geometry": { "type": "Point", "coordinates": [ 72.63830347113074, 23.010202303401812 ] } },
{ "type": "Feature", "properties": { "class_id": 1, "class_name": "Built-up", "raster_row": 1245, "raster_col": 1087, "block_id": 27 }, "geometry": { "type": "Point", "coordinates": [ 72.564834157648036, 23.006561048333847 ] } },
{ "type": "Feature", "properties": { "class_id": 1, "class_name": "Built-up", "raster_row": 1130, "raster_col": 836, "block_id": 20 }, "geometry": { "type": "Point", "coordinates": [ 72.515512433400943, 23.026557702477728 ] } },
{ "type": "Feature", "properties": { "class_id": 1, "class_name": "Built-up", "raster_row": 1378, "raster_col": 1227, "block_id": 35 }, "geometry": { "type": "Point", "coordinates": [ 72.592558945906546, 22.98297106193521 ] } },
{ "type": "Feature", "properties": { "class_id": 1, "class_name": "Built-up", "raster_row": 824, "raster_col": 1605, "block_id": 45 }, "geometry": { "type": "Point", "coordinates": [ 72.664532253569433, 23.084080738441308 ] } },
{ "type": "Feature", "properties": { "class_id": 1, "class_name": "Built-up", "raster_row": 1121, "raster_col": 821, "block_id": 20 }, "geometry": { "type": "Point", "coordinates": [ 72.512557448243996, 23.028136198787891 ] } },
{ "type": "Feature", "properties": { "class_id": 1, "class_name": "Built-up", "raster_row": 1368, "raster_col": 1294, "block_id": 35 }, "geometry": { "type": "Point", "coordinates": [ 72.605589478113444, 22.984974168892272 ] } },
{ "type": "Feature", "properties": { "class_id": 1, "class_name": "Built-up", "raster_row": 390, "raster_col": 1839, "block_id": 54 }, "geometry": { "type": "Point", "coordinates": [ 72.70885949392634, 23.163095761289128 ] } },
{ "type": "Feature", "properties": { "class_id": 1, "class_name": "Built-up", "raster_row": 1618, "raster_col": 544, "block_id": 10 }, "geometry": { "type": "Point", "coordinates": [ 72.460218711762707, 22.937573373711729 ] } },
{ "type": "Feature", "properties": { "class_id": 1, "class_name": "Built-up", "raster_row": 955, "raster_col": 1098, "block_id": 28 }, "geometry": { "type": "Point", "coordinates": [ 72.566038609284263, 23.05894033535834 ] } },
{ "type": "Feature", "properties": { "class_id": 1, "class_name": "Built-up", "raster_row": 1391, "raster_col": 1359, "block_id": 35 }, "geometry": { "type": "Point", "coordinates": [ 72.618335051805587, 22.981013459123258 ] } },
{ "type": "Feature", "properties": { "class_id": 1, "class_name": "Built-up", "raster_row": 1761, "raster_col": 1247, "block_id": 33 }, "geometry": { "type": "Point", "coordinates": [ 72.597679573583051, 22.913894763826658 ] } },
{ "type": "Feature", "properties": { "class_id": 1, "class_name": "Built-up", "raster_row": 1183, "raster_col": 1265, "block_id": 35 }, "geometry": { "type": "Point", "coordinates": [ 72.599344650234301, 23.018282871326786 ] } },
{ "type": "Feature", "properties": { "class_id": 1, "class_name": "Built-up", "raster_row": 1123, "raster_col": 903, "block_id": 28 }, "geometry": { "type": "Point", "coordinates": [ 72.528555194552311, 23.028025912861668 ] } },
{ "type": "Feature", "properties": { "class_id": 1, "class_name": "Built-up", "raster_row": 701, "raster_col": 637, "block_id": 21 }, "geometry": { "type": "Point", "coordinates": [ 72.475260772764557, 23.10337410884501 ] } },
{ "type": "Feature", "properties": { "class_id": 1, "class_name": "Built-up", "raster_row": 1170, "raster_col": 794, "block_id": 19 }, "geometry": { "type": "Point", "coordinates": [ 72.507454803032331, 23.019208958776151 ] } },
{ "type": "Feature", "properties": { "class_id": 1, "class_name": "Built-up", "raster_row": 169, "raster_col": 1363, "block_id": 39 }, "geometry": { "type": "Point", "coordinates": [ 72.615223535806976, 23.201608264808701 ] } },
{ "type": "Feature", "properties": { "class_id": 1, "class_name": "Built-up", "raster_row": 880, "raster_col": 1025, "block_id": 28 }, "geometry": { "type": "Point", "coordinates": [ 72.551553866032052, 23.072257946176148 ] } },
{ "type": "Feature", "properties": { "class_id": 1, "class_name": "Built-up", "raster_row": 922, "raster_col": 880, "block_id": 28 }, "geometry": { "type": "Point", "coordinates": [ 72.523406162484264, 23.06423592749249 ] } },
{ "type": "Feature", "properties": { "class_id": 1, "class_name": "Built-up", "raster_row": 1684, "raster_col": 491, "block_id": 10 }, "geometry": { "type": "Point", "coordinates": [ 72.450113555833724, 22.925495279366306 ] } },
{ "type": "Feature", "properties": { "class_id": 1, "class_name": "Built-up", "raster_row": 1346, "raster_col": 1599, "block_id": 43 }, "geometry": { "type": "Point", "coordinates": [ 72.664986773574967, 22.989833405031277 ] } },
{ "type": "Feature", "properties": { "class_id": 1, "class_name": "Built-up", "raster_row": 1332, "raster_col": 983, "block_id": 27 }, "geometry": { "type": "Point", "coordinates": [ 72.544839614979665, 22.990544026091936 ] } },
{ "type": "Feature", "properties": { "class_id": 1, "class_name": "Built-up", "raster_row": 908, "raster_col": 1082, "block_id": 28 }, "geometry": { "type": "Point", "coordinates": [ 72.562764704057827, 23.067375876371713 ] } },
{ "type": "Feature", "properties": { "class_id": 1, "class_name": "Built-up", "raster_row": 187, "raster_col": 1521, "block_id": 47 }, "geometry": { "type": "Point", "coordinates": [ 72.646134862407564, 23.198823984053046 ] } },
{ "type": "Feature", "properties": { "class_id": 1, "class_name": "Built-up", "raster_row": 1102, "raster_col": 890, "block_id": 28 }, "geometry": { "type": "Point", "coordinates": [ 72.525950778244024, 23.031776753998031 ] } },
{ "type": "Feature", "properties": { "class_id": 1, "class_name": "Built-up", "raster_row": 799, "raster_col": 1595, "block_id": 45 }, "geometry": { "type": "Point", "coordinates": [ 72.662503025829579, 23.088564758389882 ] } },
{ "type": "Feature", "properties": { "class_id": 1, "class_name": "Built-up", "raster_row": 1230, "raster_col": 1040, "block_id": 27 }, "geometry": { "type": "Point", "coordinates": [ 72.555620888217135, 23.009127326238161 ] } },
{ "type": "Feature", "properties": { "class_id": 1, "class_name": "Built-up", "raster_row": 777, "raster_col": 1640, "block_id": 45 }, "geometry": { "type": "Point", "coordinates": [ 72.671215058503918, 23.09266592147922 ] } },
{ "type": "Feature", "properties": { "class_id": 1, "class_name": "Built-up", "raster_row": 849, "raster_col": 955, "block_id": 29 }, "geometry": { "type": "Point", "coordinates": [ 72.537796280594833, 23.077641116424378 ] } },
{ "type": "Feature", "properties": { "class_id": 1, "class_name": "Built-up", "raster_row": 1237, "raster_col": 1196, "block_id": 35 }, "geometry": { "type": "Point", "coordinates": [ 72.586062498852314, 23.008330711291855 ] } },
{ "type": "Feature", "properties": { "class_id": 1, "class_name": "Built-up", "raster_row": 1407, "raster_col": 1231, "block_id": 35 }, "geometry": { "type": "Point", "coordinates": [ 72.593431553984388, 22.977748144174392 ] } },
{ "type": "Feature", "properties": { "class_id": 1, "class_name": "Built-up", "raster_row": 1390, "raster_col": 1380, "block_id": 35 }, "geometry": { "type": "Point", "coordinates": [ 72.622426068216058, 22.981255476411199 ] } },
{ "type": "Feature", "properties": { "class_id": 1, "class_name": "Built-up", "raster_row": 887, "raster_col": 1053, "block_id": 28 }, "geometry": { "type": "Point", "coordinates": [ 72.557039008986692, 23.071079027503185 ] } },
{ "type": "Feature", "properties": { "class_id": 1, "class_name": "Built-up", "raster_row": 1664, "raster_col": 459, "block_id": 10 }, "geometry": { "type": "Point", "coordinates": [ 72.443810399029147, 22.929004762844126 ] } },
{ "type": "Feature", "properties": { "class_id": 1, "class_name": "Built-up", "raster_row": 1293, "raster_col": 1338, "block_id": 35 }, "geometry": { "type": "Point", "coordinates": [ 72.6139299449775, 22.998642005285888 ] } },
{ "type": "Feature", "properties": { "class_id": 1, "class_name": "Built-up", "raster_row": 816, "raster_col": 1400, "block_id": 37 }, "geometry": { "type": "Point", "coordinates": [ 72.624508893588967, 23.084928014437828 ] } },
{ "type": "Feature", "properties": { "class_id": 1, "class_name": "Built-up", "raster_row": 726, "raster_col": 1462, "block_id": 45 }, "geometry": { "type": "Point", "coordinates": [ 72.636321525493315, 23.101355707112052 ] } },
{ "type": "Feature", "properties": { "class_id": 1, "class_name": "Built-up", "raster_row": 1293, "raster_col": 860, "block_id": 19 }, "geometry": { "type": "Point", "coordinates": [ 72.520730747294849, 22.997209868571399 ] } },
{ "type": "Feature", "properties": { "class_id": 1, "class_name": "Built-up", "raster_row": 781, "raster_col": 1259, "block_id": 37 }, "geometry": { "type": "Point", "coordinates": [ 72.596886197375767, 23.090829380094746 ] } },
{ "type": "Feature", "properties": { "class_id": 1, "class_name": "Built-up", "raster_row": 834, "raster_col": 882, "block_id": 29 }, "geometry": { "type": "Point", "coordinates": [ 72.52350534477165, 23.080125847159849 ] } },
{ "type": "Feature", "properties": { "class_id": 1, "class_name": "Built-up", "raster_row": 1175, "raster_col": 1446, "block_id": 35 }, "geometry": { "type": "Point", "coordinates": [ 72.634617017739885, 23.020258660710166 ] } },
{ "type": "Feature", "properties": { "class_id": 1, "class_name": "Built-up", "raster_row": 803, "raster_col": 1612, "block_id": 45 }, "geometry": { "type": "Point", "coordinates": [ 72.665832571437221, 23.087891782355147 ] } },
{ "type": "Feature", "properties": { "class_id": 1, "class_name": "Built-up", "raster_row": 621, "raster_col": 1166, "block_id": 37 }, "geometry": { "type": "Point", "coordinates": [ 72.578222483808787, 23.119432747230146 ] } },
{ "type": "Feature", "properties": { "class_id": 1, "class_name": "Built-up", "raster_row": 1697, "raster_col": 807, "block_id": 18 }, "geometry": { "type": "Point", "coordinates": [ 72.511732679667887, 22.924126278273306 ] } },
{ "type": "Feature", "properties": { "class_id": 1, "class_name": "Built-up", "raster_row": 747, "raster_col": 1588, "block_id": 45 }, "geometry": { "type": "Point", "coordinates": [ 72.660974619741893, 23.097931334759952 ] } },
{ "type": "Feature", "properties": { "class_id": 1, "class_name": "Built-up", "raster_row": 450, "raster_col": 1583, "block_id": 46 }, "geometry": { "type": "Point", "coordinates": [ 72.659068480538394, 23.151529721555967 ] } },
{ "type": "Feature", "properties": { "class_id": 1, "class_name": "Built-up", "raster_row": 912, "raster_col": 883, "block_id": 28 }, "geometry": { "type": "Point", "coordinates": [ 72.52395831479582, 23.066050081466202 ] } },
{ "type": "Feature", "properties": { "class_id": 1, "class_name": "Built-up", "raster_row": 727, "raster_col": 1242, "block_id": 37 }, "geometry": { "type": "Point", "coordinates": [ 72.593395536139099, 23.100526197786749 ] } },
{ "type": "Feature", "properties": { "class_id": 1, "class_name": "Built-up", "raster_row": 680, "raster_col": 1113, "block_id": 29 }, "geometry": { "type": "Point", "coordinates": [ 72.568071329370596, 23.108623872171055 ] } },
{ "type": "Feature", "properties": { "class_id": 1, "class_name": "Built-up", "raster_row": 1216, "raster_col": 1323, "block_id": 35 }, "geometry": { "type": "Point", "coordinates": [ 72.610760343521633, 23.012497244008731 ] } },
{ "type": "Feature", "properties": { "class_id": 1, "class_name": "Built-up", "raster_row": 943, "raster_col": 142, "block_id": 4 }, "geometry": { "type": "Point", "coordinates": [ 72.379529834267217, 23.058123309329801 ] } },
{ "type": "Feature", "properties": { "class_id": 1, "class_name": "Built-up", "raster_row": 1345, "raster_col": 1548, "block_id": 43 }, "geometry": { "type": "Point", "coordinates": [ 72.655039731303646, 22.989866988670602 ] } },
{ "type": "Feature", "properties": { "class_id": 1, "class_name": "Built-up", "raster_row": 735, "raster_col": 1228, "block_id": 37 }, "geometry": { "type": "Point", "coordinates": [ 72.590689502772619, 23.099040453973572 ] } },
{ "type": "Feature", "properties": { "class_id": 1, "class_name": "Built-up", "raster_row": 932, "raster_col": 1089, "block_id": 28 }, "geometry": { "type": "Point", "coordinates": [ 72.564208268011257, 23.063064860154647 ] } },
{ "type": "Feature", "properties": { "class_id": 1, "class_name": "Built-up", "raster_row": 832, "raster_col": 1658, "block_id": 45 }, "geometry": { "type": "Point", "coordinates": [ 72.674898257429248, 23.082789250061957 ] } },
{ "type": "Feature", "properties": { "class_id": 1, "class_name": "Built-up", "raster_row": 768, "raster_col": 959, "block_id": 29 }, "geometry": { "type": "Point", "coordinates": [ 72.538310259684863, 23.092273742759325 ] } },
{ "type": "Feature", "properties": { "class_id": 1, "class_name": "Built-up", "raster_row": 818, "raster_col": 1089, "block_id": 29 }, "geometry": { "type": "Point", "coordinates": [ 72.563837474984751, 23.083642227153096 ] } },
{ "type": "Feature", "properties": { "class_id": 1, "class_name": "Built-up", "raster_row": 501, "raster_col": 521, "block_id": 14 }, "geometry": { "type": "Point", "coordinates": [ 72.451945680679174, 23.139107584655779 ] } },
{ "type": "Feature", "properties": { "class_id": 1, "class_name": "Built-up", "raster_row": 780, "raster_col": 943, "block_id": 29 }, "geometry": { "type": "Point", "coordinates": [ 72.535228045682899, 23.090059028332568 ] } },
{ "type": "Feature", "properties": { "class_id": 1, "class_name": "Built-up", "raster_row": 1167, "raster_col": 1129, "block_id": 27 }, "geometry": { "type": "Point", "coordinates": [ 72.572771695546919, 23.020766296943627 ] } },
{ "type": "Feature", "properties": { "class_id": 1, "class_name": "Built-up", "raster_row": 1367, "raster_col": 1429, "block_id": 35 }, "geometry": { "type": "Point", "coordinates": [ 72.63190680638651, 22.985550405348278 ] } },
{ "type": "Feature", "properties": { "class_id": 1, "class_name": "Built-up", "raster_row": 1443, "raster_col": 1274, "block_id": 35 }, "geometry": { "type": "Point", "coordinates": [ 72.601929253684503, 22.971376889356655 ] } },
{ "type": "Feature", "properties": { "class_id": 1, "class_name": "Built-up", "raster_row": 1107, "raster_col": 1044, "block_id": 28 }, "geometry": { "type": "Point", "coordinates": [ 72.556000536214441, 23.031341286998458 ] } },
{ "type": "Feature", "properties": { "class_id": 1, "class_name": "Built-up", "raster_row": 1359, "raster_col": 1106, "block_id": 27 }, "geometry": { "type": "Point", "coordinates": [ 72.568907663375029, 22.986040370396584 ] } },
{ "type": "Feature", "properties": { "class_id": 1, "class_name": "Built-up", "raster_row": 1370, "raster_col": 1326, "block_id": 35 }, "geometry": { "type": "Point", "coordinates": [ 72.611834703557165, 22.984707341207084 ] } },
{ "type": "Feature", "properties": { "class_id": 1, "class_name": "Built-up", "raster_row": 1389, "raster_col": 545, "block_id": 11 }, "geometry": { "type": "Point", "coordinates": [ 72.459641289906131, 22.978909055514446 ] } },
{ "type": "Feature", "properties": { "class_id": 1, "class_name": "Built-up", "raster_row": 1393, "raster_col": 1152, "block_id": 27 }, "geometry": { "type": "Point", "coordinates": [ 72.577985361348141, 22.980040538415274 ] } },
{ "type": "Feature", "properties": { "class_id": 1, "class_name": "Built-up", "raster_row": 1096, "raster_col": 633, "block_id": 20 }, "geometry": { "type": "Point", "coordinates": [ 72.475811558150156, 23.032067607049683 ] } },
{ "type": "Feature", "properties": { "class_id": 1, "class_name": "Built-up", "raster_row": 1323, "raster_col": 1329, "block_id": 35 }, "geometry": { "type": "Point", "coordinates": [ 72.61227036937683, 22.993200203804193 ] } },
{ "type": "Feature", "properties": { "class_id": 1, "class_name": "Built-up", "raster_row": 1311, "raster_col": 1416, "block_id": 35 }, "geometry": { "type": "Point", "coordinates": [ 72.629195655638171, 22.995621259848217 ] } },
{ "type": "Feature", "properties": { "class_id": 1, "class_name": "Built-up", "raster_row": 371, "raster_col": 418, "block_id": 14 }, "geometry": { "type": "Point", "coordinates": [ 72.431396525260922, 23.162244017709231 ] } },
{ "type": "Feature", "properties": { "class_id": 1, "class_name": "Built-up", "raster_row": 643, "raster_col": 1187, "block_id": 37 }, "geometry": { "type": "Point", "coordinates": [ 72.582391897009614, 23.115524539762234 ] } },
{ "type": "Feature", "properties": { "class_id": 1, "class_name": "Built-up", "raster_row": 989, "raster_col": 1075, "block_id": 28 }, "geometry": { "type": "Point", "coordinates": [ 72.561662725857687, 23.052734040472085 ] } },
{ "type": "Feature", "properties": { "class_id": 1, "class_name": "Built-up", "raster_row": 1016, "raster_col": 1065, "block_id": 28 }, "geometry": { "type": "Point", "coordinates": [ 72.559800048157129, 23.047830344614983 ] } },
{ "type": "Feature", "properties": { "class_id": 1, "class_name": "Built-up", "raster_row": 1293, "raster_col": 1205, "block_id": 35 }, "geometry": { "type": "Point", "coordinates": [ 72.587997204195176, 22.998249021483755 ] } },
{ "type": "Feature", "properties": { "class_id": 1, "class_name": "Built-up", "raster_row": 468, "raster_col": 505, "block_id": 14 }, "geometry": { "type": "Point", "coordinates": [ 72.448710280612772, 23.145013083581471 ] } },
{ "type": "Feature", "properties": { "class_id": 1, "class_name": "Built-up", "raster_row": 106, "raster_col": 522, "block_id": 15 }, "geometry": { "type": "Point", "coordinates": [ 72.450790155845553, 23.210402471608425 ] } },
{ "type": "Feature", "properties": { "class_id": 1, "class_name": "Built-up", "raster_row": 749, "raster_col": 1202, "block_id": 37 }, "geometry": { "type": "Point", "coordinates": [ 72.58566141200123, 23.096435823961759 ] } },
{ "type": "Feature", "properties": { "class_id": 1, "class_name": "Built-up", "raster_row": 1053, "raster_col": 1065, "block_id": 28 }, "geometry": { "type": "Point", "coordinates": [ 72.559920430544366, 23.041151721910673 ] } },
{ "type": "Feature", "properties": { "class_id": 1, "class_name": "Built-up", "raster_row": 985, "raster_col": 759, "block_id": 20 }, "geometry": { "type": "Point", "coordinates": [ 72.500013521932829, 23.052492921327609 ] } },
{ "type": "Feature", "properties": { "class_id": 1, "class_name": "Built-up", "raster_row": 1290, "raster_col": 1348, "block_id": 35 }, "geometry": { "type": "Point", "coordinates": [ 72.615870282293727, 22.999212917054979 ] } },
{ "type": "Feature", "properties": { "class_id": 1, "class_name": "Built-up", "raster_row": 1263, "raster_col": 1382, "block_id": 35 }, "geometry": { "type": "Point", "coordinates": [ 72.622414415799241, 23.00418646071023 ] } },
{ "type": "Feature", "properties": { "class_id": 1, "class_name": "Built-up", "raster_row": 319, "raster_col": 915, "block_id": 30 }, "geometry": { "type": "Point", "coordinates": [ 72.528239844696245, 23.173182797214427 ] } },
{ "type": "Feature", "properties": { "class_id": 1, "class_name": "Built-up", "raster_row": 1279, "raster_col": 1381, "block_id": 35 }, "geometry": { "type": "Point", "coordinates": [ 72.622270046112604, 23.001295330333182 ] } },
{ "type": "Feature", "properties": { "class_id": 1, "class_name": "Built-up", "raster_row": 1379, "raster_col": 1377, "block_id": 35 }, "geometry": { "type": "Point", "coordinates": [ 72.621806408172375, 22.983232339338198 ] } },
{ "type": "Feature", "properties": { "class_id": 1, "class_name": "Built-up", "raster_row": 1239, "raster_col": 1049, "block_id": 27 }, "geometry": { "type": "Point", "coordinates": [ 72.557405076311866, 23.007529889342123 ] } },
{ "type": "Feature", "properties": { "class_id": 1, "class_name": "Built-up", "raster_row": 1274, "raster_col": 1548, "block_id": 43 }, "geometry": { "type": "Point", "coordinates": [ 72.654818240235116, 23.002683694930706 ] } },
{ "type": "Feature", "properties": { "class_id": 1, "class_name": "Built-up", "raster_row": 197, "raster_col": 1318, "block_id": 39 }, "geometry": { "type": "Point", "coordinates": [ 72.606526065127085, 23.196420576826053 ] } },
{ "type": "Feature", "properties": { "class_id": 1, "class_name": "Built-up", "raster_row": 1374, "raster_col": 836, "block_id": 19 }, "geometry": { "type": "Point", "coordinates": [ 72.51631903190011, 22.982516130772932 ] } },
{ "type": "Feature", "properties": { "class_id": 1, "class_name": "Built-up", "raster_row": 1870, "raster_col": 1643, "block_id": 41 }, "geometry": { "type": "Point", "coordinates": [ 72.675182817415177, 22.895366813703511 ] } },
{ "type": "Feature", "properties": { "class_id": 1, "class_name": "Built-up", "raster_row": 1176, "raster_col": 1096, "block_id": 27 }, "geometry": { "type": "Point", "coordinates": [ 72.566365518864657, 23.019042880865946 ] } },
{ "type": "Feature", "properties": { "class_id": 1, "class_name": "Built-up", "raster_row": 549, "raster_col": 1531, "block_id": 46 }, "geometry": { "type": "Point", "coordinates": [ 72.649229303428953, 23.133507749661486 ] } },
{ "type": "Feature", "properties": { "class_id": 1, "class_name": "Built-up", "raster_row": 753, "raster_col": 1344, "block_id": 37 }, "geometry": { "type": "Point", "coordinates": [ 72.613381814363663, 23.096135306182667 ] } },
{ "type": "Feature", "properties": { "class_id": 1, "class_name": "Built-up", "raster_row": 25, "raster_col": 1563, "block_id": 47 }, "geometry": { "type": "Point", "coordinates": [ 72.653825709875335, 23.228189465328771 ] } },
{ "type": "Feature", "properties": { "class_id": 1, "class_name": "Built-up", "raster_row": 831, "raster_col": 1002, "block_id": 29 }, "geometry": { "type": "Point", "coordinates": [ 72.546906471482615, 23.081032855608672 ] } },
{ "type": "Feature", "properties": { "class_id": 1, "class_name": "Built-up", "raster_row": 105, "raster_col": 1452, "block_id": 39 }, "geometry": { "type": "Point", "coordinates": [ 72.632399818703959, 23.213423485005805 ] } },
{ "type": "Feature", "properties": { "class_id": 1, "class_name": "Built-up", "raster_row": 672, "raster_col": 644, "block_id": 21 }, "geometry": { "type": "Point", "coordinates": [ 72.476528720461332, 23.108630187077587 ] } },
{ "type": "Feature", "properties": { "class_id": 1, "class_name": "Built-up", "raster_row": 1077, "raster_col": 1055, "block_id": 28 }, "geometry": { "type": "Point", "coordinates": [ 72.558048171395171, 23.036789527813887 ] } },
{ "type": "Feature", "properties": { "class_id": 1, "class_name": "Built-up", "raster_row": 768, "raster_col": 1918, "block_id": 53 }, "geometry": { "type": "Point", "coordinates": [ 72.72543465330196, 23.095081792910083 ] } },
{ "type": "Feature", "properties": { "class_id": 1, "class_name": "Built-up", "raster_row": 964, "raster_col": 1031, "block_id": 28 }, "geometry": { "type": "Point", "coordinates": [ 72.552998711245692, 23.057113929627338 ] } },
{ "type": "Feature", "properties": { "class_id": 1, "class_name": "Built-up", "raster_row": 1086, "raster_col": 1053, "block_id": 28 }, "geometry": { "type": "Point", "coordinates": [ 72.557687403930046, 23.035158973761281 ] } },
{ "type": "Feature", "properties": { "class_id": 1, "class_name": "Built-up", "raster_row": 1098, "raster_col": 1038, "block_id": 28 }, "geometry": { "type": "Point", "coordinates": [ 72.554801068848221, 23.032947723908787 ] } },
{ "type": "Feature", "properties": { "class_id": 1, "class_name": "Built-up", "raster_row": 139, "raster_col": 1508, "block_id": 47 }, "geometry": { "type": "Point", "coordinates": [ 72.643444260124397, 23.207450482765047 ] } },
{ "type": "Feature", "properties": { "class_id": 1, "class_name": "Built-up", "raster_row": 879, "raster_col": 1094, "block_id": 28 }, "geometry": { "type": "Point", "coordinates": [ 72.565011357359566, 23.072646581844928 ] } },
{ "type": "Feature", "properties": { "class_id": 1, "class_name": "Built-up", "raster_row": 1375, "raster_col": 1330, "block_id": 35 }, "geometry": { "type": "Point", "coordinates": [ 72.612630433147004, 22.98381653955769 ] } },
{ "type": "Feature", "properties": { "class_id": 1, "class_name": "Built-up", "raster_row": 156, "raster_col": 1201, "block_id": 39 }, "geometry": { "type": "Point", "coordinates": [ 72.583546635053665, 23.20347183855117 ] } },
{ "type": "Feature", "properties": { "class_id": 1, "class_name": "Built-up", "raster_row": 1274, "raster_col": 1544, "block_id": 43 }, "geometry": { "type": "Point", "coordinates": [ 72.654038253560657, 23.002672137115876 ] } },
{ "type": "Feature", "properties": { "class_id": 1, "class_name": "Built-up", "raster_row": 1307, "raster_col": 1197, "block_id": 35 }, "geometry": { "type": "Point", "coordinates": [ 72.586482308491682, 22.995698136653214 ] } },
{ "type": "Feature", "properties": { "class_id": 1, "class_name": "Built-up", "raster_row": 1268, "raster_col": 991, "block_id": 27 }, "geometry": { "type": "Point", "coordinates": [ 72.546190426281356, 23.002120366352017 ] } },
{ "type": "Feature", "properties": { "class_id": 1, "class_name": "Built-up", "raster_row": 1551, "raster_col": 571, "block_id": 10 }, "geometry": { "type": "Point", "coordinates": [ 72.465255026959511, 22.94975053719379 ] } },
{ "type": "Feature", "properties": { "class_id": 1, "class_name": "Built-up", "raster_row": 1261, "raster_col": 1253, "block_id": 35 }, "geometry": { "type": "Point", "coordinates": [ 72.597254019804311, 23.004167637134955 ] } },
{ "type": "Feature", "properties": { "class_id": 1, "class_name": "Built-up", "raster_row": 1909, "raster_col": 1204, "block_id": 33 }, "geometry": { "type": "Point", "coordinates": [ 72.589772925655453, 22.887052191037448 ] } },
{ "type": "Feature", "properties": { "class_id": 1, "class_name": "Built-up", "raster_row": 1162, "raster_col": 833, "block_id": 20 }, "geometry": { "type": "Point", "coordinates": [ 72.515033322000619, 23.020772585189842 ] } },
{ "type": "Feature", "properties": { "class_id": 1, "class_name": "Built-up", "raster_row": 1187, "raster_col": 1061, "block_id": 27 }, "geometry": { "type": "Point", "coordinates": [ 72.55957601993812, 23.016952195337957 ] } },
{ "type": "Feature", "properties": { "class_id": 1, "class_name": "Built-up", "raster_row": 1311, "raster_col": 836, "block_id": 19 }, "geometry": { "type": "Point", "coordinates": [ 72.51611096077076, 22.993887546193875 ] } },
{ "type": "Feature", "properties": { "class_id": 1, "class_name": "Built-up", "raster_row": 1290, "raster_col": 1012, "block_id": 27 }, "geometry": { "type": "Point", "coordinates": [ 72.550356725359165, 22.998212722197547 ] } },
{ "type": "Feature", "properties": { "class_id": 1, "class_name": "Built-up", "raster_row": 1188, "raster_col": 1607, "block_id": 43 }, "geometry": { "type": "Point", "coordinates": [ 72.666055918966947, 23.018378285424404 ] } },
{ "type": "Feature", "properties": { "class_id": 1, "class_name": "Built-up", "raster_row": 944, "raster_col": 1101, "block_id": 28 }, "geometry": { "type": "Point", "coordinates": [ 72.566588087268102, 23.060934892441519 ] } },
{ "type": "Feature", "properties": { "class_id": 1, "class_name": "Built-up", "raster_row": 1181, "raster_col": 1060, "block_id": 27 }, "geometry": { "type": "Point", "coordinates": [ 72.559361516466481, 23.018032210420298 ] } },
{ "type": "Feature", "properties": { "class_id": 1, "class_name": "Built-up", "raster_row": 78, "raster_col": 1503, "block_id": 47 }, "geometry": { "type": "Point", "coordinates": [ 72.6422744787494, 23.21844697806036 ] } },
{ "type": "Feature", "properties": { "class_id": 1, "class_name": "Built-up", "raster_row": 1403, "raster_col": 1419, "block_id": 35 }, "geometry": { "type": "Point", "coordinates": [ 72.630070539715291, 22.97902273584522 ] } },
{ "type": "Feature", "properties": { "class_id": 1, "class_name": "Built-up", "raster_row": 1207, "raster_col": 1847, "block_id": 51 }, "geometry": { "type": "Point", "coordinates": [ 72.712919688371215, 23.01563189751916 ] } },
{ "type": "Feature", "properties": { "class_id": 1, "class_name": "Built-up", "raster_row": 617, "raster_col": 1142, "block_id": 29 }, "geometry": { "type": "Point", "coordinates": [ 72.573525806337045, 23.120082750489225 ] } },
{ "type": "Feature", "properties": { "class_id": 1, "class_name": "Built-up", "raster_row": 1296, "raster_col": 1385, "block_id": 35 }, "geometry": { "type": "Point", "coordinates": [ 72.623103769064983, 22.998238327147007 ] } },
{ "type": "Feature", "properties": { "class_id": 1, "class_name": "Built-up", "raster_row": 1403, "raster_col": 1318, "block_id": 35 }, "geometry": { "type": "Point", "coordinates": [ 72.610379815134223, 22.978726936770862 ] } },
{ "type": "Feature", "properties": { "class_id": 1, "class_name": "Built-up", "raster_row": 1191, "raster_col": 1196, "block_id": 35 }, "geometry": { "type": "Point", "coordinates": [ 72.585914665270067, 23.016634058652429 ] } },
{ "type": "Feature", "properties": { "class_id": 1, "class_name": "Built-up", "raster_row": 1099, "raster_col": 986, "block_id": 28 }, "geometry": { "type": "Point", "coordinates": [ 72.544663036515274, 23.032610073849572 ] } },
{ "type": "Feature", "properties": { "class_id": 1, "class_name": "Built-up", "raster_row": 1176, "raster_col": 972, "block_id": 27 }, "geometry": { "type": "Point", "coordinates": [ 72.542184825731937, 23.018669051231097 ] } },
{ "type": "Feature", "properties": { "class_id": 1, "class_name": "Built-up", "raster_row": 1080, "raster_col": 921, "block_id": 28 }, "geometry": { "type": "Point", "coordinates": [ 72.531924055245781, 23.035842222815543 ] } },
{ "type": "Feature", "properties": { "class_id": 1, "class_name": "Built-up", "raster_row": 1372, "raster_col": 828, "block_id": 19 }, "geometry": { "type": "Point", "coordinates": [ 72.51475284297004, 22.982852664624144 ] } },
{ "type": "Feature", "properties": { "class_id": 1, "class_name": "Built-up", "raster_row": 607, "raster_col": 1181, "block_id": 37 }, "geometry": { "type": "Point", "coordinates": [ 72.581104478782336, 23.122004745343418 ] } },
{ "type": "Feature", "properties": { "class_id": 1, "class_name": "Built-up", "raster_row": 1168, "raster_col": 799, "block_id": 19 }, "geometry": { "type": "Point", "coordinates": [ 72.508423163255529, 23.019585311919279 ] } },
{ "type": "Feature", "properties": { "class_id": 1, "class_name": "Built-up", "raster_row": 1309, "raster_col": 1172, "block_id": 35 }, "geometry": { "type": "Point", "coordinates": [ 72.581614327790618, 22.995262740664892 ] } },
{ "type": "Feature", "properties": { "class_id": 1, "class_name": "Built-up", "raster_row": 539, "raster_col": 1203, "block_id": 38 }, "geometry": { "type": "Point", "coordinates": [ 72.585178140698446, 23.134344889087316 ] } },
{ "type": "Feature", "properties": { "class_id": 1, "class_name": "Built-up", "raster_row": 1278, "raster_col": 1291, "block_id": 35 }, "geometry": { "type": "Point", "coordinates": [ 72.604717875286582, 23.001211270629629 ] } },
{ "type": "Feature", "properties": { "class_id": 1, "class_name": "Built-up", "raster_row": 1233, "raster_col": 912, "block_id": 27 }, "geometry": { "type": "Point", "coordinates": [ 72.530672067216571, 23.008198338970132 ] } },
{ "type": "Feature", "properties": { "class_id": 1, "class_name": "Built-up", "raster_row": 1935, "raster_col": 250, "block_id": 1 }, "geometry": { "type": "Point", "coordinates": [ 72.404017145513663, 22.879432080993467 ] } },
{ "type": "Feature", "properties": { "class_id": 1, "class_name": "Built-up", "raster_row": 1234, "raster_col": 1099, "block_id": 27 }, "geometry": { "type": "Point", "coordinates": [ 72.567138414806777, 23.00858259043666 ] } },
{ "type": "Feature", "properties": { "class_id": 1, "class_name": "Built-up", "raster_row": 604, "raster_col": 1707, "block_id": 45 }, "geometry": { "type": "Point", "coordinates": [ 72.683752845990782, 23.124087943410697 ] } },
{ "type": "Feature", "properties": { "class_id": 1, "class_name": "Built-up", "raster_row": 1127, "raster_col": 918, "block_id": 28 }, "geometry": { "type": "Point", "coordinates": [ 72.531493578166661, 23.027349600230504 ] } },
{ "type": "Feature", "properties": { "class_id": 1, "class_name": "Built-up", "raster_row": 1425, "raster_col": 1193, "block_id": 35 }, "geometry": { "type": "Point", "coordinates": [ 72.586081136941488, 22.974386282483838 ] } },
{ "type": "Feature", "properties": { "class_id": 1, "class_name": "Built-up", "raster_row": 1475, "raster_col": 1044, "block_id": 26 }, "geometry": { "type": "Point", "coordinates": [ 72.557196762500155, 22.964915840121499 ] } },
{ "type": "Feature", "properties": { "class_id": 1, "class_name": "Built-up", "raster_row": 981, "raster_col": 1026, "block_id": 28 }, "geometry": { "type": "Point", "coordinates": [ 72.55207892677538, 23.054030287209869 ] } },
{ "type": "Feature", "properties": { "class_id": 1, "class_name": "Built-up", "raster_row": 1434, "raster_col": 1005, "block_id": 27 }, "geometry": { "type": "Point", "coordinates": [ 72.54946110425378, 22.97219913219125 ] } },
{ "type": "Feature", "properties": { "class_id": 1, "class_name": "Built-up", "raster_row": 697, "raster_col": 602, "block_id": 21 }, "geometry": { "type": "Point", "coordinates": [ 72.468418204926223, 23.103986618856538 ] } },
{ "type": "Feature", "properties": { "class_id": 1, "class_name": "Built-up", "raster_row": 582, "raster_col": 2056, "block_id": 62 }, "geometry": { "type": "Point", "coordinates": [ 72.751804855375724, 23.129045605790125 ] } },
{ "type": "Feature", "properties": { "class_id": 1, "class_name": "Built-up", "raster_row": 769, "raster_col": 1149, "block_id": 29 }, "geometry": { "type": "Point", "coordinates": [ 72.575384810129648, 23.092667166883604 ] } },
{ "type": "Feature", "properties": { "class_id": 1, "class_name": "Built-up", "raster_row": 1307, "raster_col": 1348, "block_id": 35 }, "geometry": { "type": "Point", "coordinates": [ 72.615924201227983, 22.996144215517941 ] } },
{ "type": "Feature", "properties": { "class_id": 1, "class_name": "Built-up", "raster_row": 527, "raster_col": 1189, "block_id": 38 }, "geometry": { "type": "Point", "coordinates": [ 72.5824068180723, 23.136469046111884 ] } },
{ "type": "Feature", "properties": { "class_id": 1, "class_name": "Built-up", "raster_row": 1351, "raster_col": 741, "block_id": 19 }, "geometry": { "type": "Point", "coordinates": [ 72.497722628800759, 22.986376052224387 ] } },
{ "type": "Feature", "properties": { "class_id": 1, "class_name": "Built-up", "raster_row": 1269, "raster_col": 1206, "block_id": 35 }, "geometry": { "type": "Point", "coordinates": [ 72.588115168705514, 23.002584186819995 ] } },
{ "type": "Feature", "properties": { "class_id": 1, "class_name": "Built-up", "raster_row": 1361, "raster_col": 1976, "block_id": 51 }, "geometry": { "type": "Point", "coordinates": [ 72.73854143381385, 22.988192312394315 ] } },
{ "type": "Feature", "properties": { "class_id": 1, "class_name": "Built-up", "raster_row": 1331, "raster_col": 532, "block_id": 11 }, "geometry": { "type": "Point", "coordinates": [ 72.456911067294087, 22.989336844965482 ] } },
{ "type": "Feature", "properties": { "class_id": 1, "class_name": "Built-up", "raster_row": 1408, "raster_col": 1364, "block_id": 35 }, "geometry": { "type": "Point", "coordinates": [ 72.61936364827541, 22.977959396287211 ] } },
{ "type": "Feature", "properties": { "class_id": 1, "class_name": "Built-up", "raster_row": 973, "raster_col": 918, "block_id": 28 }, "geometry": { "type": "Point", "coordinates": [ 72.530986733523605, 23.055146524266263 ] } },
{ "type": "Feature", "properties": { "class_id": 1, "class_name": "Built-up", "raster_row": 1194, "raster_col": 1370, "block_id": 35 }, "geometry": { "type": "Point", "coordinates": [ 72.619855877457809, 23.016606629874413 ] } },
{ "type": "Feature", "properties": { "class_id": 1, "class_name": "Built-up", "raster_row": 1232, "raster_col": 1259, "block_id": 35 }, "geometry": { "type": "Point", "coordinates": [ 72.598331268722461, 23.009420163538607 ] } },
{ "type": "Feature", "properties": { "class_id": 1, "class_name": "Built-up", "raster_row": 1032, "raster_col": 1056, "block_id": 28 }, "geometry": { "type": "Point", "coordinates": [ 72.558096716778962, 23.044915182711861 ] } },
{ "type": "Feature", "properties": { "class_id": 1, "class_name": "Built-up", "raster_row": 865, "raster_col": 1002, "block_id": 29 }, "geometry": { "type": "Point", "coordinates": [ 72.547017857759016, 23.074895828119409 ] } },
{ "type": "Feature", "properties": { "class_id": 1, "class_name": "Built-up", "raster_row": 1575, "raster_col": 41, "block_id": 2 }, "geometry": { "type": "Point", "coordinates": [ 72.362050481188533, 22.943734253466118 ] } },
{ "type": "Feature", "properties": { "class_id": 1, "class_name": "Built-up", "raster_row": 705, "raster_col": 1201, "block_id": 37 }, "geometry": { "type": "Point", "coordinates": [ 72.585324246244951, 23.10437507886957 ] } },
{ "type": "Feature", "properties": { "class_id": 1, "class_name": "Built-up", "raster_row": 98, "raster_col": 1504, "block_id": 47 }, "geometry": { "type": "Point", "coordinates": [ 72.642533179210702, 23.214839701204411 ] } },
{ "type": "Feature", "properties": { "class_id": 1, "class_name": "Built-up", "raster_row": 1267, "raster_col": 881, "block_id": 27 }, "geometry": { "type": "Point", "coordinates": [ 72.524739493231692, 23.001966925374454 ] } },
{ "type": "Feature", "properties": { "class_id": 1, "class_name": "Built-up", "raster_row": 1426, "raster_col": 1352, "block_id": 35 }, "geometry": { "type": "Point", "coordinates": [ 72.617081179606515, 22.974674998322254 ] } },
{ "type": "Feature", "properties": { "class_id": 1, "class_name": "Built-up", "raster_row": 1307, "raster_col": 1110, "block_id": 27 }, "geometry": { "type": "Point", "coordinates": [ 72.569519433316131, 22.995438643581142 ] } },
{ "type": "Feature", "properties": { "class_id": 1, "class_name": "Built-up", "raster_row": 789, "raster_col": 1103, "block_id": 29 }, "geometry": { "type": "Point", "coordinates": [ 72.56647459563078, 23.088918951285702 ] } },
{ "type": "Feature", "properties": { "class_id": 1, "class_name": "Built-up", "raster_row": 1382, "raster_col": 1378, "block_id": 35 }, "geometry": { "type": "Point", "coordinates": [ 72.622010856303703, 22.982693727518487 ] } },
{ "type": "Feature", "properties": { "class_id": 1, "class_name": "Built-up", "raster_row": 808, "raster_col": 1142, "block_id": 29 }, "geometry": { "type": "Point", "coordinates": [ 72.574145428960747, 23.0856065122776 ] } },
{ "type": "Feature", "properties": { "class_id": 1, "class_name": "Built-up", "raster_row": 469, "raster_col": 504, "block_id": 14 }, "geometry": { "type": "Point", "coordinates": [ 72.448518527268178, 23.144829436761654 ] } },
{ "type": "Feature", "properties": { "class_id": 1, "class_name": "Built-up", "raster_row": 1480, "raster_col": 1493, "block_id": 42 }, "geometry": { "type": "Point", "coordinates": [ 72.644738596732395, 22.965338162454028 ] } },
{ "type": "Feature", "properties": { "class_id": 1, "class_name": "Built-up", "raster_row": 1251, "raster_col": 828, "block_id": 19 }, "geometry": { "type": "Point", "coordinates": [ 72.514352838962282, 23.004692959218051 ] } },
{ "type": "Feature", "properties": { "class_id": 1, "class_name": "Built-up", "raster_row": 1264, "raster_col": 835, "block_id": 19 }, "geometry": { "type": "Point", "coordinates": [ 72.515760670758638, 23.002367911294396 ] } },
{ "type": "Feature", "properties": { "class_id": 1, "class_name": "Built-up", "raster_row": 1281, "raster_col": 1623, "block_id": 43 }, "geometry": { "type": "Point", "coordinates": [ 72.669464791672851, 23.001636062611457 ] } },
{ "type": "Feature", "properties": { "class_id": 1, "class_name": "Built-up", "raster_row": 1171, "raster_col": 1457, "block_id": 43 }, "geometry": { "type": "Point", "coordinates": [ 72.636749640437543, 23.021012777861927 ] } },
{ "type": "Feature", "properties": { "class_id": 1, "class_name": "Built-up", "raster_row": 2041, "raster_col": 1798, "block_id": 48 }, "geometry": { "type": "Point", "coordinates": [ 72.705903286349724, 22.864935932329704 ] } },
{ "type": "Feature", "properties": { "class_id": 1, "class_name": "Built-up", "raster_row": 1262, "raster_col": 1516, "block_id": 43 }, "geometry": { "type": "Point", "coordinates": [ 72.648540810749594, 23.004757316941831 ] } },
{ "type": "Feature", "properties": { "class_id": 1, "class_name": "Built-up", "raster_row": 1122, "raster_col": 636, "block_id": 20 }, "geometry": { "type": "Point", "coordinates": [ 72.476484017798882, 23.027384147879594 ] } },
{ "type": "Feature", "properties": { "class_id": 1, "class_name": "Built-up", "raster_row": 977, "raster_col": 1076, "block_id": 28 }, "geometry": { "type": "Point", "coordinates": [ 72.561818752373881, 23.054903090620687 ] } },
{ "type": "Feature", "properties": { "class_id": 1, "class_name": "Built-up", "raster_row": 565, "raster_col": 1068, "block_id": 30 }, "geometry": { "type": "Point", "coordinates": [ 72.558914571653105, 23.129245907778991 ] } },
{ "type": "Feature", "properties": { "class_id": 1, "class_name": "Built-up", "raster_row": 1415, "raster_col": 701, "block_id": 19 }, "geometry": { "type": "Point", "coordinates": [ 72.490138153225118, 22.974700953909792 ] } },
{ "type": "Feature", "properties": { "class_id": 1, "class_name": "Built-up", "raster_row": 1379, "raster_col": 1592, "block_id": 43 }, "geometry": { "type": "Point", "coordinates": [ 72.663724432410177, 22.983856169497127 ] } },
{ "type": "Feature", "properties": { "class_id": 1, "class_name": "Built-up", "raster_row": 996, "raster_col": 1105, "block_id": 28 }, "geometry": { "type": "Point", "coordinates": [ 72.567537115365241, 23.051560697853741 ] } },
{ "type": "Feature", "properties": { "class_id": 1, "class_name": "Built-up", "raster_row": 1260, "raster_col": 1210, "block_id": 35 }, "geometry": { "type": "Point", "coordinates": [ 72.588866240792854, 23.004220642534541 ] } },
{ "type": "Feature", "properties": { "class_id": 1, "class_name": "Built-up", "raster_row": 1254, "raster_col": 1948, "block_id": 51 }, "geometry": { "type": "Point", "coordinates": [ 72.732759073122168, 23.007430638030115 ] } },
{ "type": "Feature", "properties": { "class_id": 1, "class_name": "Built-up", "raster_row": 1443, "raster_col": 1220, "block_id": 35 }, "geometry": { "type": "Point", "coordinates": [ 72.59140230813594, 22.971217224260986 ] } },
{ "type": "Feature", "properties": { "class_id": 1, "class_name": "Built-up", "raster_row": 726, "raster_col": 1288, "block_id": 37 }, "geometry": { "type": "Point", "coordinates": [ 72.602368296845142, 23.100843368781593 ] } },
{ "type": "Feature", "properties": { "class_id": 1, "class_name": "Built-up", "raster_row": 873, "raster_col": 1293, "block_id": 37 }, "geometry": { "type": "Point", "coordinates": [ 72.603814643005151, 23.074323490710587 ] } },
{ "type": "Feature", "properties": { "class_id": 1, "class_name": "Built-up", "raster_row": 1476, "raster_col": 1162, "block_id": 26 }, "geometry": { "type": "Point", "coordinates": [ 72.58020177588601, 22.965088197983953 ] } },
{ "type": "Feature", "properties": { "class_id": 1, "class_name": "Built-up", "raster_row": 923, "raster_col": 875, "block_id": 28 }, "geometry": { "type": "Point", "coordinates": [ 72.52243413757617, 23.064040134429739 ] } },
{ "type": "Feature", "properties": { "class_id": 1, "class_name": "Built-up", "raster_row": 1146, "raster_col": 1027, "block_id": 28 }, "geometry": { "type": "Point", "coordinates": [ 72.552812292470563, 23.024250404704166 ] } },
{ "type": "Feature", "properties": { "class_id": 1, "class_name": "Built-up", "raster_row": 1982, "raster_col": 31, "block_id": 1 }, "geometry": { "type": "Point", "coordinates": [ 72.361524424110598, 22.870247078290614 ] } },
{ "type": "Feature", "properties": { "class_id": 1, "class_name": "Built-up", "raster_row": 1197, "raster_col": 1389, "block_id": 35 }, "geometry": { "type": "Point", "coordinates": [ 72.623570600694649, 23.016120789416249 ] } },
{ "type": "Feature", "properties": { "class_id": 1, "class_name": "Built-up", "raster_row": 981, "raster_col": 797, "block_id": 20 }, "geometry": { "type": "Point", "coordinates": [ 72.507411994277504, 23.053331993875087 ] } },
{ "type": "Feature", "properties": { "class_id": 1, "class_name": "Built-up", "raster_row": 651, "raster_col": 1217, "block_id": 37 }, "geometry": { "type": "Point", "coordinates": [ 72.588272196637902, 23.114170144478976 ] } },
{ "type": "Feature", "properties": { "class_id": 1, "class_name": "Built-up", "raster_row": 1442, "raster_col": 1340, "block_id": 35 }, "geometry": { "type": "Point", "coordinates": [ 72.614792478544558, 22.971751600094041 ] } },
{ "type": "Feature", "properties": { "class_id": 1, "class_name": "Built-up", "raster_row": 2010, "raster_col": 1567, "block_id": 41 }, "geometry": { "type": "Point", "coordinates": [ 72.660807909976654, 22.869876583231086 ] } },
{ "type": "Feature", "properties": { "class_id": 1, "class_name": "Built-up", "raster_row": 1103, "raster_col": 2292, "block_id": 60 }, "geometry": { "type": "Point", "coordinates": [ 72.799403210758499, 23.035638151099658 ] } },
{ "type": "Feature", "properties": { "class_id": 1, "class_name": "Built-up", "raster_row": 1917, "raster_col": 1222, "block_id": 33 }, "geometry": { "type": "Point", "coordinates": [ 72.593305201367514, 22.885661250925001 ] } },
{ "type": "Feature", "properties": { "class_id": 1, "class_name": "Built-up", "raster_row": 865, "raster_col": 1408, "block_id": 37 }, "geometry": { "type": "Point", "coordinates": [ 72.626225149299586, 23.076106441502244 ] } },
{ "type": "Feature", "properties": { "class_id": 1, "class_name": "Built-up", "raster_row": 1345, "raster_col": 835, "block_id": 19 }, "geometry": { "type": "Point", "coordinates": [ 72.516028314256403, 22.987747536236615 ] } },
{ "type": "Feature", "properties": { "class_id": 1, "class_name": "Built-up", "raster_row": 1087, "raster_col": 591, "block_id": 20 }, "geometry": { "type": "Point", "coordinates": [ 72.467590672959005, 23.033561063465651 ] } },
{ "type": "Feature", "properties": { "class_id": 1, "class_name": "Built-up", "raster_row": 1297, "raster_col": 1255, "block_id": 35 }, "geometry": { "type": "Point", "coordinates": [ 72.597759071594979, 22.997675219250134 ] } },
{ "type": "Feature", "properties": { "class_id": 2, "class_name": "Vegetation", "raster_row": 790, "raster_col": 1343, "block_id": 37 }, "geometry": { "type": "Point", "coordinates": [ 72.613304714512935, 23.089453509326944 ] } },
{ "type": "Feature", "properties": { "class_id": 2, "class_name": "Vegetation", "raster_row": 1593, "raster_col": 980, "block_id": 26 }, "geometry": { "type": "Point", "coordinates": [ 72.545105983481548, 22.943423666540678 ] } },
{ "type": "Feature", "properties": { "class_id": 2, "class_name": "Vegetation", "raster_row": 1001, "raster_col": 213, "block_id": 4 }, "geometry": { "type": "Point", "coordinates": [ 72.393579105621754, 23.047884568868831 ] } },
{ "type": "Feature", "properties": { "class_id": 2, "class_name": "Vegetation", "raster_row": 605, "raster_col": 1476, "block_id": 45 }, "geometry": { "type": "Point", "coordinates": [ 72.638671240729792, 23.123238595446832 ] } },
{ "type": "Feature", "properties": { "class_id": 2, "class_name": "Vegetation", "raster_row": 271, "raster_col": 1660, "block_id": 47 }, "geometry": { "type": "Point", "coordinates": [ 72.673541375390784, 23.184064684241534 ] } },
{ "type": "Feature", "properties": { "class_id": 2, "class_name": "Vegetation", "raster_row": 338, "raster_col": 940, "block_id": 30 }, "geometry": { "type": "Point", "coordinates": [ 72.533183349525672, 23.169829934487563 ] } },
{ "type": "Feature", "properties": { "class_id": 2, "class_name": "Vegetation", "raster_row": 1335, "raster_col": 1031, "block_id": 27 }, "geometry": { "type": "Point", "coordinates": [ 72.554207660264098, 22.990147336544485 ] } },
{ "type": "Feature", "properties": { "class_id": 2, "class_name": "Vegetation", "raster_row": 517, "raster_col": 713, "block_id": 22 }, "geometry": { "type": "Point", "coordinates": [ 72.489471561498618, 23.136821278662183 ] } },
{ "type": "Feature", "properties": { "class_id": 2, "class_name": "Vegetation", "raster_row": 72, "raster_col": 1599, "block_id": 47 }, "geometry": { "type": "Point", "coordinates": [ 72.661005208160987, 23.219810225670273 ] } },
{ "type": "Feature", "properties": { "class_id": 2, "class_name": "Vegetation", "raster_row": 163, "raster_col": 211, "block_id": 7 }, "geometry": { "type": "Point", "coordinates": [ 72.390263665199257, 23.199118742200646 ] } },
{ "type": "Feature", "properties": { "class_id": 2, "class_name": "Vegetation", "raster_row": 372, "raster_col": 2080, "block_id": 62 }, "geometry": { "type": "Point", "coordinates": [ 72.755858013032849, 23.167022887335552 ] } },
{ "type": "Feature", "properties": { "class_id": 2, "class_name": "Vegetation", "raster_row": 739, "raster_col": 1152, "block_id": 29 }, "geometry": { "type": "Point", "coordinates": [ 72.575872951061996, 23.098091288594514 ] } },
{ "type": "Feature", "properties": { "class_id": 2, "class_name": "Vegetation", "raster_row": 54, "raster_col": 761, "block_id": 23 }, "geometry": { "type": "Point", "coordinates": [ 72.497284993290194, 23.2205379651875 ] } },
{ "type": "Feature", "properties": { "class_id": 2, "class_name": "Vegetation", "raster_row": 2187, "raster_col": 1087, "block_id": 24 }, "geometry": { "type": "Point", "coordinates": [ 72.567872702296938, 22.8365234668392 ] } },
{ "type": "Feature", "properties": { "class_id": 2, "class_name": "Vegetation", "raster_row": 89, "raster_col": 1693, "block_id": 47 }, "geometry": { "type": "Point", "coordinates": [ 72.679417668395729, 23.217013654975712 ] } },
{ "type": "Feature", "properties": { "class_id": 2, "class_name": "Vegetation", "raster_row": 323, "raster_col": 1335, "block_id": 38 }, "geometry": { "type": "Point", "coordinates": [ 72.610249915268071, 23.173727205478226 ] } },
{ "type": "Feature", "properties": { "class_id": 2, "class_name": "Vegetation", "raster_row": 24, "raster_col": 1835, "block_id": 55 }, "geometry": { "type": "Point", "coordinates": [ 72.70695153767663, 23.229154410709423 ] } },
{ "type": "Feature", "properties": { "class_id": 2, "class_name": "Vegetation", "raster_row": 511, "raster_col": 1402, "block_id": 38 }, "geometry": { "type": "Point", "coordinates": [ 72.623929830957564, 23.139989545620299 ] } },
{ "type": "Feature", "properties": { "class_id": 2, "class_name": "Vegetation", "raster_row": 66, "raster_col": 1597, "block_id": 47 }, "geometry": { "type": "Point", "coordinates": [ 72.660595709875523, 23.220887486870467 ] } },
{ "type": "Feature", "properties": { "class_id": 2, "class_name": "Vegetation", "raster_row": 2097, "raster_col": 1035, "block_id": 24 }, "geometry": { "type": "Point", "coordinates": [ 72.55745565643852, 22.852614093980662 ] } },
{ "type": "Feature", "properties": { "class_id": 2, "class_name": "Vegetation", "raster_row": 462, "raster_col": 476, "block_id": 14 }, "geometry": { "type": "Point", "coordinates": [ 72.443029755676562, 23.146004221291985 ] } },
{ "type": "Feature", "properties": { "class_id": 2, "class_name": "Vegetation", "raster_row": 632, "raster_col": 1423, "block_id": 37 }, "geometry": { "type": "Point", "coordinates": [ 72.628413065315911, 23.118209537466299 ] } },
{ "type": "Feature", "properties": { "class_id": 2, "class_name": "Vegetation", "raster_row": 782, "raster_col": 748, "block_id": 21 }, "geometry": { "type": "Point", "coordinates": [ 72.497189818728074, 23.089099285335887 ] } },
{ "type": "Feature", "properties": { "class_id": 2, "class_name": "Vegetation", "raster_row": 189, "raster_col": 1490, "block_id": 47 }, "geometry": { "type": "Point", "coordinates": [ 72.640087573834577, 23.198372235203255 ] } },
{ "type": "Feature", "properties": { "class_id": 2, "class_name": "Vegetation", "raster_row": 452, "raster_col": 241, "block_id": 6 }, "geometry": { "type": "Point", "coordinates": [ 72.397130316944725, 23.147057816199169 ] } },
{ "type": "Feature", "properties": { "class_id": 2, "class_name": "Vegetation", "raster_row": 1659, "raster_col": 1543, "block_id": 42 }, "geometry": { "type": "Point", "coordinates": [ 72.655042897569913, 22.933169982058565 ] } },
{ "type": "Feature", "properties": { "class_id": 2, "class_name": "Vegetation", "raster_row": 1589, "raster_col": 615, "block_id": 18 }, "geometry": { "type": "Point", "coordinates": [ 72.473957741972001, 22.943028628716824 ] } },
{ "type": "Feature", "properties": { "class_id": 2, "class_name": "Vegetation", "raster_row": 339, "raster_col": 1573, "block_id": 46 }, "geometry": { "type": "Point", "coordinates": [ 72.656767608275459, 23.171537692483628 ] } },
{ "type": "Feature", "properties": { "class_id": 2, "class_name": "Vegetation", "raster_row": 543, "raster_col": 1356, "block_id": 38 }, "geometry": { "type": "Point", "coordinates": [ 72.615053325842183, 23.13407761692563 ] } },
{ "type": "Feature", "properties": { "class_id": 2, "class_name": "Vegetation", "raster_row": 1750, "raster_col": 1589, "block_id": 41 }, "geometry": { "type": "Point", "coordinates": [ 72.664289988774939, 22.916874928810991 ] } },
{ "type": "Feature", "properties": { "class_id": 2, "class_name": "Vegetation", "raster_row": 1542, "raster_col": 75, "block_id": 2 }, "geometry": { "type": "Point", "coordinates": [ 72.368560805102675, 22.949800125757516 ] } },
{ "type": "Feature", "properties": { "class_id": 2, "class_name": "Vegetation", "raster_row": 2061, "raster_col": 956, "block_id": 24 }, "geometry": { "type": "Point", "coordinates": [ 72.54195216794102, 22.858875302645359 ] } },
{ "type": "Feature", "properties": { "class_id": 2, "class_name": "Vegetation", "raster_row": 349, "raster_col": 194, "block_id": 6 }, "geometry": { "type": "Point", "coordinates": [ 72.387596834959453, 23.165495070362056 ] } },
{ "type": "Feature", "properties": { "class_id": 2, "class_name": "Vegetation", "raster_row": 2070, "raster_col": 975, "block_id": 24 }, "geometry": { "type": "Point", "coordinates": [ 72.545682081929783, 22.857307900388989 ] } },
{ "type": "Feature", "properties": { "class_id": 2, "class_name": "Vegetation", "raster_row": 2010, "raster_col": 2221, "block_id": 57 }, "geometry": { "type": "Point", "coordinates": [ 72.788218569817616, 22.871699937414466 ] } },
{ "type": "Feature", "properties": { "class_id": 2, "class_name": "Vegetation", "raster_row": 1000, "raster_col": 247, "block_id": 4 }, "geometry": { "type": "Point", "coordinates": [ 72.400206444789319, 23.048174273029627 ] } },
{ "type": "Feature", "properties": { "class_id": 2, "class_name": "Vegetation", "raster_row": 1706, "raster_col": 943, "block_id": 26 }, "geometry": { "type": "Point", "coordinates": [ 72.538263788958204, 22.922915057539576 ] } },
{ "type": "Feature", "properties": { "class_id": 2, "class_name": "Vegetation", "raster_row": 1400, "raster_col": 1035, "block_id": 27 }, "geometry": { "type": "Point", "coordinates": [ 72.555198796108144, 22.97842661699714 ] } },
{ "type": "Feature", "properties": { "class_id": 2, "class_name": "Vegetation", "raster_row": 2074, "raster_col": 937, "block_id": 24 }, "geometry": { "type": "Point", "coordinates": [ 72.538293737898442, 22.856471508044997 ] } },
{ "type": "Feature", "properties": { "class_id": 2, "class_name": "Vegetation", "raster_row": 455, "raster_col": 958, "block_id": 30 }, "geometry": { "type": "Point", "coordinates": [ 72.537083711446186, 23.148766749864116 ] } },
{ "type": "Feature", "properties": { "class_id": 2, "class_name": "Vegetation", "raster_row": 1419, "raster_col": 970, "block_id": 27 }, "geometry": { "type": "Point", "coordinates": [ 72.542589318796075, 22.974801002643076 ] } },
{ "type": "Feature", "properties": { "class_id": 2, "class_name": "Vegetation", "raster_row": 1727, "raster_col": 834, "block_id": 18 }, "geometry": { "type": "Point", "coordinates": [ 72.517092733988505, 22.91879367467515 ] } },
{ "type": "Feature", "properties": { "class_id": 2, "class_name": "Vegetation", "raster_row": 78, "raster_col": 1622, "block_id": 47 }, "geometry": { "type": "Point", "coordinates": [ 72.665516214448218, 23.218793942474754 ] } },
{ "type": "Feature", "properties": { "class_id": 2, "class_name": "Vegetation", "raster_row": 1748, "raster_col": 1585, "block_id": 41 }, "geometry": { "type": "Point", "coordinates": [ 72.663504296222783, 22.917224497942165 ] } },
{ "type": "Feature", "properties": { "class_id": 2, "class_name": "Vegetation", "raster_row": 391, "raster_col": 228, "block_id": 6 }, "geometry": { "type": "Point", "coordinates": [ 72.394380131392651, 23.158025013546496 ] } },
{ "type": "Feature", "properties": { "class_id": 2, "class_name": "Vegetation", "raster_row": 960, "raster_col": 271, "block_id": 4 }, "geometry": { "type": "Point", "coordinates": [ 72.404748588138986, 23.055470468064527 ] } },
{ "type": "Feature", "properties": { "class_id": 2, "class_name": "Vegetation", "raster_row": 961, "raster_col": 162, "block_id": 4 }, "geometry": { "type": "Point", "coordinates": [ 72.383493386609416, 23.054939354505539 ] } },
{ "type": "Feature", "properties": { "class_id": 2, "class_name": "Vegetation", "raster_row": 1582, "raster_col": 614, "block_id": 18 }, "geometry": { "type": "Point", "coordinates": [ 72.47373939388217, 22.944288981096157 ] } },
{ "type": "Feature", "properties": { "class_id": 2, "class_name": "Vegetation", "raster_row": 64, "raster_col": 1868, "block_id": 55 }, "geometry": { "type": "Point", "coordinates": [ 72.713520516694075, 23.222027591439232 ] } },
{ "type": "Feature", "properties": { "class_id": 2, "class_name": "Vegetation", "raster_row": 489, "raster_col": 1554, "block_id": 46 }, "geometry": { "type": "Point", "coordinates": [ 72.653529980193184, 23.144405461361966 ] } },
{ "type": "Feature", "properties": { "class_id": 2, "class_name": "Vegetation", "raster_row": 206, "raster_col": 1089, "block_id": 31 }, "geometry": { "type": "Point", "coordinates": [ 72.5618396200056, 23.19410918380202 ] } },
{ "type": "Feature", "properties": { "class_id": 2, "class_name": "Vegetation", "raster_row": 1720, "raster_col": 1676, "block_id": 42 }, "geometry": { "type": "Point", "coordinates": [ 72.681152041118594, 22.922539134181282 ] } },
{ "type": "Feature", "properties": { "class_id": 2, "class_name": "Vegetation", "raster_row": 620, "raster_col": 1446, "block_id": 37 }, "geometry": { "type": "Point", "coordinates": [ 72.632863730032966, 23.120443121584611 ] } },
{ "type": "Feature", "properties": { "class_id": 2, "class_name": "Vegetation", "raster_row": 294, "raster_col": 1186, "block_id": 39 }, "geometry": { "type": "Point", "coordinates": [ 72.5810657841119, 23.178517408602758 ] } },
{ "type": "Feature", "properties": { "class_id": 2, "class_name": "Vegetation", "raster_row": 12, "raster_col": 538, "block_id": 15 }, "geometry": { "type": "Point", "coordinates": [ 72.453592607278637, 23.227418672760628 ] } },
{ "type": "Feature", "properties": { "class_id": 2, "class_name": "Vegetation", "raster_row": 1683, "raster_col": 1031, "block_id": 26 }, "geometry": { "type": "Point", "coordinates": [ 72.555337557697897, 22.927331742474298 ] } },
{ "type": "Feature", "properties": { "class_id": 2, "class_name": "Vegetation", "raster_row": 1811, "raster_col": 2053, "block_id": 57 }, "geometry": { "type": "Point", "coordinates": [ 72.75489680208706, 22.907167176152633 ] } },
{ "type": "Feature", "properties": { "class_id": 2, "class_name": "Vegetation", "raster_row": 1283, "raster_col": 395, "block_id": 11 }, "geometry": { "type": "Point", "coordinates": [ 72.430039357328184, 22.997569016550781 ] } },
{ "type": "Feature", "properties": { "class_id": 2, "class_name": "Vegetation", "raster_row": 2152, "raster_col": 1952, "block_id": 48 }, "geometry": { "type": "Point", "coordinates": [ 72.736235893133411, 22.845326976929673 ] } },
{ "type": "Feature", "properties": { "class_id": 2, "class_name": "Vegetation", "raster_row": 251, "raster_col": 1475, "block_id": 47 }, "geometry": { "type": "Point", "coordinates": [ 72.637355147929412, 23.187136619168474 ] } },
{ "type": "Feature", "properties": { "class_id": 2, "class_name": "Vegetation", "raster_row": 452, "raster_col": 396, "block_id": 14 }, "geometry": { "type": "Point", "coordinates": [ 72.427381601406665, 23.147554819646057 ] } },
{ "type": "Feature", "properties": { "class_id": 2, "class_name": "Vegetation", "raster_row": 326, "raster_col": 1561, "block_id": 46 }, "geometry": { "type": "Point", "coordinates": [ 72.654383810533645, 23.17384946426726 ] } },
{ "type": "Feature", "properties": { "class_id": 2, "class_name": "Vegetation", "raster_row": 857, "raster_col": 746, "block_id": 21 }, "geometry": { "type": "Point", "coordinates": [ 72.497050388775975, 23.075556057885709 ] } },
{ "type": "Feature", "properties": { "class_id": 2, "class_name": "Vegetation", "raster_row": 1613, "raster_col": 607, "block_id": 18 }, "geometry": { "type": "Point", "coordinates": [ 72.472479140140663, 22.938671940793768 ] } },
{ "type": "Feature", "properties": { "class_id": 2, "class_name": "Vegetation", "raster_row": 1196, "raster_col": 965, "block_id": 27 }, "geometry": { "type": "Point", "coordinates": [ 72.540885292057879, 23.015037810531144 ] } },
{ "type": "Feature", "properties": { "class_id": 2, "class_name": "Vegetation", "raster_row": 1960, "raster_col": 2077, "block_id": 57 }, "geometry": { "type": "Point", "coordinates": [ 72.760015616002292, 22.880333866614084 ] } },
{ "type": "Feature", "properties": { "class_id": 2, "class_name": "Vegetation", "raster_row": 242, "raster_col": 1611, "block_id": 47 }, "geometry": { "type": "Point", "coordinates": [ 72.663882657961707, 23.189157820988857 ] } },
{ "type": "Feature", "properties": { "class_id": 2, "class_name": "Vegetation", "raster_row": 1746, "raster_col": 2099, "block_id": 57 }, "geometry": { "type": "Point", "coordinates": [ 72.763668429977969, 22.919028273043864 ] } },
{ "type": "Feature", "properties": { "class_id": 2, "class_name": "Vegetation", "raster_row": 2090, "raster_col": 1393, "block_id": 32 }, "geometry": { "type": "Point", "coordinates": [ 72.627162777298082, 22.85493299795251 ] } },
{ "type": "Feature", "properties": { "class_id": 2, "class_name": "Vegetation", "raster_row": 1433, "raster_col": 414, "block_id": 11 }, "geometry": { "type": "Point", "coordinates": [ 72.434255228356633, 22.970556017763414 ] } },
{ "type": "Feature", "properties": { "class_id": 2, "class_name": "Vegetation", "raster_row": 24, "raster_col": 1739, "block_id": 47 }, "geometry": { "type": "Point", "coordinates": [ 72.688199867429745, 23.228879599353398 ] } },
{ "type": "Feature", "properties": { "class_id": 2, "class_name": "Vegetation", "raster_row": 834, "raster_col": 1420, "block_id": 37 }, "geometry": { "type": "Point", "coordinates": [ 72.62846814420476, 23.08173748141159 ] } },
{ "type": "Feature", "properties": { "class_id": 2, "class_name": "Vegetation", "raster_row": 1697, "raster_col": 769, "block_id": 18 }, "geometry": { "type": "Point", "coordinates": [ 72.50432789143683, 22.924010006028965 ] } },
{ "type": "Feature", "properties": { "class_id": 2, "class_name": "Vegetation", "raster_row": 1591, "raster_col": 572, "block_id": 10 }, "geometry": { "type": "Point", "coordinates": [ 72.465584448732614, 22.942533949414159 ] } },
{ "type": "Feature", "properties": { "class_id": 2, "class_name": "Vegetation", "raster_row": 2160, "raster_col": 1786, "block_id": 48 }, "geometry": { "type": "Point", "coordinates": [ 72.703926613909346, 22.843419542774367 ] } },
{ "type": "Feature", "properties": { "class_id": 2, "class_name": "Vegetation", "raster_row": 1649, "raster_col": 1475, "block_id": 42 }, "geometry": { "type": "Point", "coordinates": [ 72.641758692169603, 22.934778724992452 ] } },
{ "type": "Feature", "properties": { "class_id": 2, "class_name": "Vegetation", "raster_row": 726, "raster_col": 1139, "block_id": 29 }, "geometry": { "type": "Point", "coordinates": [ 72.573294181010169, 23.100398846720864 ] } },
{ "type": "Feature", "properties": { "class_id": 2, "class_name": "Vegetation", "raster_row": 1793, "raster_col": 1319, "block_id": 33 }, "geometry": { "type": "Point", "coordinates": [ 72.611810921782421, 22.908330015933672 ] } },
{ "type": "Feature", "properties": { "class_id": 2, "class_name": "Vegetation", "raster_row": 1433, "raster_col": 1632, "block_id": 43 }, "geometry": { "type": "Point", "coordinates": [ 72.671690416422535, 22.974222954502252 ] } },
{ "type": "Feature", "properties": { "class_id": 2, "class_name": "Vegetation", "raster_row": 992, "raster_col": 249, "block_id": 4 }, "geometry": { "type": "Point", "coordinates": [ 72.400568761558247, 23.049624537561446 ] } },
{ "type": "Feature", "properties": { "class_id": 2, "class_name": "Vegetation", "raster_row": 173, "raster_col": 615, "block_id": 23 }, "geometry": { "type": "Point", "coordinates": [ 72.469177988410465, 23.198603302483708 ] } },
{ "type": "Feature", "properties": { "class_id": 2, "class_name": "Vegetation", "raster_row": 495, "raster_col": 218, "block_id": 6 }, "geometry": { "type": "Point", "coordinates": [ 72.392791682904175, 23.139223030372097 ] } },
{ "type": "Feature", "properties": { "class_id": 2, "class_name": "Vegetation", "raster_row": 1448, "raster_col": 590, "block_id": 19 }, "geometry": { "type": "Point", "coordinates": [ 72.468611821092708, 22.968400442565613 ] } },
{ "type": "Feature", "properties": { "class_id": 2, "class_name": "Vegetation", "raster_row": 712, "raster_col": 1402, "block_id": 37 }, "geometry": { "type": "Point", "coordinates": [ 72.624568939292047, 23.103707011007469 ] } },
{ "type": "Feature", "properties": { "class_id": 2, "class_name": "Vegetation", "raster_row": 30, "raster_col": 1805, "block_id": 55 }, "geometry": { "type": "Point", "coordinates": [ 72.701110166207499, 23.227985666467887 ] } },
{ "type": "Feature", "properties": { "class_id": 2, "class_name": "Vegetation", "raster_row": 98, "raster_col": 1520, "block_id": 47 }, "geometry": { "type": "Point", "coordinates": [ 72.645658009024984, 23.214886539496021 ] } },
{ "type": "Feature", "properties": { "class_id": 2, "class_name": "Vegetation", "raster_row": 913, "raster_col": 256, "block_id": 4 }, "geometry": { "type": "Point", "coordinates": [ 72.401660115199149, 23.063904989478878 ] } },
{ "type": "Feature", "properties": { "class_id": 2, "class_name": "Vegetation", "raster_row": 955, "raster_col": 268, "block_id": 4 }, "geometry": { "type": "Point", "coordinates": [ 72.404146166135149, 23.05636326265229 ] } },
{ "type": "Feature", "properties": { "class_id": 2, "class_name": "Vegetation", "raster_row": 1422, "raster_col": 2190, "block_id": 59 }, "geometry": { "type": "Point", "coordinates": [ 72.780449443947461, 22.977770132053884 ] } },
{ "type": "Feature", "properties": { "class_id": 2, "class_name": "Vegetation", "raster_row": 110, "raster_col": 1664, "block_id": 47 }, "geometry": { "type": "Point", "coordinates": [ 72.673819368973867, 23.213139120557823 ] } },
{ "type": "Feature", "properties": { "class_id": 2, "class_name": "Vegetation", "raster_row": 2140, "raster_col": 1127, "block_id": 24 }, "geometry": { "type": "Point", "coordinates": [ 72.575512160011272, 22.845126273301691 ] } },
{ "type": "Feature", "properties": { "class_id": 2, "class_name": "Vegetation", "raster_row": 1234, "raster_col": 398, "block_id": 11 }, "geometry": { "type": "Point", "coordinates": [ 72.430456702947296, 23.006422343028557 ] } },
{ "type": "Feature", "properties": { "class_id": 2, "class_name": "Vegetation", "raster_row": 134, "raster_col": 1637, "block_id": 47 }, "geometry": { "type": "Point", "coordinates": [ 72.668621395762074, 23.208728662322951 ] } },
{ "type": "Feature", "properties": { "class_id": 2, "class_name": "Vegetation", "raster_row": 226, "raster_col": 1605, "block_id": 47 }, "geometry": { "type": "Point", "coordinates": [ 72.662660836874593, 23.192028634796042 ] } },
{ "type": "Feature", "properties": { "class_id": 2, "class_name": "Vegetation", "raster_row": 391, "raster_col": 642, "block_id": 22 }, "geometry": { "type": "Point", "coordinates": [ 72.475188591454199, 23.15934155398077 ] } },
{ "type": "Feature", "properties": { "class_id": 2, "class_name": "Vegetation", "raster_row": 1430, "raster_col": 981, "block_id": 27 }, "geometry": { "type": "Point", "coordinates": [ 72.544769555269909, 22.972848717017577 ] } },
{ "type": "Feature", "properties": { "class_id": 2, "class_name": "Vegetation", "raster_row": 463, "raster_col": 1006, "block_id": 30 }, "geometry": { "type": "Point", "coordinates": [ 72.546479198344358, 23.147468978436137 ] } },
{ "type": "Feature", "properties": { "class_id": 2, "class_name": "Vegetation", "raster_row": 1757, "raster_col": 1542, "block_id": 41 }, "geometry": { "type": "Point", "coordinates": [ 72.655152645201071, 22.915476275316809 ] } },
{ "type": "Feature", "properties": { "class_id": 2, "class_name": "Vegetation", "raster_row": 297, "raster_col": 1567, "block_id": 46 }, "geometry": { "type": "Point", "coordinates": [ 72.655464036439142, 23.179101794108394 ] } },
{ "type": "Feature", "properties": { "class_id": 2, "class_name": "Vegetation", "raster_row": 467, "raster_col": 1187, "block_id": 38 }, "geometry": { "type": "Point", "coordinates": [ 72.58182209577997, 23.147293300067037 ] } },
{ "type": "Feature", "properties": { "class_id": 2, "class_name": "Vegetation", "raster_row": 189, "raster_col": 1429, "block_id": 39 }, "geometry": { "type": "Point", "coordinates": [ 72.628175715656155, 23.198193030019333 ] } },
{ "type": "Feature", "properties": { "class_id": 2, "class_name": "Vegetation", "raster_row": 2311, "raster_col": 1420, "block_id": 32 }, "geometry": { "type": "Point", "coordinates": [ 72.633112395948174, 22.815116929400872 ] } },
{ "type": "Feature", "properties": { "class_id": 2, "class_name": "Vegetation", "raster_row": 384, "raster_col": 166, "block_id": 6 }, "geometry": { "type": "Point", "coordinates": [ 72.382254328081089, 23.159087619790295 ] } },
{ "type": "Feature", "properties": { "class_id": 2, "class_name": "Vegetation", "raster_row": 223, "raster_col": 1145, "block_id": 31 }, "geometry": { "type": "Point", "coordinates": [ 72.572829639846248, 23.191209787659282 ] } },
{ "type": "Feature", "properties": { "class_id": 2, "class_name": "Vegetation", "raster_row": 530, "raster_col": 261, "block_id": 6 }, "geometry": { "type": "Point", "coordinates": [ 72.401305185439767, 23.133044906890696 ] } },
{ "type": "Feature", "properties": { "class_id": 2, "class_name": "Vegetation", "raster_row": 858, "raster_col": 752, "block_id": 21 }, "geometry": { "type": "Point", "coordinates": [ 72.498224202811727, 23.075394113844172 ] } },
{ "type": "Feature", "properties": { "class_id": 2, "class_name": "Vegetation", "raster_row": 2251, "raster_col": 1174, "block_id": 32 }, "geometry": { "type": "Point", "coordinates": [ 72.585019756626977, 22.825228706610666 ] } },
{ "type": "Feature", "properties": { "class_id": 2, "class_name": "Vegetation", "raster_row": 214, "raster_col": 1546, "block_id": 47 }, "geometry": { "type": "Point", "coordinates": [ 72.651102031489984, 23.194023160613312 ] } },
{ "type": "Feature", "properties": { "class_id": 2, "class_name": "Vegetation", "raster_row": 1277, "raster_col": 329, "block_id": 11 }, "geometry": { "type": "Point", "coordinates": [ 72.417151694594295, 22.998442509913268 ] } },
{ "type": "Feature", "properties": { "class_id": 2, "class_name": "Vegetation", "raster_row": 1687, "raster_col": 17, "block_id": 2 }, "geometry": { "type": "Point", "coordinates": [ 72.357766116183384, 22.923442916759232 ] } },
{ "type": "Feature", "properties": { "class_id": 2, "class_name": "Vegetation", "raster_row": 390, "raster_col": 972, "block_id": 30 }, "geometry": { "type": "Point", "coordinates": [ 72.539602015943913, 23.160541829912979 ] } },
{ "type": "Feature", "properties": { "class_id": 2, "class_name": "Vegetation", "raster_row": 517, "raster_col": 292, "block_id": 6 }, "geometry": { "type": "Point", "coordinates": [ 72.407309632418674, 23.135490794777784 ] } },
{ "type": "Feature", "properties": { "class_id": 2, "class_name": "Vegetation", "raster_row": 95, "raster_col": 1594, "block_id": 47 }, "geometry": { "type": "Point", "coordinates": [ 72.66010101499333, 23.215643898037278 ] } },
{ "type": "Feature", "properties": { "class_id": 2, "class_name": "Vegetation", "raster_row": 2097, "raster_col": 893, "block_id": 24 }, "geometry": { "type": "Point", "coordinates": [ 72.529798911461128, 22.852187068969684 ] } },
{ "type": "Feature", "properties": { "class_id": 2, "class_name": "Vegetation", "raster_row": 247, "raster_col": 1545, "block_id": 47 }, "geometry": { "type": "Point", "coordinates": [ 72.651010854971275, 23.188063347353079 ] } },
{ "type": "Feature", "properties": { "class_id": 2, "class_name": "Vegetation", "raster_row": 128, "raster_col": 1269, "block_id": 39 }, "geometry": { "type": "Point", "coordinates": [ 72.596735097786379, 23.208729488300243 ] } },
{ "type": "Feature", "properties": { "class_id": 2, "class_name": "Vegetation", "raster_row": 984, "raster_col": 2118, "block_id": 60 }, "geometry": { "type": "Point", "coordinates": [ 72.765107945569326, 23.056645221969372 ] } },
{ "type": "Feature", "properties": { "class_id": 2, "class_name": "Vegetation", "raster_row": 1270, "raster_col": 390, "block_id": 11 }, "geometry": { "type": "Point", "coordinates": [ 72.429020111868198, 22.99989950947543 ] } },
{ "type": "Feature", "properties": { "class_id": 2, "class_name": "Vegetation", "raster_row": 572, "raster_col": 471, "block_id": 14 }, "geometry": { "type": "Point", "coordinates": [ 72.442430691576021, 23.126135029728776 ] } },
{ "type": "Feature", "properties": { "class_id": 2, "class_name": "Vegetation", "raster_row": 77, "raster_col": 18, "block_id": 7 }, "geometry": { "type": "Point", "coordinates": [ 72.352276795835493, 23.214009275940416 ] } },
{ "type": "Feature", "properties": { "class_id": 2, "class_name": "Vegetation", "raster_row": 1898, "raster_col": 1466, "block_id": 41 }, "geometry": { "type": "Point", "coordinates": [ 72.640783024747748, 22.889803907641713 ] } },
{ "type": "Feature", "properties": { "class_id": 2, "class_name": "Vegetation", "raster_row": 250, "raster_col": 2106, "block_id": 63 }, "geometry": { "type": "Point", "coordinates": [ 72.760567832025814, 23.189119370639173 ] } },
{ "type": "Feature", "properties": { "class_id": 2, "class_name": "Vegetation", "raster_row": 591, "raster_col": 910, "block_id": 29 }, "geometry": { "type": "Point", "coordinates": [ 72.528164870030409, 23.124072395671014 ] } },
{ "type": "Feature", "properties": { "class_id": 2, "class_name": "Vegetation", "raster_row": 239, "raster_col": 588, "block_id": 23 }, "geometry": { "type": "Point", "coordinates": [ 72.464130945082218, 23.186606240349906 ] } },
{ "type": "Feature", "properties": { "class_id": 2, "class_name": "Vegetation", "raster_row": 190, "raster_col": 1549, "block_id": 47 }, "geometry": { "type": "Point", "coordinates": [ 72.651612146599632, 23.198364196182219 ] } },
{ "type": "Feature", "properties": { "class_id": 2, "class_name": "Vegetation", "raster_row": 301, "raster_col": 815, "block_id": 22 }, "geometry": { "type": "Point", "coordinates": [ 72.508657381192776, 23.176123862425904 ] } },
{ "type": "Feature", "properties": { "class_id": 2, "class_name": "Vegetation", "raster_row": 2049, "raster_col": 1897, "block_id": 48 }, "geometry": { "type": "Point", "coordinates": [ 72.725213351227126, 22.863768734727987 ] } },
{ "type": "Feature", "properties": { "class_id": 2, "class_name": "Vegetation", "raster_row": 28, "raster_col": 1788, "block_id": 55 }, "geometry": { "type": "Point", "coordinates": [ 72.697783385449043, 23.228298078026821 ] } },
{ "type": "Feature", "properties": { "class_id": 2, "class_name": "Vegetation", "raster_row": 458, "raster_col": 306, "block_id": 14 }, "geometry": { "type": "Point", "coordinates": [ 72.409837061144884, 23.146184061936417 ] } },
{ "type": "Feature", "properties": { "class_id": 2, "class_name": "Vegetation", "raster_row": 472, "raster_col": 219, "block_id": 6 }, "geometry": { "type": "Point", "coordinates": [ 72.392906515117815, 23.143377249640402 ] } },
{ "type": "Feature", "properties": { "class_id": 2, "class_name": "Vegetation", "raster_row": 2112, "raster_col": 890, "block_id": 24 }, "geometry": { "type": "Point", "coordinates": [ 72.529263574274196, 22.849470442186103 ] } },
{ "type": "Feature", "properties": { "class_id": 2, "class_name": "Vegetation", "raster_row": 103, "raster_col": 599, "block_id": 23 }, "geometry": { "type": "Point", "coordinates": [ 72.46581560000098, 23.211187062632497 ] } },
{ "type": "Feature", "properties": { "class_id": 2, "class_name": "Vegetation", "raster_row": 1170, "raster_col": 696, "block_id": 19 }, "geometry": { "type": "Point", "coordinates": [ 72.488345043071064, 23.018906704308566 ] } },
{ "type": "Feature", "properties": { "class_id": 2, "class_name": "Vegetation", "raster_row": 11, "raster_col": 906, "block_id": 31 }, "geometry": { "type": "Point", "coordinates": [ 72.525459108792163, 23.228747695260015 ] } },
{ "type": "Feature", "properties": { "class_id": 2, "class_name": "Vegetation", "raster_row": 853, "raster_col": 1311, "block_id": 37 }, "geometry": { "type": "Point", "coordinates": [ 72.607262410352902, 23.077986918149509 ] } },
{ "type": "Feature", "properties": { "class_id": 2, "class_name": "Vegetation", "raster_row": 1563, "raster_col": 982, "block_id": 26 }, "geometry": { "type": "Point", "coordinates": [ 72.545398059201119, 22.948844807581565 ] } },
{ "type": "Feature", "properties": { "class_id": 2, "class_name": "Vegetation", "raster_row": 1206, "raster_col": 609, "block_id": 19 }, "geometry": { "type": "Point", "coordinates": [ 72.471501726679406, 23.012138740358452 ] } },
{ "type": "Feature", "properties": { "class_id": 2, "class_name": "Vegetation", "raster_row": 1532, "raster_col": 945, "block_id": 26 }, "geometry": { "type": "Point", "coordinates": [ 72.538085339508172, 22.954328591586769 ] } },
{ "type": "Feature", "properties": { "class_id": 2, "class_name": "Vegetation", "raster_row": 167, "raster_col": 1693, "block_id": 47 }, "geometry": { "type": "Point", "coordinates": [ 72.679660943294209, 23.202933462911016 ] } },
{ "type": "Feature", "properties": { "class_id": 2, "class_name": "Vegetation", "raster_row": 179, "raster_col": 1532, "block_id": 47 }, "geometry": { "type": "Point", "coordinates": [ 72.648257656953461, 23.200300213807232 ] } },
{ "type": "Feature", "properties": { "class_id": 2, "class_name": "Vegetation", "raster_row": 1784, "raster_col": 2089, "block_id": 57 }, "geometry": { "type": "Point", "coordinates": [ 72.761832217955657, 22.912140576337549 ] } },
{ "type": "Feature", "properties": { "class_id": 2, "class_name": "Vegetation", "raster_row": 1891, "raster_col": 2147, "block_id": 57 }, "geometry": { "type": "Point", "coordinates": [ 72.773450921185173, 22.892982353343854 ] } },
{ "type": "Feature", "properties": { "class_id": 2, "class_name": "Vegetation", "raster_row": 909, "raster_col": 2235, "block_id": 60 }, "geometry": { "type": "Point", "coordinates": [ 72.787712177798738, 23.070506325237059 ] } },
{ "type": "Feature", "properties": { "class_id": 2, "class_name": "Vegetation", "raster_row": 1558, "raster_col": 909, "block_id": 26 }, "geometry": { "type": "Point", "coordinates": [ 72.531153784634213, 22.94952643665091 ] } },
{ "type": "Feature", "properties": { "class_id": 2, "class_name": "Vegetation", "raster_row": 218, "raster_col": 2091, "block_id": 63 }, "geometry": { "type": "Point", "coordinates": [ 72.757542262235958, 23.194854463156634 ] } },
{ "type": "Feature", "properties": { "class_id": 2, "class_name": "Vegetation", "raster_row": 1593, "raster_col": 316, "block_id": 10 }, "geometry": { "type": "Point", "coordinates": [ 72.415702401884246, 22.941367903250079 ] } },
{ "type": "Feature", "properties": { "class_id": 2, "class_name": "Vegetation", "raster_row": 888, "raster_col": 766, "block_id": 20 }, "geometry": { "type": "Point", "coordinates": [ 72.50105540509287, 23.070022524361175 ] } },
{ "type": "Feature", "properties": { "class_id": 2, "class_name": "Vegetation", "raster_row": 518, "raster_col": 1547, "block_id": 46 }, "geometry": { "type": "Point", "coordinates": [ 72.652254786947708, 23.139150217845454 ] } },
{ "type": "Feature", "properties": { "class_id": 2, "class_name": "Vegetation", "raster_row": 222, "raster_col": 1529, "block_id": 47 }, "geometry": { "type": "Point", "coordinates": [ 72.647807674429401, 23.192529457307931 ] } },
{ "type": "Feature", "properties": { "class_id": 2, "class_name": "Vegetation", "raster_row": 1527, "raster_col": 413, "block_id": 10 }, "geometry": { "type": "Point", "coordinates": [ 72.434380601118178, 22.95358700745814 ] } },
{ "type": "Feature", "properties": { "class_id": 2, "class_name": "Vegetation", "raster_row": 792, "raster_col": 1328, "block_id": 37 }, "geometry": { "type": "Point", "coordinates": [ 72.610384367108551, 23.089048206106572 ] } },
{ "type": "Feature", "properties": { "class_id": 2, "class_name": "Vegetation", "raster_row": 197, "raster_col": 1539, "block_id": 47 }, "geometry": { "type": "Point", "coordinates": [ 72.649681458890001, 23.19707144107387 ] } },
{ "type": "Feature", "properties": { "class_id": 2, "class_name": "Vegetation", "raster_row": 2250, "raster_col": 1167, "block_id": 32 }, "geometry": { "type": "Point", "coordinates": [ 72.583653437643548, 22.82538853948347 ] } },
{ "type": "Feature", "properties": { "class_id": 2, "class_name": "Vegetation", "raster_row": 16, "raster_col": 1745, "block_id": 55 }, "geometry": { "type": "Point", "coordinates": [ 72.689346969184243, 23.230340969225118 ] } },
{ "type": "Feature", "properties": { "class_id": 2, "class_name": "Vegetation", "raster_row": 178, "raster_col": 1586, "block_id": 47 }, "geometry": { "type": "Point", "coordinates": [ 72.658799747278366, 23.200638080644818 ] } },
{ "type": "Feature", "properties": { "class_id": 2, "class_name": "Vegetation", "raster_row": 1456, "raster_col": 991, "block_id": 26 }, "geometry": { "type": "Point", "coordinates": [ 72.546803680781537, 22.968185828744375 ] } },
{ "type": "Feature", "properties": { "class_id": 2, "class_name": "Vegetation", "raster_row": 1964, "raster_col": 2135, "block_id": 57 }, "geometry": { "type": "Point", "coordinates": [ 72.771327944062278, 22.879770573450141 ] } },
{ "type": "Feature", "properties": { "class_id": 2, "class_name": "Vegetation", "raster_row": 1274, "raster_col": 418, "block_id": 11 }, "geometry": { "type": "Point", "coordinates": [ 72.434492646658953, 22.999266132192826 ] } },
{ "type": "Feature", "properties": { "class_id": 2, "class_name": "Vegetation", "raster_row": 2013, "raster_col": 2285, "block_id": 57 }, "geometry": { "type": "Point", "coordinates": [ 72.800696306892391, 22.871331280687183 ] } },
{ "type": "Feature", "properties": { "class_id": 2, "class_name": "Vegetation", "raster_row": 1567, "raster_col": 924, "block_id": 26 }, "geometry": { "type": "Point", "coordinates": [ 72.534106783168141, 22.947947410694994 ] } },
{ "type": "Feature", "properties": { "class_id": 2, "class_name": "Vegetation", "raster_row": 246, "raster_col": 781, "block_id": 23 }, "geometry": { "type": "Point", "coordinates": [ 72.501835312968197, 23.185945714321054 ] } },
{ "type": "Feature", "properties": { "class_id": 2, "class_name": "Vegetation", "raster_row": 574, "raster_col": 908, "block_id": 30 }, "geometry": { "type": "Point", "coordinates": [ 72.527718304649099, 23.127134725881039 ] } },
{ "type": "Feature", "properties": { "class_id": 2, "class_name": "Vegetation", "raster_row": 1359, "raster_col": 1019, "block_id": 27 }, "geometry": { "type": "Point", "coordinates": [ 72.551946216457594, 22.985779099079565 ] } },
{ "type": "Feature", "properties": { "class_id": 2, "class_name": "Vegetation", "raster_row": 1432, "raster_col": 846, "block_id": 19 }, "geometry": { "type": "Point", "coordinates": [ 72.518459802455922, 22.972077734762934 ] } },
{ "type": "Feature", "properties": { "class_id": 2, "class_name": "Vegetation", "raster_row": 1119, "raster_col": 2075, "block_id": 60 }, "geometry": { "type": "Point", "coordinates": [ 72.757122903690899, 23.03215495903428 ] } },
{ "type": "Feature", "properties": { "class_id": 2, "class_name": "Vegetation", "raster_row": 1529, "raster_col": 816, "block_id": 18 }, "geometry": { "type": "Point", "coordinates": [ 72.51293224172511, 22.954477657668928 ] } },
{ "type": "Feature", "properties": { "class_id": 2, "class_name": "Vegetation", "raster_row": 569, "raster_col": 483, "block_id": 14 }, "geometry": { "type": "Point", "coordinates": [ 72.444762155618349, 23.126714465574576 ] } },
{ "type": "Feature", "properties": { "class_id": 2, "class_name": "Vegetation", "raster_row": 235, "raster_col": 1443, "block_id": 39 }, "geometry": { "type": "Point", "coordinates": [ 72.631055932508261, 23.189930808460026 ] } },
{ "type": "Feature", "properties": { "class_id": 2, "class_name": "Vegetation", "raster_row": 2189, "raster_col": 1909, "block_id": 48 }, "geometry": { "type": "Point", "coordinates": [ 72.727971256452719, 22.838528012417154 ] } },
{ "type": "Feature", "properties": { "class_id": 2, "class_name": "Vegetation", "raster_row": 1228, "raster_col": 2143, "block_id": 59 }, "geometry": { "type": "Point", "coordinates": [ 72.77071027620751, 23.012664635162881 ] } },
{ "type": "Feature", "properties": { "class_id": 2, "class_name": "Vegetation", "raster_row": 318, "raster_col": 1335, "block_id": 38 }, "geometry": { "type": "Point", "coordinates": [ 72.610233882944684, 23.174629740880583 ] } },
{ "type": "Feature", "properties": { "class_id": 2, "class_name": "Vegetation", "raster_row": 2067, "raster_col": 937, "block_id": 24 }, "geometry": { "type": "Point", "coordinates": [ 72.538270969722362, 22.857735040592022 ] } },
{ "type": "Feature", "properties": { "class_id": 2, "class_name": "Vegetation", "raster_row": 792, "raster_col": 1473, "block_id": 45 }, "geometry": { "type": "Point", "coordinates": [ 72.638676352435752, 23.089474019547552 ] } },
{ "type": "Feature", "properties": { "class_id": 2, "class_name": "Vegetation", "raster_row": 12, "raster_col": 27, "block_id": 7 }, "geometry": { "type": "Point", "coordinates": [ 72.353802840840004, 23.225769446034469 ] } },
{ "type": "Feature", "properties": { "class_id": 2, "class_name": "Vegetation", "raster_row": 603, "raster_col": 976, "block_id": 29 }, "geometry": { "type": "Point", "coordinates": [ 72.54108456570259, 23.122107845855382 ] } },
{ "type": "Feature", "properties": { "class_id": 2, "class_name": "Vegetation", "raster_row": 250, "raster_col": 740, "block_id": 23 }, "geometry": { "type": "Point", "coordinates": [ 72.493843991141503, 23.185096429877046 ] } },
{ "type": "Feature", "properties": { "class_id": 2, "class_name": "Vegetation", "raster_row": 257, "raster_col": 416, "block_id": 15 }, "geometry": { "type": "Point", "coordinates": [ 72.430613202905363, 23.182812655516535 ] } },
{ "type": "Feature", "properties": { "class_id": 2, "class_name": "Vegetation", "raster_row": 330, "raster_col": 905, "block_id": 30 }, "geometry": { "type": "Point", "coordinates": [ 72.526324105816258, 23.171166670125469 ] } },
{ "type": "Feature", "properties": { "class_id": 2, "class_name": "Vegetation", "raster_row": 1008, "raster_col": 221, "block_id": 4 }, "geometry": { "type": "Point", "coordinates": [ 72.39516360627826, 23.046646931418252 ] } },
{ "type": "Feature", "properties": { "class_id": 2, "class_name": "Vegetation", "raster_row": 775, "raster_col": 786, "block_id": 21 }, "geometry": { "type": "Point", "coordinates": [ 72.504580238467128, 23.090480144922218 ] } },
{ "type": "Feature", "properties": { "class_id": 2, "class_name": "Vegetation", "raster_row": 1486, "raster_col": 845, "block_id": 18 }, "geometry": { "type": "Point", "coordinates": [ 72.518442881038808, 22.962327712486374 ] } },
{ "type": "Feature", "properties": { "class_id": 2, "class_name": "Vegetation", "raster_row": 532, "raster_col": 748, "block_id": 22 }, "geometry": { "type": "Point", "coordinates": [ 72.496352692505695, 23.13422257614226 ] } },
{ "type": "Feature", "properties": { "class_id": 2, "class_name": "Vegetation", "raster_row": 1399, "raster_col": 398, "block_id": 11 }, "geometry": { "type": "Point", "coordinates": [ 72.431020483750615, 22.976642046969364 ] } },
{ "type": "Feature", "properties": { "class_id": 2, "class_name": "Vegetation", "raster_row": 92, "raster_col": 1640, "block_id": 47 }, "geometry": { "type": "Point", "coordinates": [ 72.669075688042199, 23.216318933149175 ] } },
{ "type": "Feature", "properties": { "class_id": 2, "class_name": "Vegetation", "raster_row": 2274, "raster_col": 1172, "block_id": 32 }, "geometry": { "type": "Point", "coordinates": [ 72.584703569955892, 22.821071031175808 ] } },
{ "type": "Feature", "properties": { "class_id": 2, "class_name": "Vegetation", "raster_row": 229, "raster_col": 1601, "block_id": 47 }, "geometry": { "type": "Point", "coordinates": [ 72.661889171554762, 23.191475485992555 ] } },
{ "type": "Feature", "properties": { "class_id": 2, "class_name": "Vegetation", "raster_row": 60, "raster_col": 812, "block_id": 23 }, "geometry": { "type": "Point", "coordinates": [ 72.507264876883738, 23.219613328979136 ] } },
{ "type": "Feature", "properties": { "class_id": 2, "class_name": "Vegetation", "raster_row": 494, "raster_col": 688, "block_id": 22 }, "geometry": { "type": "Point", "coordinates": [ 72.484514925101848, 23.140894754551368 ] } },
{ "type": "Feature", "properties": { "class_id": 2, "class_name": "Vegetation", "raster_row": 1552, "raster_col": 1162, "block_id": 26 }, "geometry": { "type": "Point", "coordinates": [ 72.580445952041373, 22.951369587821752 ] } },
{ "type": "Feature", "properties": { "class_id": 2, "class_name": "Vegetation", "raster_row": 1534, "raster_col": 406, "block_id": 10 }, "geometry": { "type": "Point", "coordinates": [ 72.433040196036615, 22.952301508725203 ] } },
{ "type": "Feature", "properties": { "class_id": 2, "class_name": "Vegetation", "raster_row": 1395, "raster_col": 2102, "block_id": 59 }, "geometry": { "type": "Point", "coordinates": [ 72.763211211113315, 22.982403171946714 ] } },
{ "type": "Feature", "properties": { "class_id": 2, "class_name": "Vegetation", "raster_row": 233, "raster_col": 1545, "block_id": 47 }, "geometry": { "type": "Point", "coordinates": [ 72.650966697227943, 23.190590516345583 ] } },
{ "type": "Feature", "properties": { "class_id": 2, "class_name": "Vegetation", "raster_row": 2047, "raster_col": 927, "block_id": 24 }, "geometry": { "type": "Point", "coordinates": [ 72.536258132951929, 22.861314970814657 ] } },
{ "type": "Feature", "properties": { "class_id": 2, "class_name": "Vegetation", "raster_row": 220, "raster_col": 1681, "block_id": 47 }, "geometry": { "type": "Point", "coordinates": [ 72.677482831578288, 23.193331553686512 ] } },
{ "type": "Feature", "properties": { "class_id": 2, "class_name": "Vegetation", "raster_row": 44, "raster_col": 1747, "block_id": 55 }, "geometry": { "type": "Point", "coordinates": [ 72.689824649546225, 23.225292261565397 ] } },
{ "type": "Feature", "properties": { "class_id": 2, "class_name": "Vegetation", "raster_row": 168, "raster_col": 1589, "block_id": 47 }, "geometry": { "type": "Point", "coordinates": [ 72.659354149913923, 23.202451930689229 ] } },
{ "type": "Feature", "properties": { "class_id": 2, "class_name": "Vegetation", "raster_row": 1364, "raster_col": 407, "block_id": 11 }, "geometry": { "type": "Point", "coordinates": [ 72.432655393661591, 22.982987538933354 ] } },
{ "type": "Feature", "properties": { "class_id": 2, "class_name": "Vegetation", "raster_row": 860, "raster_col": 1343, "block_id": 37 }, "geometry": { "type": "Point", "coordinates": [ 72.613527886055635, 23.076817838693952 ] } },
{ "type": "Feature", "properties": { "class_id": 2, "class_name": "Vegetation", "raster_row": 1254, "raster_col": 425, "block_id": 11 }, "geometry": { "type": "Point", "coordinates": [ 72.435789130578428, 23.002897987680573 ] } },
{ "type": "Feature", "properties": { "class_id": 2, "class_name": "Vegetation", "raster_row": 494, "raster_col": 1666, "block_id": 46 }, "geometry": { "type": "Point", "coordinates": [ 72.675408258491231, 23.143826988297253 ] } },
{ "type": "Feature", "properties": { "class_id": 2, "class_name": "Vegetation", "raster_row": 1343, "raster_col": 1053, "block_id": 27 }, "geometry": { "type": "Point", "coordinates": [ 72.558522857290441, 22.988769491939387 ] } },
{ "type": "Feature", "properties": { "class_id": 2, "class_name": "Vegetation", "raster_row": 1386, "raster_col": 2102, "block_id": 59 }, "geometry": { "type": "Point", "coordinates": [ 72.763184447321166, 22.984027950945698 ] } },
{ "type": "Feature", "properties": { "class_id": 2, "class_name": "Vegetation", "raster_row": 448, "raster_col": 296, "block_id": 14 }, "geometry": { "type": "Point", "coordinates": [ 72.407850654305534, 23.147956754984691 ] } },
{ "type": "Feature", "properties": { "class_id": 2, "class_name": "Vegetation", "raster_row": 1060, "raster_col": 795, "block_id": 20 }, "geometry": { "type": "Point", "coordinates": [ 72.5072845005853, 23.039066648596481 ] } },
{ "type": "Feature", "properties": { "class_id": 2, "class_name": "Vegetation", "raster_row": 1155, "raster_col": 36, "block_id": 4 }, "geometry": { "type": "Point", "coordinates": [ 72.359602473728117, 23.019518270215237 ] } },
{ "type": "Feature", "properties": { "class_id": 2, "class_name": "Vegetation", "raster_row": 211, "raster_col": 239, "block_id": 7 }, "geometry": { "type": "Point", "coordinates": [ 72.395898313952713, 23.190546485668666 ] } },
{ "type": "Feature", "properties": { "class_id": 2, "class_name": "Vegetation", "raster_row": 402, "raster_col": 204, "block_id": 6 }, "geometry": { "type": "Point", "coordinates": [ 72.389734257423214, 23.155962176658292 ] } },
{ "type": "Feature", "properties": { "class_id": 2, "class_name": "Vegetation", "raster_row": 1147, "raster_col": 758, "block_id": 20 }, "geometry": { "type": "Point", "coordinates": [ 72.500358285513173, 23.023249595914692 ] } },
{ "type": "Feature", "properties": { "class_id": 2, "class_name": "Vegetation", "raster_row": 1206, "raster_col": 381, "block_id": 11 }, "geometry": { "type": "Point", "coordinates": [ 72.427046343727724, 23.011422092440476 ] } },
{ "type": "Feature", "properties": { "class_id": 2, "class_name": "Vegetation", "raster_row": 225, "raster_col": 1532, "block_id": 47 }, "geometry": { "type": "Point", "coordinates": [ 72.64840295853314, 23.191996681623529 ] } },
{ "type": "Feature", "properties": { "class_id": 3, "class_name": "Water", "raster_row": 1374, "raster_col": 1195, "block_id": 35 }, "geometry": { "type": "Point", "coordinates": [ 72.586307420319116, 22.983598149012906 ] } },
{ "type": "Feature", "properties": { "class_id": 3, "class_name": "Water", "raster_row": 1219, "raster_col": 1140, "block_id": 27 }, "geometry": { "type": "Point", "coordinates": [ 72.575084724758923, 23.011412884707823 ] } },
{ "type": "Feature", "properties": { "class_id": 3, "class_name": "Water", "raster_row": 1053, "raster_col": 1141, "block_id": 28 }, "geometry": { "type": "Point", "coordinates": [ 72.57474345038105, 23.041379829972833 ] } },
{ "type": "Feature", "properties": { "class_id": 3, "class_name": "Water", "raster_row": 1025, "raster_col": 1140, "block_id": 28 }, "geometry": { "type": "Point", "coordinates": [ 72.574457858166653, 23.046430985931337 ] } },
{ "type": "Feature", "properties": { "class_id": 3, "class_name": "Water", "raster_row": 122, "raster_col": 1673, "block_id": 47 }, "geometry": { "type": "Point", "coordinates": [ 72.675614596200475, 23.21099894650402 ] } },
{ "type": "Feature", "properties": { "class_id": 3, "class_name": "Water", "raster_row": 1137, "raster_col": 199, "block_id": 4 }, "geometry": { "type": "Point", "coordinates": [ 72.391321652627269, 23.023294238726287 ] } },
{ "type": "Feature", "properties": { "class_id": 3, "class_name": "Water", "raster_row": 1162, "raster_col": 1142, "block_id": 28 }, "geometry": { "type": "Point", "coordinates": [ 72.575290694834081, 23.021707704915912 ] } },
{ "type": "Feature", "properties": { "class_id": 3, "class_name": "Water", "raster_row": 493, "raster_col": 1605, "block_id": 46 }, "geometry": { "type": "Point", "coordinates": [ 72.663497792415967, 23.143831362942308 ] } },
{ "type": "Feature", "properties": { "class_id": 3, "class_name": "Water", "raster_row": 11, "raster_col": 1735, "block_id": 47 }, "geometry": { "type": "Point", "coordinates": [ 72.687378106444839, 23.231214806181921 ] } },
{ "type": "Feature", "properties": { "class_id": 3, "class_name": "Water", "raster_row": 555, "raster_col": 1366, "block_id": 38 }, "geometry": { "type": "Point", "coordinates": [ 72.617043425497656, 23.131941035318732 ] } },
{ "type": "Feature", "properties": { "class_id": 3, "class_name": "Water", "raster_row": 1673, "raster_col": 932, "block_id": 26 }, "geometry": { "type": "Point", "coordinates": [ 72.536012476291674, 22.92883838705486 ] } },
{ "type": "Feature", "properties": { "class_id": 3, "class_name": "Water", "raster_row": 1031, "raster_col": 1145, "block_id": 28 }, "geometry": { "type": "Point", "coordinates": [ 72.575452497811511, 23.045362916989045 ] } },
{ "type": "Feature", "properties": { "class_id": 3, "class_name": "Water", "raster_row": 494, "raster_col": 252, "block_id": 6 }, "geometry": { "type": "Point", "coordinates": [ 72.399423484915602, 23.139513173220557 ] } },
{ "type": "Feature", "properties": { "class_id": 3, "class_name": "Water", "raster_row": 12, "raster_col": 1736, "block_id": 47 }, "geometry": { "type": "Point", "coordinates": [ 72.687576549429622, 23.231037165780215 ] } },
{ "type": "Feature", "properties": { "class_id": 3, "class_name": "Water", "raster_row": 526, "raster_col": 1308, "block_id": 38 }, "geometry": { "type": "Point", "coordinates": [ 72.605630182952751, 23.137004184354751 ] } },
{ "type": "Feature", "properties": { "class_id": 3, "class_name": "Water", "raster_row": 1034, "raster_col": 1141, "block_id": 28 }, "geometry": { "type": "Point", "coordinates": [ 72.574682012599709, 23.044809431540596 ] } },
{ "type": "Feature", "properties": { "class_id": 3, "class_name": "Water", "raster_row": 657, "raster_col": 1799, "block_id": 53 }, "geometry": { "type": "Point", "coordinates": [ 72.701872154190113, 23.114783166307237 ] } },
{ "type": "Feature", "properties": { "class_id": 3, "class_name": "Water", "raster_row": 1004, "raster_col": 1145, "block_id": 28 }, "geometry": { "type": "Point", "coordinates": [ 72.575365196652427, 23.050236560946498 ] } },
{ "type": "Feature", "properties": { "class_id": 3, "class_name": "Water", "raster_row": 1138, "raster_col": 1143, "block_id": 28 }, "geometry": { "type": "Point", "coordinates": [ 72.575408197632285, 23.026042835176597 ] } },
{ "type": "Feature", "properties": { "class_id": 3, "class_name": "Water", "raster_row": 2075, "raster_col": 965, "block_id": 24 }, "geometry": { "type": "Point", "coordinates": [ 72.543750579251679, 22.856375308368605 ] } },
{ "type": "Feature", "properties": { "class_id": 3, "class_name": "Water", "raster_row": 632, "raster_col": 1728, "block_id": 45 }, "geometry": { "type": "Point", "coordinates": [ 72.68793818930223, 23.119093594089097 ] } },
{ "type": "Feature", "properties": { "class_id": 3, "class_name": "Water", "raster_row": 1085, "raster_col": 1136, "block_id": 28 }, "geometry": { "type": "Point", "coordinates": [ 72.573871734998136, 23.035588694888837 ] } },
{ "type": "Feature", "properties": { "class_id": 3, "class_name": "Water", "raster_row": 1322, "raster_col": 1101, "block_id": 27 }, "geometry": { "type": "Point", "coordinates": [ 72.56781319364174, 22.992704112972842 ] } },
{ "type": "Feature", "properties": { "class_id": 3, "class_name": "Water", "raster_row": 304, "raster_col": 343, "block_id": 14 }, "geometry": { "type": "Point", "coordinates": [ 72.416524902518077, 23.174096686377073 ] } },
{ "type": "Feature", "properties": { "class_id": 3, "class_name": "Water", "raster_row": 1372, "raster_col": 1208, "block_id": 35 }, "geometry": { "type": "Point", "coordinates": [ 72.588835486717286, 22.98399776890064 ] } },
{ "type": "Feature", "properties": { "class_id": 3, "class_name": "Water", "raster_row": 992, "raster_col": 1152, "block_id": 28 }, "geometry": { "type": "Point", "coordinates": [ 72.576691787847579, 23.052423568466001 ] } },
{ "type": "Feature", "properties": { "class_id": 3, "class_name": "Water", "raster_row": 1280, "raster_col": 1100, "block_id": 27 }, "geometry": { "type": "Point", "coordinates": [ 72.567482320208171, 23.000282346682532 ] } },
{ "type": "Feature", "properties": { "class_id": 3, "class_name": "Water", "raster_row": 494, "raster_col": 245, "block_id": 6 }, "geometry": { "type": "Point", "coordinates": [ 72.398057391627404, 23.139490617920192 ] } },
{ "type": "Feature", "properties": { "class_id": 3, "class_name": "Water", "raster_row": 1654, "raster_col": 943, "block_id": 26 }, "geometry": { "type": "Point", "coordinates": [ 72.538094065539113, 22.932301215462058 ] } },
{ "type": "Feature", "properties": { "class_id": 3, "class_name": "Water", "raster_row": 262, "raster_col": 676, "block_id": 23 }, "geometry": { "type": "Point", "coordinates": [ 72.481389476378212, 23.182731008318296 ] } },
{ "type": "Feature", "properties": { "class_id": 3, "class_name": "Water", "raster_row": 229, "raster_col": 658, "block_id": 23 }, "geometry": { "type": "Point", "coordinates": [ 72.477763580386167, 23.188630844281846 ] } },
{ "type": "Feature", "properties": { "class_id": 3, "class_name": "Water", "raster_row": 1445, "raster_col": 845, "block_id": 19 }, "geometry": { "type": "Point", "coordinates": [ 72.518307732857281, 22.969728190270747 ] } },
{ "type": "Feature", "properties": { "class_id": 3, "class_name": "Water", "raster_row": 1093, "raster_col": 1135, "block_id": 28 }, "geometry": { "type": "Point", "coordinates": [ 72.573702571635621, 23.034141658938008 ] } },
{ "type": "Feature", "properties": { "class_id": 3, "class_name": "Water", "raster_row": 2142, "raster_col": 1867, "block_id": 48 }, "geometry": { "type": "Point", "coordinates": [ 72.719649345749701, 22.846895891728803 ] } },
{ "type": "Feature", "properties": { "class_id": 3, "class_name": "Water", "raster_row": 313, "raster_col": 868, "block_id": 22 }, "geometry": { "type": "Point", "coordinates": [ 72.519044352535175, 23.174121393790141 ] } },
{ "type": "Feature", "properties": { "class_id": 3, "class_name": "Water", "raster_row": 1242, "raster_col": 1133, "block_id": 27 }, "geometry": { "type": "Point", "coordinates": [ 72.573794019837038, 23.007240323680232 ] } },
{ "type": "Feature", "properties": { "class_id": 3, "class_name": "Water", "raster_row": 684, "raster_col": 2016, "block_id": 53 }, "geometry": { "type": "Point", "coordinates": [ 72.744305122933838, 23.110520453687617 ] } },
{ "type": "Feature", "properties": { "class_id": 3, "class_name": "Water", "raster_row": 267, "raster_col": 679, "block_id": 23 }, "geometry": { "type": "Point", "coordinates": [ 72.481992069821672, 23.181837935844158 ] } },
{ "type": "Feature", "properties": { "class_id": 3, "class_name": "Water", "raster_row": 174, "raster_col": 1613, "block_id": 47 }, "geometry": { "type": "Point", "coordinates": [ 72.66405985332095, 23.201438547644976 ] } },
{ "type": "Feature", "properties": { "class_id": 3, "class_name": "Water", "raster_row": 490, "raster_col": 239, "block_id": 6 }, "geometry": { "type": "Point", "coordinates": [ 72.396872508778529, 23.140193189083213 ] } },
{ "type": "Feature", "properties": { "class_id": 3, "class_name": "Water", "raster_row": 1351, "raster_col": 994, "block_id": 27 }, "geometry": { "type": "Point", "coordinates": [ 72.547046191765588, 22.987147709100586 ] } },
{ "type": "Feature", "properties": { "class_id": 3, "class_name": "Water", "raster_row": 153, "raster_col": 775, "block_id": 23 }, "geometry": { "type": "Point", "coordinates": [ 72.500351689668037, 23.202712843907932 ] } },
{ "type": "Feature", "properties": { "class_id": 3, "class_name": "Water", "raster_row": 508, "raster_col": 243, "block_id": 6 }, "geometry": { "type": "Point", "coordinates": [ 72.397715875449549, 23.136957471337954 ] } },
{ "type": "Feature", "properties": { "class_id": 3, "class_name": "Water", "raster_row": 1058, "raster_col": 1133, "block_id": 28 }, "geometry": { "type": "Point", "coordinates": [ 72.573199299885047, 23.040453357955762 ] } },
{ "type": "Feature", "properties": { "class_id": 3, "class_name": "Water", "raster_row": 1170, "raster_col": 1144, "block_id": 27 }, "geometry": { "type": "Point", "coordinates": [ 72.575706550812981, 23.020269635019318 ] } },
{ "type": "Feature", "properties": { "class_id": 3, "class_name": "Water", "raster_row": 1393, "raster_col": 1949, "block_id": 51 }, "geometry": { "type": "Point", "coordinates": [ 72.733373223885081, 22.982340179139548 ] } },
{ "type": "Feature", "properties": { "class_id": 3, "class_name": "Water", "raster_row": 1298, "raster_col": 1087, "block_id": 27 }, "geometry": { "type": "Point", "coordinates": [ 72.565005884212937, 22.996994284873914 ] } },
{ "type": "Feature", "properties": { "class_id": 3, "class_name": "Water", "raster_row": 1050, "raster_col": 1140, "block_id": 28 }, "geometry": { "type": "Point", "coordinates": [ 72.574538708723736, 23.041918353623757 ] } },
{ "type": "Feature", "properties": { "class_id": 3, "class_name": "Water", "raster_row": 489, "raster_col": 242, "block_id": 6 }, "geometry": { "type": "Point", "coordinates": [ 72.397454493535264, 23.140383340257365 ] } },
{ "type": "Feature", "properties": { "class_id": 3, "class_name": "Water", "raster_row": 1237, "raster_col": 1127, "block_id": 27 }, "geometry": { "type": "Point", "coordinates": [ 72.572607915951963, 23.008124913002327 ] } },
{ "type": "Feature", "properties": { "class_id": 3, "class_name": "Water", "raster_row": 585, "raster_col": 1428, "block_id": 38 }, "geometry": { "type": "Point", "coordinates": [ 72.629239734027166, 23.126708217331505 ] } },
{ "type": "Feature", "properties": { "class_id": 3, "class_name": "Water", "raster_row": 593, "raster_col": 1647, "block_id": 45 }, "geometry": { "type": "Point", "coordinates": [ 72.672008077831606, 23.125901135784773 ] } },
{ "type": "Feature", "properties": { "class_id": 3, "class_name": "Water", "raster_row": 1114, "raster_col": 1135, "block_id": 28 }, "geometry": { "type": "Point", "coordinates": [ 72.573770468193217, 23.030351044237332 ] } },
{ "type": "Feature", "properties": { "class_id": 3, "class_name": "Water", "raster_row": 1438, "raster_col": 353, "block_id": 11 }, "geometry": { "type": "Point", "coordinates": [ 72.422382399113317, 22.969460605805683 ] } },
{ "type": "Feature", "properties": { "class_id": 3, "class_name": "Water", "raster_row": 1312, "raster_col": 1074, "block_id": 27 }, "geometry": { "type": "Point", "coordinates": [ 72.562516595854675, 22.994428212644525 ] } },
{ "type": "Feature", "properties": { "class_id": 3, "class_name": "Water", "raster_row": 1524, "raster_col": 825, "block_id": 18 }, "geometry": { "type": "Point", "coordinates": [ 72.514669909861865, 22.955407662405477 ] } },
{ "type": "Feature", "properties": { "class_id": 3, "class_name": "Water", "raster_row": 1314, "raster_col": 1076, "block_id": 27 }, "geometry": { "type": "Point", "coordinates": [ 72.562913022535312, 22.994073205614836 ] } },
{ "type": "Feature", "properties": { "class_id": 3, "class_name": "Water", "raster_row": 1249, "raster_col": 1280, "block_id": 35 }, "geometry": { "type": "Point", "coordinates": [ 72.602480492122424, 23.006413589374979 ] } },
{ "type": "Feature", "properties": { "class_id": 3, "class_name": "Water", "raster_row": 1121, "raster_col": 1137, "block_id": 28 }, "geometry": { "type": "Point", "coordinates": [ 72.574183143544744, 23.029093489005106 ] } },
{ "type": "Feature", "properties": { "class_id": 3, "class_name": "Water", "raster_row": 1678, "raster_col": 347, "block_id": 10 }, "geometry": { "type": "Point", "coordinates": [ 72.422034117096672, 22.926124855070913 ] } },
{ "type": "Feature", "properties": { "class_id": 3, "class_name": "Water", "raster_row": 1069, "raster_col": 1132, "block_id": 28 }, "geometry": { "type": "Point", "coordinates": [ 72.573039848239631, 23.038464806528541 ] } },
{ "type": "Feature", "properties": { "class_id": 3, "class_name": "Water", "raster_row": 1282, "raster_col": 1095, "block_id": 27 }, "geometry": { "type": "Point", "coordinates": [ 72.566513891989359, 22.999906352220801 ] } },
{ "type": "Feature", "properties": { "class_id": 3, "class_name": "Water", "raster_row": 1424, "raster_col": 876, "block_id": 27 }, "geometry": { "type": "Point", "coordinates": [ 72.524281495668362, 22.973613218446182 ] } },
{ "type": "Feature", "properties": { "class_id": 3, "class_name": "Water", "raster_row": 1248, "raster_col": 1123, "block_id": 27 }, "geometry": { "type": "Point", "coordinates": [ 72.571863494136963, 23.006127384078841 ] } },
{ "type": "Feature", "properties": { "class_id": 3, "class_name": "Water", "raster_row": 1461, "raster_col": 843, "block_id": 18 }, "geometry": { "type": "Point", "coordinates": [ 72.517970629075165, 22.966834094410618 ] } },
{ "type": "Feature", "properties": { "class_id": 3, "class_name": "Water", "raster_row": 304, "raster_col": 944, "block_id": 30 }, "geometry": { "type": "Point", "coordinates": [ 72.533851738580267, 23.175979064038433 ] } },
{ "type": "Feature", "properties": { "class_id": 3, "class_name": "Water", "raster_row": 12, "raster_col": 1734, "block_id": 47 }, "geometry": { "type": "Point", "coordinates": [ 72.687185886575577, 23.231031414737224 ] } },
{ "type": "Feature", "properties": { "class_id": 3, "class_name": "Water", "raster_row": 1720, "raster_col": 855, "block_id": 18 }, "geometry": { "type": "Point", "coordinates": [ 72.521161734957303, 22.920121136626349 ] } },
{ "type": "Feature", "properties": { "class_id": 3, "class_name": "Water", "raster_row": 538, "raster_col": 147, "block_id": 6 }, "geometry": { "type": "Point", "coordinates": [ 72.37908670234863, 23.13123266137956 ] } },
{ "type": "Feature", "properties": { "class_id": 3, "class_name": "Water", "raster_row": 590, "raster_col": 1564, "block_id": 45 }, "geometry": { "type": "Point", "coordinates": [ 72.655799100543362, 23.126202617766271 ] } },
{ "type": "Feature", "properties": { "class_id": 3, "class_name": "Water", "raster_row": 681, "raster_col": 2008, "block_id": 53 }, "geometry": { "type": "Point", "coordinates": [ 72.742734749919705, 23.111039694055844 ] } },
{ "type": "Feature", "properties": { "class_id": 3, "class_name": "Water", "raster_row": 1665, "raster_col": 935, "block_id": 26 }, "geometry": { "type": "Point", "coordinates": [ 72.53657096717852, 22.93029148633989 ] } },
{ "type": "Feature", "properties": { "class_id": 3, "class_name": "Water", "raster_row": 114, "raster_col": 1686, "block_id": 47 }, "geometry": { "type": "Point", "coordinates": [ 72.678128538959186, 23.212480587902 ] } },
{ "type": "Feature", "properties": { "class_id": 3, "class_name": "Water", "raster_row": 1300, "raster_col": 1088, "block_id": 27 }, "geometry": { "type": "Point", "coordinates": [ 72.565207337903445, 22.996636273358025 ] } },
{ "type": "Feature", "properties": { "class_id": 3, "class_name": "Water", "raster_row": 1266, "raster_col": 1115, "block_id": 27 }, "geometry": { "type": "Point", "coordinates": [ 72.570361776625447, 23.002854342718742 ] } },
{ "type": "Feature", "properties": { "class_id": 3, "class_name": "Water", "raster_row": 1251, "raster_col": 1120, "block_id": 27 }, "geometry": { "type": "Point", "coordinates": [ 72.571288221615589, 23.005576891217125 ] } },
{ "type": "Feature", "properties": { "class_id": 3, "class_name": "Water", "raster_row": 654, "raster_col": 1918, "block_id": 53 }, "geometry": { "type": "Point", "coordinates": [ 72.725087853744142, 23.115661470082344 ] } },
{ "type": "Feature", "properties": { "class_id": 3, "class_name": "Water", "raster_row": 1354, "raster_col": 1183, "block_id": 35 }, "geometry": { "type": "Point", "coordinates": [ 72.583903661953755, 22.987172637697181 ] } },
{ "type": "Feature", "properties": { "class_id": 3, "class_name": "Water", "raster_row": 1197, "raster_col": 1140, "block_id": 27 }, "geometry": { "type": "Point", "coordinates": [ 72.575013698377532, 23.015384018186438 ] } },
{ "type": "Feature", "properties": { "class_id": 3, "class_name": "Water", "raster_row": 661, "raster_col": 1947, "block_id": 53 }, "geometry": { "type": "Point", "coordinates": [ 72.73076902829267, 23.114479348428734 ] } },
{ "type": "Feature", "properties": { "class_id": 3, "class_name": "Water", "raster_row": 997, "raster_col": 1152, "block_id": 28 }, "geometry": { "type": "Point", "coordinates": [ 72.576707949389245, 23.051521041417754 ] } },
{ "type": "Feature", "properties": { "class_id": 3, "class_name": "Water", "raster_row": 1212, "raster_col": 1137, "block_id": 27 }, "geometry": { "type": "Point", "coordinates": [ 72.574477128118673, 23.01266746116638 ] } },
{ "type": "Feature", "properties": { "class_id": 3, "class_name": "Water", "raster_row": 1160, "raster_col": 1140, "block_id": 28 }, "geometry": { "type": "Point", "coordinates": [ 72.574894209400185, 23.022062737714677 ] } },
{ "type": "Feature", "properties": { "class_id": 3, "class_name": "Water", "raster_row": 1361, "raster_col": 1201, "block_id": 35 }, "geometry": { "type": "Point", "coordinates": [ 72.587435480817916, 22.985962579587174 ] } },
{ "type": "Feature", "properties": { "class_id": 3, "class_name": "Water", "raster_row": 2042, "raster_col": 2030, "block_id": 48 }, "geometry": { "type": "Point", "coordinates": [ 72.751102226400164, 22.865400936465981 ] } },
{ "type": "Feature", "properties": { "class_id": 3, "class_name": "Water", "raster_row": 1756, "raster_col": 1232, "block_id": 33 }, "geometry": { "type": "Point", "coordinates": [ 72.594740721800633, 22.914753063491499 ] } },
{ "type": "Feature", "properties": { "class_id": 3, "class_name": "Water", "raster_row": 1043, "raster_col": 1142, "block_id": 28 }, "geometry": { "type": "Point", "coordinates": [ 72.574906159757219, 23.043187876071826 ] } },
{ "type": "Feature", "properties": { "class_id": 3, "class_name": "Water", "raster_row": 1090, "raster_col": 1130, "block_id": 28 }, "geometry": { "type": "Point", "coordinates": [ 72.572717715445705, 23.034668208298292 ] } },
{ "type": "Feature", "properties": { "class_id": 3, "class_name": "Water", "raster_row": 1739, "raster_col": 683, "block_id": 18 }, "geometry": { "type": "Point", "coordinates": [ 72.487709709579576, 22.916164747712749 ] } },
{ "type": "Feature", "properties": { "class_id": 3, "class_name": "Water", "raster_row": 1283, "raster_col": 2264, "block_id": 59 }, "geometry": { "type": "Point", "coordinates": [ 72.794470221140259, 23.003065930242677 ] } },
{ "type": "Feature", "properties": { "class_id": 3, "class_name": "Water", "raster_row": 1095, "raster_col": 1130, "block_id": 28 }, "geometry": { "type": "Point", "coordinates": [ 72.57273388956655, 23.033765681891072 ] } },
{ "type": "Feature", "properties": { "class_id": 3, "class_name": "Water", "raster_row": 858, "raster_col": 1273, "block_id": 37 }, "geometry": { "type": "Point", "coordinates": [ 72.599864720869348, 23.076971853370942 ] } },
{ "type": "Feature", "properties": { "class_id": 3, "class_name": "Water", "raster_row": 98, "raster_col": 1704, "block_id": 47 }, "geometry": { "type": "Point", "coordinates": [ 72.68159413347793, 23.215420723270451 ] } },
{ "type": "Feature", "properties": { "class_id": 3, "class_name": "Water", "raster_row": 1231, "raster_col": 1133, "block_id": 27 }, "geometry": { "type": "Point", "coordinates": [ 72.573758496909093, 23.009225889835314 ] } },
{ "type": "Feature", "properties": { "class_id": 3, "class_name": "Water", "raster_row": 618, "raster_col": 1698, "block_id": 45 }, "geometry": { "type": "Point", "coordinates": [ 72.682039700489241, 23.121534879434499 ] } },
{ "type": "Feature", "properties": { "class_id": 3, "class_name": "Water", "raster_row": 317, "raster_col": 847, "block_id": 22 }, "geometry": { "type": "Point", "coordinates": [ 72.514957979573154, 23.173334734108245 ] } },
{ "type": "Feature", "properties": { "class_id": 3, "class_name": "Water", "raster_row": 345, "raster_col": 1067, "block_id": 30 }, "geometry": { "type": "Point", "coordinates": [ 72.557999549155156, 23.168953044654657 ] } },
{ "type": "Feature", "properties": { "class_id": 3, "class_name": "Water", "raster_row": 490, "raster_col": 257, "block_id": 6 }, "geometry": { "type": "Point", "coordinates": [ 72.400385338544851, 23.140251192612677 ] } },
{ "type": "Feature", "properties": { "class_id": 3, "class_name": "Water", "raster_row": 505, "raster_col": 255, "block_id": 6 }, "geometry": { "type": "Point", "coordinates": [ 72.400047259778702, 23.137537568225053 ] } },
{ "type": "Feature", "properties": { "class_id": 3, "class_name": "Water", "raster_row": 1150, "raster_col": 1141, "block_id": 28 }, "geometry": { "type": "Point", "coordinates": [ 72.575056923242883, 23.023870785866077 ] } },
{ "type": "Feature", "properties": { "class_id": 3, "class_name": "Water", "raster_row": 655, "raster_col": 1894, "block_id": 53 }, "geometry": { "type": "Point", "coordinates": [ 72.720406850511623, 23.115413307752792 ] } },
{ "type": "Feature", "properties": { "class_id": 3, "class_name": "Water", "raster_row": 1869, "raster_col": 161, "block_id": 1 }, "geometry": { "type": "Point", "coordinates": [ 72.386453365616859, 22.891059838313257 ] } },
{ "type": "Feature", "properties": { "class_id": 3, "class_name": "Water", "raster_row": 1149, "raster_col": 1137, "block_id": 28 }, "geometry": { "type": "Point", "coordinates": [ 72.574273629049515, 23.024039330600971 ] } },
{ "type": "Feature", "properties": { "class_id": 3, "class_name": "Water", "raster_row": 1006, "raster_col": 1147, "block_id": 28 }, "geometry": { "type": "Point", "coordinates": [ 72.575761770883318, 23.049881535040054 ] } },
{ "type": "Feature", "properties": { "class_id": 3, "class_name": "Water", "raster_row": 304, "raster_col": 938, "block_id": 30 }, "geometry": { "type": "Point", "coordinates": [ 72.532680362157649, 23.175960702904071 ] } },
{ "type": "Feature", "properties": { "class_id": 3, "class_name": "Water", "raster_row": 1253, "raster_col": 1282, "block_id": 35 }, "geometry": { "type": "Point", "coordinates": [ 72.602883242782283, 23.005697456846633 ] } },
{ "type": "Feature", "properties": { "class_id": 3, "class_name": "Water", "raster_row": 1351, "raster_col": 1185, "block_id": 35 }, "geometry": { "type": "Point", "coordinates": [ 72.584283954368871, 22.987720109679785 ] } },
{ "type": "Feature", "properties": { "class_id": 3, "class_name": "Water", "raster_row": 1326, "raster_col": 1045, "block_id": 27 }, "geometry": { "type": "Point", "coordinates": [ 72.556907922630842, 22.991814008416057 ] } },
{ "type": "Feature", "properties": { "class_id": 3, "class_name": "Water", "raster_row": 1676, "raster_col": 931, "block_id": 26 }, "geometry": { "type": "Point", "coordinates": [ 72.535827404056221, 22.928293852799893 ] } },
{ "type": "Feature", "properties": { "class_id": 3, "class_name": "Water", "raster_row": 596, "raster_col": 1652, "block_id": 45 }, "geometry": { "type": "Point", "coordinates": [ 72.67299330709173, 23.125373995085102 ] } },
{ "type": "Feature", "properties": { "class_id": 3, "class_name": "Water", "raster_row": 1245, "raster_col": 1127, "block_id": 27 }, "geometry": { "type": "Point", "coordinates": [ 72.572633762064399, 23.006680865978488 ] } },
{ "type": "Feature", "properties": { "class_id": 3, "class_name": "Water", "raster_row": 496, "raster_col": 1577, "block_id": 46 }, "geometry": { "type": "Point", "coordinates": [ 72.6580415751814, 23.143208668185309 ] } },
{ "type": "Feature", "properties": { "class_id": 3, "class_name": "Water", "raster_row": 507, "raster_col": 246, "block_id": 6 }, "geometry": { "type": "Point", "coordinates": [ 72.398297848223606, 23.137147618301576 ] } },
{ "type": "Feature", "properties": { "class_id": 3, "class_name": "Water", "raster_row": 1205, "raster_col": 1139, "block_id": 27 }, "geometry": { "type": "Point", "coordinates": [ 72.574844526447436, 23.013936981210275 ] } },
{ "type": "Feature", "properties": { "class_id": 3, "class_name": "Water", "raster_row": 1028, "raster_col": 1139, "block_id": 28 }, "geometry": { "type": "Point", "coordinates": [ 72.57427251389673, 23.045886476895227 ] } },
{ "type": "Feature", "properties": { "class_id": 3, "class_name": "Water", "raster_row": 1397, "raster_col": 955, "block_id": 27 }, "geometry": { "type": "Point", "coordinates": [ 72.539593278067073, 22.97872666703989 ] } },
{ "type": "Feature", "properties": { "class_id": 3, "class_name": "Water", "raster_row": 1288, "raster_col": 1099, "block_id": 27 }, "geometry": { "type": "Point", "coordinates": [ 72.5673132322828, 22.998835307624866 ] } },
{ "type": "Feature", "properties": { "class_id": 3, "class_name": "Water", "raster_row": 1204, "raster_col": 1146, "block_id": 27 }, "geometry": { "type": "Point", "coordinates": [ 72.576206310789686, 23.014138403231822 ] } },
{ "type": "Feature", "properties": { "class_id": 3, "class_name": "Water", "raster_row": 1518, "raster_col": 1119, "block_id": 26 }, "geometry": { "type": "Point", "coordinates": [ 72.571955151857608, 22.957378711324999 ] } },
{ "type": "Feature", "properties": { "class_id": 3, "class_name": "Water", "raster_row": 1052, "raster_col": 1131, "block_id": 28 }, "geometry": { "type": "Point", "coordinates": [ 72.57278980639478, 23.041530400122756 ] } },
{ "type": "Feature", "properties": { "class_id": 3, "class_name": "Water", "raster_row": 1342, "raster_col": 1193, "block_id": 35 }, "geometry": { "type": "Point", "coordinates": [ 72.585814784807695, 22.989368466594993 ] } },
{ "type": "Feature", "properties": { "class_id": 3, "class_name": "Water", "raster_row": 1091, "raster_col": 1140, "block_id": 28 }, "geometry": { "type": "Point", "coordinates": [ 72.574671259574615, 23.034517630487354 ] } },
{ "type": "Feature", "properties": { "class_id": 3, "class_name": "Water", "raster_row": 1317, "raster_col": 1066, "block_id": 27 }, "geometry": { "type": "Point", "coordinates": [ 72.560973044115869, 22.993501669128101 ] } },
{ "type": "Feature", "properties": { "class_id": 3, "class_name": "Water", "raster_row": 361, "raster_col": 1082, "block_id": 30 }, "geometry": { "type": "Point", "coordinates": [ 72.560980239925286, 23.166110436911787 ] } },
{ "type": "Feature", "properties": { "class_id": 3, "class_name": "Water", "raster_row": 1319, "raster_col": 1042, "block_id": 27 }, "geometry": { "type": "Point", "coordinates": [ 72.556300270717657, 22.993068510967216 ] } },
{ "type": "Feature", "properties": { "class_id": 3, "class_name": "Water", "raster_row": 597, "raster_col": 1653, "block_id": 45 }, "geometry": { "type": "Point", "coordinates": [ 72.673191597939763, 23.125196359563809 ] } },
{ "type": "Feature", "properties": { "class_id": 3, "class_name": "Water", "raster_row": 1707, "raster_col": 884, "block_id": 26 }, "geometry": { "type": "Point", "coordinates": [ 72.526770050194813, 22.922555809827905 ] } },
{ "type": "Feature", "properties": { "class_id": 3, "class_name": "Water", "raster_row": 1226, "raster_col": 1140, "block_id": 27 }, "geometry": { "type": "Point", "coordinates": [ 72.575107320759685, 23.010149341776327 ] } },
{ "type": "Feature", "properties": { "class_id": 3, "class_name": "Water", "raster_row": 495, "raster_col": 257, "block_id": 6 }, "geometry": { "type": "Point", "coordinates": [ 72.400402748883579, 23.139348797978705 ] } },
{ "type": "Feature", "properties": { "class_id": 3, "class_name": "Water", "raster_row": 1013, "raster_col": 1149, "block_id": 28 }, "geometry": { "type": "Point", "coordinates": [ 72.576174505868707, 23.048623980924823 ] } },
{ "type": "Feature", "properties": { "class_id": 3, "class_name": "Water", "raster_row": 1091, "raster_col": 1133, "block_id": 28 }, "geometry": { "type": "Point", "coordinates": [ 72.573306042764884, 23.034496683784933 ] } },
{ "type": "Feature", "properties": { "class_id": 3, "class_name": "Water", "raster_row": 1252, "raster_col": 1125, "block_id": 27 }, "geometry": { "type": "Point", "coordinates": [ 72.572266397867949, 23.005411343187042 ] } },
{ "type": "Feature", "properties": { "class_id": 3, "class_name": "Water", "raster_row": 1333, "raster_col": 1049, "block_id": 27 }, "geometry": { "type": "Point", "coordinates": [ 72.557710527796104, 22.990562509537153 ] } },
{ "type": "Feature", "properties": { "class_id": 3, "class_name": "Water", "raster_row": 1676, "raster_col": 922, "block_id": 26 }, "geometry": { "type": "Point", "coordinates": [ 72.534073548357625, 22.928266607222774 ] } },
{ "type": "Feature", "properties": { "class_id": 3, "class_name": "Water", "raster_row": 1426, "raster_col": 885, "block_id": 27 }, "geometry": { "type": "Point", "coordinates": [ 72.526042497563367, 22.973279622519751 ] } },
{ "type": "Feature", "properties": { "class_id": 3, "class_name": "Water", "raster_row": 1194, "raster_col": 1141, "block_id": 27 }, "geometry": { "type": "Point", "coordinates": [ 72.575199016150705, 23.01592852495757 ] } },
{ "type": "Feature", "properties": { "class_id": 3, "class_name": "Water", "raster_row": 1675, "raster_col": 929, "block_id": 26 }, "geometry": { "type": "Point", "coordinates": [ 72.535434390445886, 22.928468302544751 ] } },
{ "type": "Feature", "properties": { "class_id": 3, "class_name": "Water", "raster_row": 1039, "raster_col": 1134, "block_id": 28 }, "geometry": { "type": "Point", "coordinates": [ 72.573332870129221, 23.043885950452921 ] } },
{ "type": "Feature", "properties": { "class_id": 3, "class_name": "Water", "raster_row": 679, "raster_col": 2004, "block_id": 53 }, "geometry": { "type": "Point", "coordinates": [ 72.741948049015662, 23.111389570721606 ] } },
{ "type": "Feature", "properties": { "class_id": 3, "class_name": "Water", "raster_row": 702, "raster_col": 680, "block_id": 21 }, "geometry": { "type": "Point", "coordinates": [ 72.483654142462655, 23.103327677701419 ] } },
{ "type": "Feature", "properties": { "class_id": 3, "class_name": "Water", "raster_row": 1316, "raster_col": 1064, "block_id": 27 }, "geometry": { "type": "Point", "coordinates": [ 72.560579859300546, 22.993676166458318 ] } },
{ "type": "Feature", "properties": { "class_id": 3, "class_name": "Water", "raster_row": 1262, "raster_col": 1111, "block_id": 27 }, "geometry": { "type": "Point", "coordinates": [ 72.569568900518718, 23.003564391160875 ] } },
{ "type": "Feature", "properties": { "class_id": 3, "class_name": "Water", "raster_row": 1326, "raster_col": 1061, "block_id": 27 }, "geometry": { "type": "Point", "coordinates": [ 72.560027400784648, 22.991862108573862 ] } },
{ "type": "Feature", "properties": { "class_id": 3, "class_name": "Water", "raster_row": 1020, "raster_col": 1145, "block_id": 28 }, "geometry": { "type": "Point", "coordinates": [ 72.57541693353798, 23.047348476038568 ] } },
{ "type": "Feature", "properties": { "class_id": 3, "class_name": "Water", "raster_row": 1367, "raster_col": 1211, "block_id": 35 }, "geometry": { "type": "Point", "coordinates": [ 72.589404344153095, 22.984909214857055 ] } },
{ "type": "Feature", "properties": { "class_id": 3, "class_name": "Water", "raster_row": 123, "raster_col": 1675, "block_id": 47 }, "geometry": { "type": "Point", "coordinates": [ 72.676008321375249, 23.210824206805885 ] } },
{ "type": "Feature", "properties": { "class_id": 3, "class_name": "Water", "raster_row": 1202, "raster_col": 1146, "block_id": 27 }, "geometry": { "type": "Point", "coordinates": [ 72.576199856628648, 23.014499415633637 ] } },
{ "type": "Feature", "properties": { "class_id": 3, "class_name": "Water", "raster_row": 1318, "raster_col": 1098, "block_id": 27 }, "geometry": { "type": "Point", "coordinates": [ 72.567215341047557, 22.993417149213631 ] } },
{ "type": "Feature", "properties": { "class_id": 3, "class_name": "Water", "raster_row": 1179, "raster_col": 1142, "block_id": 27 }, "geometry": { "type": "Point", "coordinates": [ 72.575345590791656, 23.018639103782917 ] } },
{ "type": "Feature", "properties": { "class_id": 3, "class_name": "Water", "raster_row": 20, "raster_col": 513, "block_id": 15 }, "geometry": { "type": "Point", "coordinates": [ 72.448737766850471, 23.225895587221608 ] } },
{ "type": "Feature", "properties": { "class_id": 3, "class_name": "Water", "raster_row": 1085, "raster_col": 1138, "block_id": 28 }, "geometry": { "type": "Point", "coordinates": [ 72.574261800088038, 23.035594679733965 ] } },
{ "type": "Feature", "properties": { "class_id": 3, "class_name": "Water", "raster_row": 1683, "raster_col": 925, "block_id": 26 }, "geometry": { "type": "Point", "coordinates": [ 72.53468104659899, 22.927012173323657 ] } },
{ "type": "Feature", "properties": { "class_id": 3, "class_name": "Water", "raster_row": 1274, "raster_col": 1099, "block_id": 27 }, "geometry": { "type": "Point", "coordinates": [ 72.567267918370717, 23.001362382218598 ] } },
{ "type": "Feature", "properties": { "class_id": 3, "class_name": "Water", "raster_row": 490, "raster_col": 240, "block_id": 6 }, "geometry": { "type": "Point", "coordinates": [ 72.397067665690116, 23.140196413551386 ] } },
{ "type": "Feature", "properties": { "class_id": 3, "class_name": "Water", "raster_row": 667, "raster_col": 1966, "block_id": 53 }, "geometry": { "type": "Point", "coordinates": [ 72.734495418040595, 23.113449515270378 ] } },
{ "type": "Feature", "properties": { "class_id": 3, "class_name": "Water", "raster_row": 247, "raster_col": 668, "block_id": 23 }, "geometry": { "type": "Point", "coordinates": [ 72.479776880852555, 23.185413334942531 ] } },
{ "type": "Feature", "properties": { "class_id": 3, "class_name": "Water", "raster_row": 995, "raster_col": 1149, "block_id": 28 }, "geometry": { "type": "Point", "coordinates": [ 72.576116315869484, 23.051873077668606 ] } },
{ "type": "Feature", "properties": { "class_id": 3, "class_name": "Water", "raster_row": 1511, "raster_col": 822, "block_id": 18 }, "geometry": { "type": "Point", "coordinates": [ 72.514042277361156, 22.95774498263431 ] } },
{ "type": "Feature", "properties": { "class_id": 3, "class_name": "Water", "raster_row": 1010, "raster_col": 1147, "block_id": 28 }, "geometry": { "type": "Point", "coordinates": [ 72.575774703549541, 23.049159513677239 ] } },
{ "type": "Feature", "properties": { "class_id": 3, "class_name": "Water", "raster_row": 1356, "raster_col": 1182, "block_id": 35 }, "geometry": { "type": "Point", "coordinates": [ 72.583715123251679, 22.986808647532747 ] } },
{ "type": "Feature", "properties": { "class_id": 3, "class_name": "Water", "raster_row": 1356, "raster_col": 1189, "block_id": 35 }, "geometry": { "type": "Point", "coordinates": [ 72.585079870833482, 22.986829463705782 ] } },
{ "type": "Feature", "properties": { "class_id": 3, "class_name": "Water", "raster_row": 1710, "raster_col": 885, "block_id": 26 }, "geometry": { "type": "Point", "coordinates": [ 72.52697474742223, 22.922017341433779 ] } },
{ "type": "Feature", "properties": { "class_id": 3, "class_name": "Water", "raster_row": 47, "raster_col": 544, "block_id": 15 }, "geometry": { "type": "Point", "coordinates": [ 72.454884170079083, 23.221120696169788 ] } },
{ "type": "Feature", "properties": { "class_id": 3, "class_name": "Water", "raster_row": 1404, "raster_col": 1276, "block_id": 35 }, "geometry": { "type": "Point", "coordinates": [ 72.602194876040159, 22.978422701713455 ] } },
{ "type": "Feature", "properties": { "class_id": 3, "class_name": "Water", "raster_row": 1307, "raster_col": 1077, "block_id": 27 }, "geometry": { "type": "Point", "coordinates": [ 72.563085303731881, 22.995339740763416 ] } },
{ "type": "Feature", "properties": { "class_id": 3, "class_name": "Water", "raster_row": 1341, "raster_col": 1192, "block_id": 35 }, "geometry": { "type": "Point", "coordinates": [ 72.585616606339869, 22.989546002195095 ] } },
{ "type": "Feature", "properties": { "class_id": 3, "class_name": "Water", "raster_row": 1370, "raster_col": 1192, "block_id": 35 }, "geometry": { "type": "Point", "coordinates": [ 72.58570970291504, 22.98431126760239 ] } },
{ "type": "Feature", "properties": { "class_id": 3, "class_name": "Water", "raster_row": 1318, "raster_col": 1073, "block_id": 27 }, "geometry": { "type": "Point", "coordinates": [ 72.562341078127943, 22.993342182117249 ] } },
{ "type": "Feature", "properties": { "class_id": 3, "class_name": "Water", "raster_row": 493, "raster_col": 1603, "block_id": 46 }, "geometry": { "type": "Point", "coordinates": [ 72.663107389425832, 23.143825572600004 ] } },
{ "type": "Feature", "properties": { "class_id": 3, "class_name": "Water", "raster_row": 244, "raster_col": 667, "block_id": 23 }, "geometry": { "type": "Point", "coordinates": [ 72.479571495084755, 23.185951674365789 ] } },
{ "type": "Feature", "properties": { "class_id": 3, "class_name": "Water", "raster_row": 981, "raster_col": 1156, "block_id": 28 }, "geometry": { "type": "Point", "coordinates": [ 72.577436469917672, 23.054421091777094 ] } },
{ "type": "Feature", "properties": { "class_id": 3, "class_name": "Water", "raster_row": 300, "raster_col": 343, "block_id": 14 }, "geometry": { "type": "Point", "coordinates": [ 72.416511037422651, 23.174818608153419 ] } },
{ "type": "Feature", "properties": { "class_id": 3, "class_name": "Water", "raster_row": 159, "raster_col": 1010, "block_id": 31 }, "geometry": { "type": "Point", "coordinates": [ 72.546259279234889, 23.202352701508481 ] } },
{ "type": "Feature", "properties": { "class_id": 3, "class_name": "Water", "raster_row": 1617, "raster_col": 944, "block_id": 26 }, "geometry": { "type": "Point", "coordinates": [ 72.538168135152461, 22.938982845138835 ] } },
{ "type": "Feature", "properties": { "class_id": 3, "class_name": "Water", "raster_row": 1087, "raster_col": 1139, "block_id": 28 }, "geometry": { "type": "Point", "coordinates": [ 72.574463298086187, 23.03523666082296 ] } },
{ "type": "Feature", "properties": { "class_id": 3, "class_name": "Water", "raster_row": 1516, "raster_col": 826, "block_id": 18 }, "geometry": { "type": "Point", "coordinates": [ 72.514838423459196, 22.956854711462643 ] } },
{ "type": "Feature", "properties": { "class_id": 3, "class_name": "Water", "raster_row": 1217, "raster_col": 1140, "block_id": 27 }, "geometry": { "type": "Point", "coordinates": [ 72.575078268465887, 23.011773896933086 ] } },
{ "type": "Feature", "properties": { "class_id": 3, "class_name": "Water", "raster_row": 1237, "raster_col": 1130, "block_id": 27 }, "geometry": { "type": "Point", "coordinates": [ 72.573192894599401, 23.008133884489457 ] } },
{ "type": "Feature", "properties": { "class_id": 3, "class_name": "Water", "raster_row": 656, "raster_col": 1815, "block_id": 53 }, "geometry": { "type": "Point", "coordinates": [ 72.704991724548321, 23.115009160828457 ] } },
{ "type": "Feature", "properties": { "class_id": 3, "class_name": "Water", "raster_row": 363, "raster_col": 1084, "block_id": 30 }, "geometry": { "type": "Point", "coordinates": [ 72.56137721972317, 23.165755484165206 ] } },
{ "type": "Feature", "properties": { "class_id": 3, "class_name": "Water", "raster_row": 1303, "raster_col": 767, "block_id": 19 }, "geometry": { "type": "Point", "coordinates": [ 72.502631943456919, 22.995119903073302 ] } },
{ "type": "Feature", "properties": { "class_id": 3, "class_name": "Water", "raster_row": 327, "raster_col": 1046, "block_id": 30 }, "geometry": { "type": "Point", "coordinates": [ 72.553840809820031, 23.172138382856364 ] } },
{ "type": "Feature", "properties": { "class_id": 3, "class_name": "Water", "raster_row": 1036, "raster_col": 1142, "block_id": 28 }, "geometry": { "type": "Point", "coordinates": [ 72.57488352568933, 23.044451413546792 ] } },
{ "type": "Feature", "properties": { "class_id": 3, "class_name": "Water", "raster_row": 683, "raster_col": 2019, "block_id": 53 }, "geometry": { "type": "Point", "coordinates": [ 72.744887599717472, 23.110709351638182 ] } },
{ "type": "Feature", "properties": { "class_id": 3, "class_name": "Water", "raster_row": 1115, "raster_col": 1135, "block_id": 28 }, "geometry": { "type": "Point", "coordinates": [ 72.57377370100437, 23.030170538725386 ] } },
{ "type": "Feature", "properties": { "class_id": 3, "class_name": "Water", "raster_row": 1692, "raster_col": 904, "block_id": 26 }, "geometry": { "type": "Point", "coordinates": [ 72.530618226278932, 22.925324025691342 ] } },
{ "type": "Feature", "properties": { "class_id": 3, "class_name": "Water", "raster_row": 2278, "raster_col": 875, "block_id": 24 }, "geometry": { "type": "Point", "coordinates": [ 72.52688407519662, 22.819461456314858 ] } },
{ "type": "Feature", "properties": { "class_id": 3, "class_name": "Water", "raster_row": 1745, "raster_col": 1235, "block_id": 33 }, "geometry": { "type": "Point", "coordinates": [ 72.59529025839602, 22.916747540095724 ] } },
{ "type": "Feature", "properties": { "class_id": 3, "class_name": "Water", "raster_row": 1145, "raster_col": 1146, "block_id": 28 }, "geometry": { "type": "Point", "coordinates": [ 72.576015858346452, 23.024788261446847 ] } },
{ "type": "Feature", "properties": { "class_id": 3, "class_name": "Water", "raster_row": 2095, "raster_col": 925, "block_id": 24 }, "geometry": { "type": "Point", "coordinates": [ 72.536024849868141, 22.852644727597745 ] } },
{ "type": "Feature", "properties": { "class_id": 3, "class_name": "Water", "raster_row": 1439, "raster_col": 352, "block_id": 11 }, "geometry": { "type": "Point", "coordinates": [ 72.422190908773189, 22.969276948955017 ] } },
{ "type": "Feature", "properties": { "class_id": 3, "class_name": "Water", "raster_row": 1173, "raster_col": 1149, "block_id": 27 }, "geometry": { "type": "Point", "coordinates": [ 72.576691286904875, 23.019743056242834 ] } },
{ "type": "Feature", "properties": { "class_id": 3, "class_name": "Water", "raster_row": 175, "raster_col": 1613, "block_id": 47 }, "geometry": { "type": "Point", "coordinates": [ 72.664062991718566, 23.201258034156588 ] } },
{ "type": "Feature", "properties": { "class_id": 3, "class_name": "Water", "raster_row": 497, "raster_col": 1601, "block_id": 46 }, "geometry": { "type": "Point", "coordinates": [ 72.662729512337506, 23.143097722729319 ] } },
{ "type": "Feature", "properties": { "class_id": 3, "class_name": "Water", "raster_row": 21, "raster_col": 1734, "block_id": 47 }, "geometry": { "type": "Point", "coordinates": [ 72.687213891410721, 23.229406772539217 ] } },
{ "type": "Feature", "properties": { "class_id": 3, "class_name": "Water", "raster_row": 1292, "raster_col": 1087, "block_id": 27 }, "geometry": { "type": "Point", "coordinates": [ 72.564986448075047, 22.998077315340243 ] } },
{ "type": "Feature", "properties": { "class_id": 3, "class_name": "Water", "raster_row": 1364, "raster_col": 1202, "block_id": 35 }, "geometry": { "type": "Point", "coordinates": [ 72.587640066225276, 22.985424024222567 ] } },
{ "type": "Feature", "properties": { "class_id": 3, "class_name": "Water", "raster_row": 2146, "raster_col": 1866, "block_id": 48 }, "geometry": { "type": "Point", "coordinates": [ 72.719466610080303, 22.846170985843358 ] } },
{ "type": "Feature", "properties": { "class_id": 3, "class_name": "Water", "raster_row": 1354, "raster_col": 1181, "block_id": 35 }, "geometry": { "type": "Point", "coordinates": [ 72.583513733265519, 22.987166688438712 ] } },
{ "type": "Feature", "properties": { "class_id": 3, "class_name": "Water", "raster_row": 1624, "raster_col": 947, "block_id": 26 }, "geometry": { "type": "Point", "coordinates": [ 72.538775655123928, 22.93772839796058 ] } },
{ "type": "Feature", "properties": { "class_id": 3, "class_name": "Water", "raster_row": 539, "raster_col": 148, "block_id": 6 }, "geometry": { "type": "Point", "coordinates": [ 72.379285352375959, 23.13105543060167 ] } },
{ "type": "Feature", "properties": { "class_id": 3, "class_name": "Water", "raster_row": 2279, "raster_col": 876, "block_id": 24 }, "geometry": { "type": "Point", "coordinates": [ 72.527082053069662, 22.819283975806307 ] } },
{ "type": "Feature", "properties": { "class_id": 3, "class_name": "Water", "raster_row": 493, "raster_col": 252, "block_id": 6 }, "geometry": { "type": "Point", "coordinates": [ 72.399420001579429, 23.139693652012085 ] } },
{ "type": "Feature", "properties": { "class_id": 3, "class_name": "Water", "raster_row": 2146, "raster_col": 1865, "block_id": 48 }, "geometry": { "type": "Point", "coordinates": [ 72.719271828313339, 22.846168194379423 ] } },
{ "type": "Feature", "properties": { "class_id": 3, "class_name": "Water", "raster_row": 1045, "raster_col": 1134, "block_id": 28 }, "geometry": { "type": "Point", "coordinates": [ 72.573352282722908, 23.042802919515623 ] } },
{ "type": "Feature", "properties": { "class_id": 3, "class_name": "Water", "raster_row": 1307, "raster_col": 1070, "block_id": 27 }, "geometry": { "type": "Point", "coordinates": [ 72.56172049293788, 22.995318727834583 ] } },
{ "type": "Feature", "properties": { "class_id": 3, "class_name": "Water", "raster_row": 2094, "raster_col": 926, "block_id": 24 }, "geometry": { "type": "Point", "coordinates": [ 72.536216360297459, 22.852828248496532 ] } },
{ "type": "Feature", "properties": { "class_id": 3, "class_name": "Water", "raster_row": 1236, "raster_col": 1129, "block_id": 27 }, "geometry": { "type": "Point", "coordinates": [ 72.572994671291596, 23.008311400143224 ] } },
{ "type": "Feature", "properties": { "class_id": 3, "class_name": "Water", "raster_row": 1304, "raster_col": 771, "block_id": 19 }, "geometry": { "type": "Point", "coordinates": [ 72.503415120006025, 22.994951705944587 ] } },
{ "type": "Feature", "properties": { "class_id": 3, "class_name": "Water", "raster_row": 1084, "raster_col": 1130, "block_id": 28 }, "geometry": { "type": "Point", "coordinates": [ 72.572698305425362, 23.035751239836912 ] } },
{ "type": "Feature", "properties": { "class_id": 3, "class_name": "Water", "raster_row": 1558, "raster_col": 866, "block_id": 18 }, "geometry": { "type": "Point", "coordinates": [ 72.522772998802907, 22.949395728042699 ] } },
{ "type": "Feature", "properties": { "class_id": 3, "class_name": "Water", "raster_row": 1353, "raster_col": 1198, "block_id": 35 }, "geometry": { "type": "Point", "coordinates": [ 72.586824922505045, 22.98739773483387 ] } },
{ "type": "Feature", "properties": { "class_id": 3, "class_name": "Water", "raster_row": 1173, "raster_col": 1145, "block_id": 27 }, "geometry": { "type": "Point", "coordinates": [ 72.575911246662102, 23.019731105330152 ] } },
{ "type": "Feature", "properties": { "class_id": 3, "class_name": "Water", "raster_row": 495, "raster_col": 1576, "block_id": 46 }, "geometry": { "type": "Point", "coordinates": [ 72.657843237383489, 23.143386280465254 ] } },
{ "type": "Feature", "properties": { "class_id": 3, "class_name": "Water", "raster_row": 328, "raster_col": 736, "block_id": 22 }, "geometry": { "type": "Point", "coordinates": [ 72.493325439716855, 23.171005677363713 ] } },
{ "type": "Feature", "properties": { "class_id": 3, "class_name": "Water", "raster_row": 1733, "raster_col": 435, "block_id": 10 }, "geometry": { "type": "Point", "coordinates": [ 72.439367961549223, 22.916475582894716 ] } },
{ "type": "Feature", "properties": { "class_id": 3, "class_name": "Water", "raster_row": 1110, "raster_col": 1141, "block_id": 28 }, "geometry": { "type": "Point", "coordinates": [ 72.574927693195633, 23.03109101542174 ] } },
{ "type": "Feature", "properties": { "class_id": 3, "class_name": "Water", "raster_row": 1474, "raster_col": 834, "block_id": 18 }, "geometry": { "type": "Point", "coordinates": [ 72.51625918830895, 22.964460118827393 ] } },
{ "type": "Feature", "properties": { "class_id": 3, "class_name": "Water", "raster_row": 1279, "raster_col": 1102, "block_id": 27 }, "geometry": { "type": "Point", "coordinates": [ 72.567869045938139, 23.000468844010637 ] } },
{ "type": "Feature", "properties": { "class_id": 3, "class_name": "Water", "raster_row": 2099, "raster_col": 934, "block_id": 24 }, "geometry": { "type": "Point", "coordinates": [ 72.537790746568106, 22.851949848154312 ] } },
{ "type": "Feature", "properties": { "class_id": 3, "class_name": "Water", "raster_row": 1347, "raster_col": 1196, "block_id": 35 }, "geometry": { "type": "Point", "coordinates": [ 72.586415736106716, 22.988474841718535 ] } },
{ "type": "Feature", "properties": { "class_id": 3, "class_name": "Water", "raster_row": 1183, "raster_col": 1147, "block_id": 27 }, "geometry": { "type": "Point", "coordinates": [ 72.576333543064081, 23.017932020132175 ] } },
{ "type": "Feature", "properties": { "class_id": 3, "class_name": "Water", "raster_row": 1305, "raster_col": 1078, "block_id": 27 }, "geometry": { "type": "Point", "coordinates": [ 72.563273794181924, 22.995703751436039 ] } },
{ "type": "Feature", "properties": { "class_id": 3, "class_name": "Water", "raster_row": 1371, "raster_col": 1204, "block_id": 35 }, "geometry": { "type": "Point", "coordinates": [ 72.58805243824709, 22.984166403716948 ] } },
{ "type": "Feature", "properties": { "class_id": 3, "class_name": "Water", "raster_row": 1131, "raster_col": 1144, "block_id": 28 }, "geometry": { "type": "Point", "coordinates": [ 72.575580607858825, 23.027309365519795 ] } },
{ "type": "Feature", "properties": { "class_id": 3, "class_name": "Water", "raster_row": 1276, "raster_col": 1106, "block_id": 27 }, "geometry": { "type": "Point", "coordinates": [ 72.568639265754101, 23.001022341581812 ] } },
{ "type": "Feature", "properties": { "class_id": 3, "class_name": "Water", "raster_row": 1533, "raster_col": 148, "block_id": 2 }, "geometry": { "type": "Point", "coordinates": [ 72.382755754648571, 22.951659922874761 ] } },
{ "type": "Feature", "properties": { "class_id": 4, "class_name": "Agriculture", "raster_row": 2052, "raster_col": 1760, "block_id": 48 }, "geometry": { "type": "Point", "coordinates": [ 72.698534117037838, 22.862843194501892 ] } },
{ "type": "Feature", "properties": { "class_id": 4, "class_name": "Agriculture", "raster_row": 201, "raster_col": 1745, "block_id": 55 }, "geometry": { "type": "Point", "coordinates": [ 72.689921560016401, 23.196945418402898 ] } },
{ "type": "Feature", "properties": { "class_id": 4, "class_name": "Agriculture", "raster_row": 1495, "raster_col": 184, "block_id": 2 }, "geometry": { "type": "Point", "coordinates": [ 72.389639893506384, 22.958633886369196 ] } },
{ "type": "Feature", "properties": { "class_id": 4, "class_name": "Agriculture", "raster_row": 107, "raster_col": 234, "block_id": 7 }, "geometry": { "type": "Point", "coordinates": [ 72.394558190345194, 23.209299901367054 ] } },
{ "type": "Feature", "properties": { "class_id": 4, "class_name": "Agriculture", "raster_row": 387, "raster_col": 686, "block_id": 22 }, "geometry": { "type": "Point", "coordinates": [ 72.483763781164583, 23.160201004673244 ] } },
{ "type": "Feature", "properties": { "class_id": 4, "class_name": "Agriculture", "raster_row": 546, "raster_col": 27, "block_id": 6 }, "geometry": { "type": "Point", "coordinates": [ 72.355698341008292, 23.129397694030963 ] } },
{ "type": "Feature", "properties": { "class_id": 4, "class_name": "Agriculture", "raster_row": 506, "raster_col": 1128, "block_id": 30 }, "geometry": { "type": "Point", "coordinates": [ 72.570432601559844, 23.140076490783017 ] } },
{ "type": "Feature", "properties": { "class_id": 4, "class_name": "Agriculture", "raster_row": 509, "raster_col": 1365, "block_id": 38 }, "geometry": { "type": "Point", "coordinates": [ 72.616701423340089, 23.140241489603593 ] } },
{ "type": "Feature", "properties": { "class_id": 4, "class_name": "Agriculture", "raster_row": 1546, "raster_col": 690, "block_id": 18 }, "geometry": { "type": "Point", "coordinates": [ 72.488430888232458, 22.951022076467794 ] } },
{ "type": "Feature", "properties": { "class_id": 4, "class_name": "Agriculture", "raster_row": 531, "raster_col": 2106, "block_id": 62 }, "geometry": { "type": "Point", "coordinates": [ 72.761411617192692, 23.138391394116972 ] } },
{ "type": "Feature", "properties": { "class_id": 4, "class_name": "Agriculture", "raster_row": 556, "raster_col": 68, "block_id": 6 }, "geometry": { "type": "Point", "coordinates": [ 72.363734190917086, 23.127726991543589 ] } },
{ "type": "Feature", "properties": { "class_id": 4, "class_name": "Agriculture", "raster_row": 2309, "raster_col": 1880, "block_id": 48 }, "geometry": { "type": "Point", "coordinates": [ 72.72268347965084, 22.816783756330953 ] } },
{ "type": "Feature", "properties": { "class_id": 4, "class_name": "Agriculture", "raster_row": 277, "raster_col": 1905, "block_id": 55 }, "geometry": { "type": "Point", "coordinates": [ 72.721399669850499, 23.183681665049093 ] } },
{ "type": "Feature", "properties": { "class_id": 4, "class_name": "Agriculture", "raster_row": 255, "raster_col": 374, "block_id": 15 }, "geometry": { "type": "Point", "coordinates": [ 72.422406911193278, 23.183039494159818 ] } },
{ "type": "Feature", "properties": { "class_id": 4, "class_name": "Agriculture", "raster_row": 2201, "raster_col": 925, "block_id": 24 }, "geometry": { "type": "Point", "coordinates": [ 72.536369681197044, 22.833511231178651 ] } },
{ "type": "Feature", "properties": { "class_id": 4, "class_name": "Agriculture", "raster_row": 383, "raster_col": 1884, "block_id": 54 }, "geometry": { "type": "Point", "coordinates": [ 72.717623705727007, 23.164487009135424 ] } },
{ "type": "Feature", "properties": { "class_id": 4, "class_name": "Agriculture", "raster_row": 910, "raster_col": 99, "block_id": 4 }, "geometry": { "type": "Point", "coordinates": [ 72.371027572081431, 23.063939697536615 ] } },
{ "type": "Feature", "properties": { "class_id": 4, "class_name": "Agriculture", "raster_row": 409, "raster_col": 291, "block_id": 6 }, "geometry": { "type": "Point", "coordinates": [ 72.406739263459272, 23.154979395546654 ] } },
{ "type": "Feature", "properties": { "class_id": 4, "class_name": "Agriculture", "raster_row": 1524, "raster_col": 984, "block_id": 26 }, "geometry": { "type": "Point", "coordinates": [ 72.545660811507034, 22.955890477630494 ] } },
{ "type": "Feature", "properties": { "class_id": 4, "class_name": "Agriculture", "raster_row": 376, "raster_col": 910, "block_id": 30 }, "geometry": { "type": "Point", "coordinates": [ 72.527452769522441, 23.16287918717509 ] } },
{ "type": "Feature", "properties": { "class_id": 4, "class_name": "Agriculture", "raster_row": 990, "raster_col": 2071, "block_id": 60 }, "geometry": { "type": "Point", "coordinates": [ 72.755956737637845, 23.055432100136731 ] } },
{ "type": "Feature", "properties": { "class_id": 4, "class_name": "Agriculture", "raster_row": 1752, "raster_col": 1308, "block_id": 33 }, "geometry": { "type": "Point", "coordinates": [ 72.609537672027727, 22.915698797347499 ] } },
{ "type": "Feature", "properties": { "class_id": 4, "class_name": "Agriculture", "raster_row": 1530, "raster_col": 374, "block_id": 10 }, "geometry": { "type": "Point", "coordinates": [ 72.42679000921872, 22.952922359047584 ] } },
{ "type": "Feature", "properties": { "class_id": 4, "class_name": "Agriculture", "raster_row": 1519, "raster_col": 287, "block_id": 2 }, "geometry": { "type": "Point", "coordinates": [ 72.409796725981892, 22.954631582974628 ] } },
{ "type": "Feature", "properties": { "class_id": 4, "class_name": "Agriculture", "raster_row": 2170, "raster_col": 1847, "block_id": 48 }, "geometry": { "type": "Point", "coordinates": [ 72.715838151447755, 22.841785229645954 ] } },
{ "type": "Feature", "properties": { "class_id": 4, "class_name": "Agriculture", "raster_row": 181, "raster_col": 999, "block_id": 31 }, "geometry": { "type": "Point", "coordinates": [ 72.544183898988479, 23.198348218254065 ] } },
{ "type": "Feature", "properties": { "class_id": 4, "class_name": "Agriculture", "raster_row": 1924, "raster_col": 211, "block_id": 1 }, "geometry": { "type": "Point", "coordinates": [ 72.396382741044192, 22.881293145470639 ] } },
{ "type": "Feature", "properties": { "class_id": 4, "class_name": "Agriculture", "raster_row": 1198, "raster_col": 1661, "block_id": 43 }, "geometry": { "type": "Point", "coordinates": [ 72.67661803073743, 23.016728099938558 ] } },
{ "type": "Feature", "properties": { "class_id": 4, "class_name": "Agriculture", "raster_row": 585, "raster_col": 2239, "block_id": 62 }, "geometry": { "type": "Point", "coordinates": [ 72.787534423550056, 23.129009426944343 ] } },
{ "type": "Feature", "properties": { "class_id": 4, "class_name": "Agriculture", "raster_row": 1868, "raster_col": 2064, "block_id": 57 }, "geometry": { "type": "Point", "coordinates": [ 72.757209708495949, 22.896907136620502 ] } },
{ "type": "Feature", "properties": { "class_id": 4, "class_name": "Agriculture", "raster_row": 1633, "raster_col": 87, "block_id": 2 }, "geometry": { "type": "Point", "coordinates": [ 72.371216729380308, 22.933415313406883 ] } },
{ "type": "Feature", "properties": { "class_id": 4, "class_name": "Agriculture", "raster_row": 244, "raster_col": 469, "block_id": 15 }, "geometry": { "type": "Point", "coordinates": [ 72.440915460045616, 23.18532758623375 ] } },
{ "type": "Feature", "properties": { "class_id": 4, "class_name": "Agriculture", "raster_row": 414, "raster_col": 1770, "block_id": 54 }, "geometry": { "type": "Point", "coordinates": [ 72.695462468847865, 23.158566715715548 ] } },
{ "type": "Feature", "properties": { "class_id": 4, "class_name": "Agriculture", "raster_row": 1917, "raster_col": 2207, "block_id": 57 }, "geometry": { "type": "Point", "coordinates": [ 72.785218537620366, 22.888451827252528 ] } },
{ "type": "Feature", "properties": { "class_id": 4, "class_name": "Agriculture", "raster_row": 9, "raster_col": 96, "block_id": 7 }, "geometry": { "type": "Point", "coordinates": [ 72.367266228659929, 23.226537249203346 ] } },
{ "type": "Feature", "properties": { "class_id": 4, "class_name": "Agriculture", "raster_row": 2059, "raster_col": 1188, "block_id": 32 }, "geometry": { "type": "Point", "coordinates": [ 72.587134420967416, 22.859928256405208 ] } },
{ "type": "Feature", "properties": { "class_id": 4, "class_name": "Agriculture", "raster_row": 533, "raster_col": 246, "block_id": 6 }, "geometry": { "type": "Point", "coordinates": [ 72.398388431506888, 23.132455170900609 ] } },
{ "type": "Feature", "properties": { "class_id": 4, "class_name": "Agriculture", "raster_row": 805, "raster_col": 1877, "block_id": 53 }, "geometry": { "type": "Point", "coordinates": [ 72.717546823921211, 23.088286928067063 ] } },
{ "type": "Feature", "properties": { "class_id": 4, "class_name": "Agriculture", "raster_row": 49, "raster_col": 2219, "block_id": 63 }, "geometry": { "type": "Point", "coordinates": [ 72.782035643187569, 23.225718121973909 ] } },
{ "type": "Feature", "properties": { "class_id": 4, "class_name": "Agriculture", "raster_row": 329, "raster_col": 1736, "block_id": 46 }, "geometry": { "type": "Point", "coordinates": [ 72.688561253380158, 23.173813420068058 ] } },
{ "type": "Feature", "properties": { "class_id": 4, "class_name": "Agriculture", "raster_row": 349, "raster_col": 2158, "block_id": 62 }, "geometry": { "type": "Point", "coordinates": [ 72.771018659071032, 23.171391377611343 ] } },
{ "type": "Feature", "properties": { "class_id": 4, "class_name": "Agriculture", "raster_row": 1373, "raster_col": 617, "block_id": 19 }, "geometry": { "type": "Point", "coordinates": [ 72.473622906849258, 22.982021409200428 ] } },
{ "type": "Feature", "properties": { "class_id": 4, "class_name": "Agriculture", "raster_row": 323, "raster_col": 2022, "block_id": 54 }, "geometry": { "type": "Point", "coordinates": [ 72.744385416383992, 23.175706751076614 ] } },
{ "type": "Feature", "properties": { "class_id": 4, "class_name": "Agriculture", "raster_row": 7, "raster_col": 959, "block_id": 31 }, "geometry": { "type": "Point", "coordinates": [ 72.535797055906784, 23.229632390241843 ] } },
{ "type": "Feature", "properties": { "class_id": 4, "class_name": "Agriculture", "raster_row": 334, "raster_col": 2304, "block_id": 62 }, "geometry": { "type": "Point", "coordinates": [ 72.799482086839788, 23.174500439581461 ] } },
{ "type": "Feature", "properties": { "class_id": 4, "class_name": "Agriculture", "raster_row": 179, "raster_col": 1788, "block_id": 55 }, "geometry": { "type": "Point", "coordinates": [ 72.698250698125136, 23.201039930065843 ] } },
{ "type": "Feature", "properties": { "class_id": 4, "class_name": "Agriculture", "raster_row": 560, "raster_col": 1081, "block_id": 30 }, "geometry": { "type": "Point", "coordinates": [ 72.561435401215675, 23.130187689607617 ] } },
{ "type": "Feature", "properties": { "class_id": 4, "class_name": "Agriculture", "raster_row": 2181, "raster_col": 1427, "block_id": 32 }, "geometry": { "type": "Point", "coordinates": [ 72.634069715317878, 22.838604535121242 ] } },
{ "type": "Feature", "properties": { "class_id": 4, "class_name": "Agriculture", "raster_row": 1561, "raster_col": 1158, "block_id": 26 }, "geometry": { "type": "Point", "coordinates": [ 72.579695214628785, 22.949733115779619 ] } },
{ "type": "Feature", "properties": { "class_id": 4, "class_name": "Agriculture", "raster_row": 879, "raster_col": 132, "block_id": 4 }, "geometry": { "type": "Point", "coordinates": [ 72.377355486295087, 23.069641495701756 ] } },
{ "type": "Feature", "properties": { "class_id": 4, "class_name": "Agriculture", "raster_row": 2126, "raster_col": 1438, "block_id": 32 }, "geometry": { "type": "Point", "coordinates": [ 72.636040394579993, 22.848564855116635 ] } },
{ "type": "Feature", "properties": { "class_id": 4, "class_name": "Agriculture", "raster_row": 2049, "raster_col": 1114, "block_id": 24 }, "geometry": { "type": "Point", "coordinates": [ 72.572688501234907, 22.861514033983561 ] } },
{ "type": "Feature", "properties": { "class_id": 4, "class_name": "Agriculture", "raster_row": 1430, "raster_col": 2094, "block_id": 59 }, "geometry": { "type": "Point", "coordinates": [ 72.761755483287786, 22.976062556772348 ] } },
{ "type": "Feature", "properties": { "class_id": 4, "class_name": "Agriculture", "raster_row": 1826, "raster_col": 1641, "block_id": 41 }, "geometry": { "type": "Point", "coordinates": [ 72.674657661124783, 22.90330406753516 ] } },
{ "type": "Feature", "properties": { "class_id": 4, "class_name": "Agriculture", "raster_row": 1841, "raster_col": 270, "block_id": 1 }, "geometry": { "type": "Point", "coordinates": [ 72.407590388822015, 22.896461321923155 ] } },
{ "type": "Feature", "properties": { "class_id": 4, "class_name": "Agriculture", "raster_row": 1762, "raster_col": 2087, "block_id": 57 }, "geometry": { "type": "Point", "coordinates": [ 72.761377199254852, 22.916106793576144 ] } },
{ "type": "Feature", "properties": { "class_id": 4, "class_name": "Agriculture", "raster_row": 2153, "raster_col": 1098, "block_id": 24 }, "geometry": { "type": "Point", "coordinates": [ 72.569905845292226, 22.842693501254828 ] } },
{ "type": "Feature", "properties": { "class_id": 4, "class_name": "Agriculture", "raster_row": 504, "raster_col": 1202, "block_id": 38 }, "geometry": { "type": "Point", "coordinates": [ 72.584869750069259, 23.140659557715924 ] } },
{ "type": "Feature", "properties": { "class_id": 4, "class_name": "Agriculture", "raster_row": 1706, "raster_col": 153, "block_id": 2 }, "geometry": { "type": "Point", "coordinates": [ 72.384330407525908, 22.920452756608416 ] } },
{ "type": "Feature", "properties": { "class_id": 4, "class_name": "Agriculture", "raster_row": 1740, "raster_col": 90, "block_id": 2 }, "geometry": { "type": "Point", "coordinates": [ 72.372174024925897, 22.914113666673074 ] } },
{ "type": "Feature", "properties": { "class_id": 4, "class_name": "Agriculture", "raster_row": 362, "raster_col": 4, "block_id": 6 }, "geometry": { "type": "Point", "coordinates": [ 72.350557162308817, 23.162529100730001 ] } },
{ "type": "Feature", "properties": { "class_id": 4, "class_name": "Agriculture", "raster_row": 403, "raster_col": 109, "block_id": 6 }, "geometry": { "type": "Point", "coordinates": [ 72.371195971658921, 23.155473240714361 ] } },
{ "type": "Feature", "properties": { "class_id": 4, "class_name": "Agriculture", "raster_row": 955, "raster_col": 97, "block_id": 4 }, "geometry": { "type": "Point", "coordinates": [ 72.370795356475099, 23.055811763330574 ] } },
{ "type": "Feature", "properties": { "class_id": 4, "class_name": "Agriculture", "raster_row": 189, "raster_col": 2055, "block_id": 63 }, "geometry": { "type": "Point", "coordinates": [ 72.750424267885819, 23.199989285173874 ] } },
{ "type": "Feature", "properties": { "class_id": 4, "class_name": "Agriculture", "raster_row": 301, "raster_col": 237, "block_id": 6 }, "geometry": { "type": "Point", "coordinates": [ 72.39582245624409, 23.174297065911936 ] } },
{ "type": "Feature", "properties": { "class_id": 4, "class_name": "Agriculture", "raster_row": 1472, "raster_col": 704, "block_id": 18 }, "geometry": { "type": "Point", "coordinates": [ 72.490912958135098, 22.964421969509541 ] } },
{ "type": "Feature", "properties": { "class_id": 4, "class_name": "Agriculture", "raster_row": 1095, "raster_col": 62, "block_id": 4 }, "geometry": { "type": "Point", "coordinates": [ 72.364461257786445, 23.03043139169738 ] } },
{ "type": "Feature", "properties": { "class_id": 4, "class_name": "Agriculture", "raster_row": 2217, "raster_col": 1188, "block_id": 32 }, "geometry": { "type": "Point", "coordinates": [ 72.587637805744606, 22.831407435475256 ] } },
{ "type": "Feature", "properties": { "class_id": 4, "class_name": "Agriculture", "raster_row": 1831, "raster_col": 151, "block_id": 1 }, "geometry": { "type": "Point", "coordinates": [ 72.384373838943873, 22.897886104267442 ] } },
{ "type": "Feature", "properties": { "class_id": 4, "class_name": "Agriculture", "raster_row": 2045, "raster_col": 1849, "block_id": 48 }, "geometry": { "type": "Point", "coordinates": [ 72.715850543262249, 22.864356827285672 ] } },
{ "type": "Feature", "properties": { "class_id": 4, "class_name": "Agriculture", "raster_row": 580, "raster_col": 2139, "block_id": 62 }, "geometry": { "type": "Point", "coordinates": [ 72.76799993720239, 23.129636894706728 ] } },
{ "type": "Feature", "properties": { "class_id": 4, "class_name": "Agriculture", "raster_row": 75, "raster_col": 415, "block_id": 15 }, "geometry": { "type": "Point", "coordinates": [ 72.429789682974516, 23.215657156840471 ] } },
{ "type": "Feature", "properties": { "class_id": 4, "class_name": "Agriculture", "raster_row": 265, "raster_col": 313, "block_id": 15 }, "geometry": { "type": "Point", "coordinates": [ 72.410533132264405, 23.181039138934519 ] } },
{ "type": "Feature", "properties": { "class_id": 4, "class_name": "Agriculture", "raster_row": 1486, "raster_col": 1697, "block_id": 42 }, "geometry": { "type": "Point", "coordinates": [ 72.684525814840185, 22.964841030186911 ] } },
{ "type": "Feature", "properties": { "class_id": 4, "class_name": "Agriculture", "raster_row": 406, "raster_col": 357, "block_id": 14 }, "geometry": { "type": "Point", "coordinates": [ 72.419610831814865, 23.155732458215862 ] } },
{ "type": "Feature", "properties": { "class_id": 4, "class_name": "Agriculture", "raster_row": 161, "raster_col": 1848, "block_id": 55 }, "geometry": { "type": "Point", "coordinates": [ 72.709912726802017, 23.20446035412445 ] } },
{ "type": "Feature", "properties": { "class_id": 4, "class_name": "Agriculture", "raster_row": 555, "raster_col": 645, "block_id": 22 }, "geometry": { "type": "Point", "coordinates": [ 72.476328758715709, 23.129750659786144 ] } },
{ "type": "Feature", "properties": { "class_id": 4, "class_name": "Agriculture", "raster_row": 289, "raster_col": 1029, "block_id": 31 }, "geometry": { "type": "Point", "coordinates": [ 72.550397057810059, 23.178945730437452 ] } },
{ "type": "Feature", "properties": { "class_id": 4, "class_name": "Agriculture", "raster_row": 951, "raster_col": 741, "block_id": 20 }, "geometry": { "type": "Point", "coordinates": [ 72.496389144418927, 23.058574146796726 ] } },
{ "type": "Feature", "properties": { "class_id": 4, "class_name": "Agriculture", "raster_row": 1600, "raster_col": 906, "block_id": 26 }, "geometry": { "type": "Point", "coordinates": [ 72.53070670172346, 22.941936264687282 ] } },
{ "type": "Feature", "properties": { "class_id": 4, "class_name": "Agriculture", "raster_row": 1218, "raster_col": 432, "block_id": 11 }, "geometry": { "type": "Point", "coordinates": [ 72.437031096115348, 23.009417631954761 ] } },
{ "type": "Feature", "properties": { "class_id": 4, "class_name": "Agriculture", "raster_row": 971, "raster_col": 98, "block_id": 4 }, "geometry": { "type": "Point", "coordinates": [ 72.371046497547823, 23.052927382787715 ] } },
{ "type": "Feature", "properties": { "class_id": 4, "class_name": "Agriculture", "raster_row": 2257, "raster_col": 1936, "block_id": 48 }, "geometry": { "type": "Point", "coordinates": [ 72.733433530023049, 22.826326899635703 ] } },
{ "type": "Feature", "properties": { "class_id": 4, "class_name": "Agriculture", "raster_row": 249, "raster_col": 1807, "block_id": 55 }, "geometry": { "type": "Point", "coordinates": [ 72.702177247597334, 23.18845790299822 ] } },
{ "type": "Feature", "properties": { "class_id": 4, "class_name": "Agriculture", "raster_row": 1584, "raster_col": 1146, "block_id": 26 }, "geometry": { "type": "Point", "coordinates": [ 72.577430242673159, 22.945545717494532 ] } },
{ "type": "Feature", "properties": { "class_id": 4, "class_name": "Agriculture", "raster_row": 1838, "raster_col": 1307, "block_id": 33 }, "geometry": { "type": "Point", "coordinates": [ 72.609615117295988, 22.900171740952249 ] } },
{ "type": "Feature", "properties": { "class_id": 4, "class_name": "Agriculture", "raster_row": 1715, "raster_col": 1579, "block_id": 42 }, "geometry": { "type": "Point", "coordinates": [ 72.662232798570045, 22.923164433616368 ] } },
{ "type": "Feature", "properties": { "class_id": 4, "class_name": "Agriculture", "raster_row": 1719, "raster_col": 737, "block_id": 18 }, "geometry": { "type": "Point", "coordinates": [ 72.498165271067791, 22.919940876429557 ] } },
{ "type": "Feature", "properties": { "class_id": 4, "class_name": "Agriculture", "raster_row": 492, "raster_col": 119, "block_id": 6 }, "geometry": { "type": "Point", "coordinates": [ 72.373460970681577, 23.139443552046149 ] } },
{ "type": "Feature", "properties": { "class_id": 4, "class_name": "Agriculture", "raster_row": 613, "raster_col": 1658, "block_id": 45 }, "geometry": { "type": "Point", "coordinates": [ 72.674217287882911, 23.122322495134558 ] } },
{ "type": "Feature", "properties": { "class_id": 4, "class_name": "Agriculture", "raster_row": 1779, "raster_col": 1587, "block_id": 41 }, "geometry": { "type": "Point", "coordinates": [ 72.663990001015875, 22.911634113365206 ] } },
{ "type": "Feature", "properties": { "class_id": 4, "class_name": "Agriculture", "raster_row": 1634, "raster_col": 587, "block_id": 18 }, "geometry": { "type": "Point", "coordinates": [ 72.468652087446543, 22.934819429516256 ] } },
{ "type": "Feature", "properties": { "class_id": 4, "class_name": "Agriculture", "raster_row": 1855, "raster_col": 1402, "block_id": 33 }, "geometry": { "type": "Point", "coordinates": [ 72.628178778396816, 22.897380461331846 ] } },
{ "type": "Feature", "properties": { "class_id": 4, "class_name": "Agriculture", "raster_row": 1991, "raster_col": 1457, "block_id": 41 }, "geometry": { "type": "Point", "coordinates": [ 72.639319972372064, 22.872989730648666 ] } },
{ "type": "Feature", "properties": { "class_id": 4, "class_name": "Agriculture", "raster_row": 1687, "raster_col": 563, "block_id": 10 }, "geometry": { "type": "Point", "coordinates": [ 72.464153373702956, 22.925178617487283 ] } },
{ "type": "Feature", "properties": { "class_id": 4, "class_name": "Agriculture", "raster_row": 967, "raster_col": 2105, "block_id": 60 }, "geometry": { "type": "Point", "coordinates": [ 72.762521032653311, 23.059678327777888 ] } },
{ "type": "Feature", "properties": { "class_id": 4, "class_name": "Agriculture", "raster_row": 1882, "raster_col": 57, "block_id": 1 }, "geometry": { "type": "Point", "coordinates": [ 72.36623995868392, 22.888379033774278 ] } },
{ "type": "Feature", "properties": { "class_id": 4, "class_name": "Agriculture", "raster_row": 2108, "raster_col": 1140, "block_id": 24 }, "geometry": { "type": "Point", "coordinates": [ 72.577941684006362, 22.850941155191951 ] } },
{ "type": "Feature", "properties": { "class_id": 4, "class_name": "Agriculture", "raster_row": 1190, "raster_col": 339, "block_id": 11 }, "geometry": { "type": "Point", "coordinates": [ 72.418802409667137, 23.014176470701599 ] } },
{ "type": "Feature", "properties": { "class_id": 4, "class_name": "Agriculture", "raster_row": 1812, "raster_col": 1198, "block_id": 33 }, "geometry": { "type": "Point", "coordinates": [ 72.588294335915862, 22.904543978383227 ] } },
{ "type": "Feature", "properties": { "class_id": 4, "class_name": "Agriculture", "raster_row": 1245, "raster_col": 2169, "block_id": 59 }, "geometry": { "type": "Point", "coordinates": [ 72.775831323143521, 23.009666944017017 ] } },
{ "type": "Feature", "properties": { "class_id": 4, "class_name": "Agriculture", "raster_row": 475, "raster_col": 1987, "block_id": 54 }, "geometry": { "type": "Point", "coordinates": [ 72.738012487706357, 23.148169047587096 ] } },
{ "type": "Feature", "properties": { "class_id": 4, "class_name": "Agriculture", "raster_row": 211, "raster_col": 782, "block_id": 23 }, "geometry": { "type": "Point", "coordinates": [ 72.501913160109027, 23.192266038501998 ] } },
{ "type": "Feature", "properties": { "class_id": 4, "class_name": "Agriculture", "raster_row": 20, "raster_col": 166, "block_id": 7 }, "geometry": { "type": "Point", "coordinates": [ 72.380974492303395, 23.224780529103008 ] } },
{ "type": "Feature", "properties": { "class_id": 4, "class_name": "Agriculture", "raster_row": 39, "raster_col": 263, "block_id": 7 }, "geometry": { "type": "Point", "coordinates": [ 72.399982977897267, 23.221666105350653 ] } },
{ "type": "Feature", "properties": { "class_id": 4, "class_name": "Agriculture", "raster_row": 159, "raster_col": 217, "block_id": 7 }, "geometry": { "type": "Point", "coordinates": [ 72.391421097048308, 23.199860086068892 ] } },
{ "type": "Feature", "properties": { "class_id": 4, "class_name": "Agriculture", "raster_row": 26, "raster_col": 2163, "block_id": 63 }, "geometry": { "type": "Point", "coordinates": [ 72.771027879532738, 23.22971544040179 ] } },
{ "type": "Feature", "properties": { "class_id": 4, "class_name": "Agriculture", "raster_row": 179, "raster_col": 1101, "block_id": 31 }, "geometry": { "type": "Point", "coordinates": [ 72.564094402319768, 23.199019001575 ] } },
{ "type": "Feature", "properties": { "class_id": 4, "class_name": "Agriculture", "raster_row": 1650, "raster_col": 387, "block_id": 10 }, "geometry": { "type": "Point", "coordinates": [ 72.429732839427501, 22.93130494966903 ] } },
{ "type": "Feature", "properties": { "class_id": 4, "class_name": "Agriculture", "raster_row": 481, "raster_col": 33, "block_id": 6 }, "geometry": { "type": "Point", "coordinates": [ 72.356639069432447, 23.14114806029265 ] } },
{ "type": "Feature", "properties": { "class_id": 4, "class_name": "Agriculture", "raster_row": 334, "raster_col": 2014, "block_id": 54 }, "geometry": { "type": "Point", "coordinates": [ 72.74285666263124, 23.173698591129448 ] } },
{ "type": "Feature", "properties": { "class_id": 4, "class_name": "Agriculture", "raster_row": 227, "raster_col": 1993, "block_id": 55 }, "geometry": { "type": "Point", "coordinates": [ 72.738431482466012, 23.192955737622022 ] } },
{ "type": "Feature", "properties": { "class_id": 4, "class_name": "Agriculture", "raster_row": 2035, "raster_col": 1094, "block_id": 24 }, "geometry": { "type": "Point", "coordinates": [ 72.568747862102725, 22.863981651833075 ] } },
{ "type": "Feature", "properties": { "class_id": 4, "class_name": "Agriculture", "raster_row": 97, "raster_col": 398, "block_id": 15 }, "geometry": { "type": "Point", "coordinates": [ 72.426546180153963, 23.211632248969604 ] } },
{ "type": "Feature", "properties": { "class_id": 4, "class_name": "Agriculture", "raster_row": 1690, "raster_col": 1002, "block_id": 26 }, "geometry": { "type": "Point", "coordinates": [ 72.549708950831274, 22.925981047425136 ] } },
{ "type": "Feature", "properties": { "class_id": 4, "class_name": "Agriculture", "raster_row": 747, "raster_col": 700, "block_id": 21 }, "geometry": { "type": "Point", "coordinates": [ 72.487707628920816, 23.095267731126462 ] } },
{ "type": "Feature", "properties": { "class_id": 4, "class_name": "Agriculture", "raster_row": 1760, "raster_col": 1304, "block_id": 33 }, "geometry": { "type": "Point", "coordinates": [ 72.608783557013723, 22.914242956202429 ] } },
{ "type": "Feature", "properties": { "class_id": 4, "class_name": "Agriculture", "raster_row": 301, "raster_col": 2291, "block_id": 62 }, "geometry": { "type": "Point", "coordinates": [ 72.796846083603768, 23.180422443201721 ] } },
{ "type": "Feature", "properties": { "class_id": 4, "class_name": "Agriculture", "raster_row": 2073, "raster_col": 1385, "block_id": 32 }, "geometry": { "type": "Point", "coordinates": [ 72.625551193942485, 22.857978525530701 ] } },
{ "type": "Feature", "properties": { "class_id": 4, "class_name": "Agriculture", "raster_row": 2009, "raster_col": 1420, "block_id": 33 }, "geometry": { "type": "Point", "coordinates": [ 72.632168419054139, 22.869633238293016 ] } },
{ "type": "Feature", "properties": { "class_id": 4, "class_name": "Agriculture", "raster_row": 1378, "raster_col": 1752, "block_id": 51 }, "geometry": { "type": "Point", "coordinates": [ 72.694917117715718, 22.984493751936423 ] } },
{ "type": "Feature", "properties": { "class_id": 4, "class_name": "Agriculture", "raster_row": 1188, "raster_col": 430, "block_id": 11 }, "geometry": { "type": "Point", "coordinates": [ 72.436538772783734, 23.014825925685141 ] } },
{ "type": "Feature", "properties": { "class_id": 4, "class_name": "Agriculture", "raster_row": 1405, "raster_col": 458, "block_id": 11 }, "geometry": { "type": "Point", "coordinates": [ 72.442736526909513, 22.975748350920096 ] } },
{ "type": "Feature", "properties": { "class_id": 4, "class_name": "Agriculture", "raster_row": 1526, "raster_col": 619, "block_id": 18 }, "geometry": { "type": "Point", "coordinates": [ 72.474526134252017, 22.95441215211455 ] } },
{ "type": "Feature", "properties": { "class_id": 4, "class_name": "Agriculture", "raster_row": 44, "raster_col": 597, "block_id": 23 }, "geometry": { "type": "Point", "coordinates": [ 72.465224003280667, 23.221829462274325 ] } },
{ "type": "Feature", "properties": { "class_id": 4, "class_name": "Agriculture", "raster_row": 1145, "raster_col": 77, "block_id": 4 }, "geometry": { "type": "Point", "coordinates": [ 72.367561502269425, 23.021456278298491 ] } },
{ "type": "Feature", "properties": { "class_id": 4, "class_name": "Agriculture", "raster_row": 1573, "raster_col": 336, "block_id": 10 }, "geometry": { "type": "Point", "coordinates": [ 72.419531407733544, 22.945041085391036 ] } },
{ "type": "Feature", "properties": { "class_id": 4, "class_name": "Agriculture", "raster_row": 519, "raster_col": 2256, "block_id": 62 }, "geometry": { "type": "Point", "coordinates": [ 72.790657495694163, 23.140971007508071 ] } },
{ "type": "Feature", "properties": { "class_id": 4, "class_name": "Agriculture", "raster_row": 51, "raster_col": 159, "block_id": 7 }, "geometry": { "type": "Point", "coordinates": [ 72.37971678923131, 23.219163039398182 ] } },
{ "type": "Feature", "properties": { "class_id": 4, "class_name": "Agriculture", "raster_row": 2014, "raster_col": 145, "block_id": 1 }, "geometry": { "type": "Point", "coordinates": [ 72.383838367880813, 22.864838576795286 ] } },
{ "type": "Feature", "properties": { "class_id": 4, "class_name": "Agriculture", "raster_row": 663, "raster_col": 765, "block_id": 21 }, "geometry": { "type": "Point", "coordinates": [ 72.500108812204033, 23.11063062433433 ] } },
{ "type": "Feature", "properties": { "class_id": 4, "class_name": "Agriculture", "raster_row": 1728, "raster_col": 124, "block_id": 2 }, "geometry": { "type": "Point", "coordinates": [ 72.378756516132043, 22.916388955783766 ] } },
{ "type": "Feature", "properties": { "class_id": 4, "class_name": "Agriculture", "raster_row": 123, "raster_col": 751, "block_id": 23 }, "geometry": { "type": "Point", "coordinates": [ 72.495564422724044, 23.208052995227721 ] } },
{ "type": "Feature", "properties": { "class_id": 4, "class_name": "Agriculture", "raster_row": 1901, "raster_col": 106, "block_id": 1 }, "geometry": { "type": "Point", "coordinates": [ 72.375850690039627, 22.88510782859192 ] } },
{ "type": "Feature", "properties": { "class_id": 4, "class_name": "Agriculture", "raster_row": 98, "raster_col": 669, "block_id": 23 }, "geometry": { "type": "Point", "coordinates": [ 72.479467675210032, 23.212309293895789 ] } },
{ "type": "Feature", "properties": { "class_id": 4, "class_name": "Agriculture", "raster_row": 1582, "raster_col": 341, "block_id": 10 }, "geometry": { "type": "Point", "coordinates": [ 72.420536608590268, 22.943432561649324 ] } },
{ "type": "Feature", "properties": { "class_id": 4, "class_name": "Agriculture", "raster_row": 2107, "raster_col": 1952, "block_id": 48 }, "geometry": { "type": "Point", "coordinates": [ 72.736101336341264, 22.853450857289282 ] } },
{ "type": "Feature", "properties": { "class_id": 4, "class_name": "Agriculture", "raster_row": 1439, "raster_col": 764, "block_id": 19 }, "geometry": { "type": "Point", "coordinates": [ 72.502498623654546, 22.970563102936651 ] } },
{ "type": "Feature", "properties": { "class_id": 4, "class_name": "Agriculture", "raster_row": 138, "raster_col": 1204, "block_id": 39 }, "geometry": { "type": "Point", "coordinates": [ 72.584074030917904, 23.206729893260704 ] } },
{ "type": "Feature", "properties": { "class_id": 4, "class_name": "Agriculture", "raster_row": 1533, "raster_col": 747, "block_id": 18 }, "geometry": { "type": "Point", "coordinates": [ 72.499497008602887, 22.953544125533387 ] } },
{ "type": "Feature", "properties": { "class_id": 4, "class_name": "Agriculture", "raster_row": 1370, "raster_col": 2164, "block_id": 59 }, "geometry": { "type": "Point", "coordinates": [ 72.775226231125501, 22.987086722740816 ] } },
{ "type": "Feature", "properties": { "class_id": 4, "class_name": "Agriculture", "raster_row": 309, "raster_col": 2100, "block_id": 62 }, "geometry": { "type": "Point", "coordinates": [ 72.759573604790148, 23.178451655503054 ] } },
{ "type": "Feature", "properties": { "class_id": 4, "class_name": "Agriculture", "raster_row": 1611, "raster_col": 1670, "block_id": 42 }, "geometry": { "type": "Point", "coordinates": [ 72.679647341697461, 22.942198906944562 ] } },
{ "type": "Feature", "properties": { "class_id": 4, "class_name": "Agriculture", "raster_row": 1158, "raster_col": 2309, "block_id": 60 }, "geometry": { "type": "Point", "coordinates": [ 72.802880331334876, 23.025754852341578 ] } },
{ "type": "Feature", "properties": { "class_id": 4, "class_name": "Agriculture", "raster_row": 1194, "raster_col": 2250, "block_id": 59 }, "geometry": { "type": "Point", "coordinates": [ 72.791478339262753, 23.019095381070613 ] } },
{ "type": "Feature", "properties": { "class_id": 4, "class_name": "Agriculture", "raster_row": 10, "raster_col": 997, "block_id": 31 }, "geometry": { "type": "Point", "coordinates": [ 72.543228689003371, 23.229207146037027 ] } },
{ "type": "Feature", "properties": { "class_id": 4, "class_name": "Agriculture", "raster_row": 64, "raster_col": 1031, "block_id": 31 }, "geometry": { "type": "Point", "coordinates": [ 72.550047131660449, 23.219563971928732 ] } },
{ "type": "Feature", "properties": { "class_id": 4, "class_name": "Agriculture", "raster_row": 855, "raster_col": 1761, "block_id": 53 }, "geometry": { "type": "Point", "coordinates": [ 72.695066069070549, 23.078931994649924 ] } },
{ "type": "Feature", "properties": { "class_id": 4, "class_name": "Agriculture", "raster_row": 731, "raster_col": 1905, "block_id": 53 }, "geometry": { "type": "Point", "coordinates": [ 72.722785202145147, 23.101724571826608 ] } },
{ "type": "Feature", "properties": { "class_id": 4, "class_name": "Agriculture", "raster_row": 479, "raster_col": 1890, "block_id": 54 }, "geometry": { "type": "Point", "coordinates": [ 72.719088706756295, 23.147173919167095 ] } },
{ "type": "Feature", "properties": { "class_id": 4, "class_name": "Agriculture", "raster_row": 1588, "raster_col": 103, "block_id": 2 }, "geometry": { "type": "Point", "coordinates": [ 72.374177693950614, 22.941588534606424 ] } },
{ "type": "Feature", "properties": { "class_id": 4, "class_name": "Agriculture", "raster_row": 303, "raster_col": 609, "block_id": 22 }, "geometry": { "type": "Point", "coordinates": [ 72.468448339021847, 23.175121071654218 ] } },
{ "type": "Feature", "properties": { "class_id": 4, "class_name": "Agriculture", "raster_row": 874, "raster_col": 2029, "block_id": 53 }, "geometry": { "type": "Point", "coordinates": [ 72.747414377960581, 23.076256683386035 ] } },
{ "type": "Feature", "properties": { "class_id": 4, "class_name": "Agriculture", "raster_row": 911, "raster_col": 153, "block_id": 4 }, "geometry": { "type": "Point", "coordinates": [ 72.381563424661721, 23.063934178614538 ] } },
{ "type": "Feature", "properties": { "class_id": 4, "class_name": "Agriculture", "raster_row": 639, "raster_col": 1990, "block_id": 53 }, "geometry": { "type": "Point", "coordinates": [ 72.739094739667422, 23.118571430180367 ] } },
{ "type": "Feature", "properties": { "class_id": 4, "class_name": "Agriculture", "raster_row": 35, "raster_col": 1346, "block_id": 39 }, "geometry": { "type": "Point", "coordinates": [ 72.611473582265674, 23.22574573492318 ] } },
{ "type": "Feature", "properties": { "class_id": 4, "class_name": "Agriculture", "raster_row": 1209, "raster_col": 2145, "block_id": 59 }, "geometry": { "type": "Point", "coordinates": [ 72.771043942392424, 23.016100223481565 ] } },
{ "type": "Feature", "properties": { "class_id": 4, "class_name": "Agriculture", "raster_row": 2069, "raster_col": 1117, "block_id": 24 }, "geometry": { "type": "Point", "coordinates": [ 72.573336985633617, 22.857912764789745 ] } },
{ "type": "Feature", "properties": { "class_id": 4, "class_name": "Agriculture", "raster_row": 199, "raster_col": 1769, "block_id": 55 }, "geometry": { "type": "Point", "coordinates": [ 72.694602148790594, 23.197375225189127 ] } },
{ "type": "Feature", "properties": { "class_id": 4, "class_name": "Agriculture", "raster_row": 223, "raster_col": 842, "block_id": 23 }, "geometry": { "type": "Point", "coordinates": [ 72.513668189536475, 23.190285745962047 ] } },
{ "type": "Feature", "properties": { "class_id": 4, "class_name": "Agriculture", "raster_row": 253, "raster_col": 760, "block_id": 23 }, "geometry": { "type": "Point", "coordinates": [ 72.49775881067562, 23.184617111014326 ] } },
{ "type": "Feature", "properties": { "class_id": 4, "class_name": "Agriculture", "raster_row": 606, "raster_col": 1860, "block_id": 53 }, "geometry": { "type": "Point", "coordinates": [ 72.713621222984443, 23.124162811164208 ] } },
{ "type": "Feature", "properties": { "class_id": 4, "class_name": "Agriculture", "raster_row": 1294, "raster_col": 474, "block_id": 11 }, "geometry": { "type": "Point", "coordinates": [ 72.445478399757135, 22.99583293220347 ] } },
{ "type": "Feature", "properties": { "class_id": 4, "class_name": "Agriculture", "raster_row": 1635, "raster_col": 434, "block_id": 10 }, "geometry": { "type": "Point", "coordinates": [ 72.438840416515191, 22.934160393037491 ] } },
{ "type": "Feature", "properties": { "class_id": 4, "class_name": "Agriculture", "raster_row": 974, "raster_col": 2136, "block_id": 60 }, "geometry": { "type": "Point", "coordinates": [ 72.768589787932655, 23.058500149582763 ] } },
{ "type": "Feature", "properties": { "class_id": 4, "class_name": "Agriculture", "raster_row": 1597, "raster_col": 400, "block_id": 10 }, "geometry": { "type": "Point", "coordinates": [ 72.432085534286045, 22.940911837651434 ] } },
{ "type": "Feature", "properties": { "class_id": 4, "class_name": "Agriculture", "raster_row": 391, "raster_col": 66, "block_id": 6 }, "geometry": { "type": "Point", "coordinates": [ 72.362761056259799, 23.157498583694757 ] } },
{ "type": "Feature", "properties": { "class_id": 4, "class_name": "Agriculture", "raster_row": 1580, "raster_col": 1585, "block_id": 42 }, "geometry": { "type": "Point", "coordinates": [ 72.662983679000888, 22.947551776964747 ] } },
{ "type": "Feature", "properties": { "class_id": 4, "class_name": "Agriculture", "raster_row": 377, "raster_col": 1625, "block_id": 46 }, "geometry": { "type": "Point", "coordinates": [ 72.66703908958327, 23.164828950002992 ] } },
{ "type": "Feature", "properties": { "class_id": 4, "class_name": "Agriculture", "raster_row": 329, "raster_col": 597, "block_id": 22 }, "geometry": { "type": "Point", "coordinates": [ 72.466194105170487, 23.170390693865354 ] } },
{ "type": "Feature", "properties": { "class_id": 4, "class_name": "Agriculture", "raster_row": 1998, "raster_col": 146, "block_id": 1 }, "geometry": { "type": "Point", "coordinates": [ 72.383977801670767, 22.867729505625274 ] } },
{ "type": "Feature", "properties": { "class_id": 4, "class_name": "Agriculture", "raster_row": 298, "raster_col": 244, "block_id": 6 }, "geometry": { "type": "Point", "coordinates": [ 72.397178423431598, 23.174861105571246 ] } },
{ "type": "Feature", "properties": { "class_id": 4, "class_name": "Agriculture", "raster_row": 100, "raster_col": 1211, "block_id": 39 }, "geometry": { "type": "Point", "coordinates": [ 72.585317675779933, 23.213610006176879 ] } },
{ "type": "Feature", "properties": { "class_id": 4, "class_name": "Agriculture", "raster_row": 1654, "raster_col": 1623, "block_id": 42 }, "geometry": { "type": "Point", "coordinates": [ 72.670619318392269, 22.934302256873526 ] } },
{ "type": "Feature", "properties": { "class_id": 4, "class_name": "Agriculture", "raster_row": 41, "raster_col": 105, "block_id": 7 }, "geometry": { "type": "Point", "coordinates": [ 72.36913695210373, 23.220791574321737 ] } },
{ "type": "Feature", "properties": { "class_id": 4, "class_name": "Agriculture", "raster_row": 22, "raster_col": 248, "block_id": 7 }, "geometry": { "type": "Point", "coordinates": [ 72.396994337846678, 23.224685707929247 ] } },
{ "type": "Feature", "properties": { "class_id": 4, "class_name": "Agriculture", "raster_row": 1487, "raster_col": 177, "block_id": 2 }, "geometry": { "type": "Point", "coordinates": [ 72.38824789120288, 22.960055263480072 ] } },
{ "type": "Feature", "properties": { "class_id": 4, "class_name": "Agriculture", "raster_row": 1541, "raster_col": 525, "block_id": 10 }, "geometry": { "type": "Point", "coordinates": [ 72.456256214424158, 22.951411879824715 ] } },
{ "type": "Feature", "properties": { "class_id": 4, "class_name": "Agriculture", "raster_row": 668, "raster_col": 1935, "block_id": 53 }, "geometry": { "type": "Point", "coordinates": [ 72.728448284336309, 23.113181966064268 ] } },
{ "type": "Feature", "properties": { "class_id": 4, "class_name": "Agriculture", "raster_row": 431, "raster_col": 1747, "block_id": 54 }, "geometry": { "type": "Point", "coordinates": [ 72.691024874163219, 23.155432134083249 ] } },
{ "type": "Feature", "properties": { "class_id": 4, "class_name": "Agriculture", "raster_row": 1910, "raster_col": 2143, "block_id": 57 }, "geometry": { "type": "Point", "coordinates": [ 72.772727508870915, 22.889541278190762 ] } },
{ "type": "Feature", "properties": { "class_id": 4, "class_name": "Agriculture", "raster_row": 419, "raster_col": 911, "block_id": 30 }, "geometry": { "type": "Point", "coordinates": [ 72.527790511063884, 23.155120910311616 ] } },
{ "type": "Feature", "properties": { "class_id": 4, "class_name": "Agriculture", "raster_row": 444, "raster_col": 2317, "block_id": 62 }, "geometry": { "type": "Point", "coordinates": [ 72.802344773483938, 23.154677427924121 ] } },
{ "type": "Feature", "properties": { "class_id": 4, "class_name": "Agriculture", "raster_row": 435, "raster_col": 1824, "block_id": 54 }, "geometry": { "type": "Point", "coordinates": [ 72.706069372572955, 23.154929727219944 ] } },
{ "type": "Feature", "properties": { "class_id": 4, "class_name": "Agriculture", "raster_row": 509, "raster_col": 156, "block_id": 6 }, "geometry": { "type": "Point", "coordinates": [ 72.380741262334411, 23.136495671210415 ] } },
{ "type": "Feature", "properties": { "class_id": 4, "class_name": "Agriculture", "raster_row": 2179, "raster_col": 1126, "block_id": 24 }, "geometry": { "type": "Point", "coordinates": [ 72.575442246379936, 22.838083415422066 ] } },
{ "type": "Feature", "properties": { "class_id": 4, "class_name": "Agriculture", "raster_row": 2179, "raster_col": 1162, "block_id": 24 }, "geometry": { "type": "Point", "coordinates": [ 72.582453269369154, 22.838190056676769 ] } },
{ "type": "Feature", "properties": { "class_id": 4, "class_name": "Agriculture", "raster_row": 1976, "raster_col": 1500, "block_id": 41 }, "geometry": { "type": "Point", "coordinates": [ 72.647650122961096, 22.875821673970378 ] } },
{ "type": "Feature", "properties": { "class_id": 4, "class_name": "Agriculture", "raster_row": 570, "raster_col": 2254, "block_id": 62 }, "geometry": { "type": "Point", "coordinates": [ 72.790418002665092, 23.131758459743555 ] } },
{ "type": "Feature", "properties": { "class_id": 4, "class_name": "Agriculture", "raster_row": 1916, "raster_col": 1570, "block_id": 41 }, "geometry": { "type": "Point", "coordinates": [ 72.661101551031336, 22.886854105507211 ] } },
{ "type": "Feature", "properties": { "class_id": 4, "class_name": "Agriculture", "raster_row": 1389, "raster_col": 344, "block_id": 11 }, "geometry": { "type": "Point", "coordinates": [ 72.42046022092309, 22.978275853013969 ] } },
{ "type": "Feature", "properties": { "class_id": 4, "class_name": "Agriculture", "raster_row": 2162, "raster_col": 1332, "block_id": 32 }, "geometry": { "type": "Point", "coordinates": [ 72.615507925478568, 22.841758238096524 ] } },
{ "type": "Feature", "properties": { "class_id": 4, "class_name": "Agriculture", "raster_row": 263, "raster_col": 848, "block_id": 23 }, "geometry": { "type": "Point", "coordinates": [ 72.514973126408435, 23.183084501381693 ] } },
{ "type": "Feature", "properties": { "class_id": 4, "class_name": "Agriculture", "raster_row": 369, "raster_col": 2282, "block_id": 62 }, "geometry": { "type": "Point", "coordinates": [ 72.795289805317651, 23.168121750089327 ] } },
{ "type": "Feature", "properties": { "class_id": 4, "class_name": "Agriculture", "raster_row": 1419, "raster_col": 964, "block_id": 27 }, "geometry": { "type": "Point", "coordinates": [ 72.541419675701817, 22.974782856224948 ] } },
{ "type": "Feature", "properties": { "class_id": 4, "class_name": "Agriculture", "raster_row": 473, "raster_col": 2313, "block_id": 62 }, "geometry": { "type": "Point", "coordinates": [ 72.801649283337468, 23.149431105396928 ] } },
{ "type": "Feature", "properties": { "class_id": 4, "class_name": "Agriculture", "raster_row": 67, "raster_col": 1132, "block_id": 31 }, "geometry": { "type": "Point", "coordinates": [ 72.569781916617444, 23.219328756173955 ] } },
{ "type": "Feature", "properties": { "class_id": 4, "class_name": "Agriculture", "raster_row": 299, "raster_col": 420, "block_id": 14 }, "geometry": { "type": "Point", "coordinates": [ 72.431538872304202, 23.175245143296085 ] } },
{ "type": "Feature", "properties": { "class_id": 4, "class_name": "Agriculture", "raster_row": 183, "raster_col": 2239, "block_id": 63 }, "geometry": { "type": "Point", "coordinates": [ 72.786341194134735, 23.201582392413634 ] } },
{ "type": "Feature", "properties": { "class_id": 4, "class_name": "Agriculture", "raster_row": 1639, "raster_col": 332, "block_id": 10 }, "geometry": { "type": "Point", "coordinates": [ 72.418977867807584, 22.933116313450189 ] } },
{ "type": "Feature", "properties": { "class_id": 4, "class_name": "Agriculture", "raster_row": 516, "raster_col": 1257, "block_id": 38 }, "geometry": { "type": "Point", "coordinates": [ 72.595643664901729, 23.138657676506025 ] } },
{ "type": "Feature", "properties": { "class_id": 4, "class_name": "Agriculture", "raster_row": 315, "raster_col": 1804, "block_id": 54 }, "geometry": { "type": "Point", "coordinates": [ 72.701795047041756, 23.176535108403559 ] } },
{ "type": "Feature", "properties": { "class_id": 4, "class_name": "Agriculture", "raster_row": 104, "raster_col": 734, "block_id": 23 }, "geometry": { "type": "Point", "coordinates": [ 72.492180791734, 23.211429389038877 ] } },
{ "type": "Feature", "properties": { "class_id": 5, "class_name": "Open land", "raster_row": 477, "raster_col": 1243, "block_id": 38 }, "geometry": { "type": "Point", "coordinates": [ 72.592785318901775, 23.145655671082789 ] } },
{ "type": "Feature", "properties": { "class_id": 5, "class_name": "Open land", "raster_row": 514, "raster_col": 1039, "block_id": 30 }, "geometry": { "type": "Point", "coordinates": [ 72.553087679900671, 23.138363669037105 ] } },
{ "type": "Feature", "properties": { "class_id": 5, "class_name": "Open land", "raster_row": 1395, "raster_col": 1100, "block_id": 27 }, "geometry": { "type": "Point", "coordinates": [ 72.56785429991811, 22.979524201430511 ] } },
{ "type": "Feature", "properties": { "class_id": 5, "class_name": "Open land", "raster_row": 658, "raster_col": 1061, "block_id": 29 }, "geometry": { "type": "Point", "coordinates": [ 72.557852384390401, 23.112438124109275 ] } },
{ "type": "Feature", "properties": { "class_id": 5, "class_name": "Open land", "raster_row": 487, "raster_col": 1632, "block_id": 46 }, "geometry": { "type": "Point", "coordinates": [ 72.668749504021022, 23.144992530443446 ] } },
{ "type": "Feature", "properties": { "class_id": 5, "class_name": "Open land", "raster_row": 1995, "raster_col": 2322, "block_id": 57 }, "geometry": { "type": "Point", "coordinates": [ 72.807852802581763, 22.874680525435334 ] } },
{ "type": "Feature", "properties": { "class_id": 5, "class_name": "Open land", "raster_row": 1337, "raster_col": 482, "block_id": 11 }, "geometry": { "type": "Point", "coordinates": [ 72.447184043169301, 22.988097066136788 ] } },
{ "type": "Feature", "properties": { "class_id": 5, "class_name": "Open land", "raster_row": 668, "raster_col": 1454, "block_id": 45 }, "geometry": { "type": "Point", "coordinates": [ 72.634576960797872, 23.111801997808492 ] } },
{ "type": "Feature", "properties": { "class_id": 5, "class_name": "Open land", "raster_row": 716, "raster_col": 1329, "block_id": 37 }, "geometry": { "type": "Point", "coordinates": [ 72.610336731396401, 23.102769836355254 ] } },
{ "type": "Feature", "properties": { "class_id": 5, "class_name": "Open land", "raster_row": 1223, "raster_col": 532, "block_id": 11 }, "geometry": { "type": "Point", "coordinates": [ 72.456545643808596, 23.008829780500793 ] } },
{ "type": "Feature", "properties": { "class_id": 5, "class_name": "Open land", "raster_row": 205, "raster_col": 1306, "block_id": 39 }, "geometry": { "type": "Point", "coordinates": [ 72.604208573896472, 23.194940851200386 ] } },
{ "type": "Feature", "properties": { "class_id": 5, "class_name": "Open land", "raster_row": 358, "raster_col": 1662, "block_id": 46 }, "geometry": { "type": "Point", "coordinates": [ 72.674203440624794, 23.168365622437218 ] } },
{ "type": "Feature", "properties": { "class_id": 5, "class_name": "Open land", "raster_row": 1374, "raster_col": 1093, "block_id": 27 }, "geometry": { "type": "Point", "coordinates": [ 72.566421710628902, 22.983293861654133 ] } },
{ "type": "Feature", "properties": { "class_id": 5, "class_name": "Open land", "raster_row": 786, "raster_col": 933, "block_id": 29 }, "geometry": { "type": "Point", "coordinates": [ 72.533296770485023, 23.088945553417979 ] } },
{ "type": "Feature", "properties": { "class_id": 5, "class_name": "Open land", "raster_row": 1641, "raster_col": 763, "block_id": 18 }, "geometry": { "type": "Point", "coordinates": [ 72.502973321376018, 22.934099514455269 ] } },
{ "type": "Feature", "properties": { "class_id": 5, "class_name": "Open land", "raster_row": 1498, "raster_col": 1015, "block_id": 26 }, "geometry": { "type": "Point", "coordinates": [ 72.551618636637414, 22.96067701561244 ] } },
{ "type": "Feature", "properties": { "class_id": 5, "class_name": "Open land", "raster_row": 268, "raster_col": 1577, "block_id": 47 }, "geometry": { "type": "Point", "coordinates": [ 72.657325365342928, 23.184365751591194 ] } },
{ "type": "Feature", "properties": { "class_id": 5, "class_name": "Open land", "raster_row": 372, "raster_col": 983, "block_id": 30 }, "geometry": { "type": "Point", "coordinates": [ 72.541689969581057, 23.163824337017971 ] } },
{ "type": "Feature", "properties": { "class_id": 5, "class_name": "Open land", "raster_row": 488, "raster_col": 1631, "block_id": 46 }, "geometry": { "type": "Point", "coordinates": [ 72.668557423946922, 23.144809126399306 ] } },
{ "type": "Feature", "properties": { "class_id": 5, "class_name": "Open land", "raster_row": 2020, "raster_col": 2278, "block_id": 57 }, "geometry": { "type": "Point", "coordinates": [ 72.799352876504855, 22.87004864555643 ] } },
{ "type": "Feature", "properties": { "class_id": 5, "class_name": "Open land", "raster_row": 1314, "raster_col": 1497, "block_id": 43 }, "geometry": { "type": "Point", "coordinates": [ 72.644998779141361, 22.99531542023205 ] } },
{ "type": "Feature", "properties": { "class_id": 5, "class_name": "Open land", "raster_row": 230, "raster_col": 1593, "block_id": 47 }, "geometry": { "type": "Point", "coordinates": [ 72.660330151396067, 23.191271744704746 ] } },
{ "type": "Feature", "properties": { "class_id": 5, "class_name": "Open land", "raster_row": 1390, "raster_col": 1085, "block_id": 27 }, "geometry": { "type": "Point", "coordinates": [ 72.564913853969031, 22.98038180388766 ] } },
{ "type": "Feature", "properties": { "class_id": 5, "class_name": "Open land", "raster_row": 1201, "raster_col": 494, "block_id": 11 }, "geometry": { "type": "Point", "coordinates": [ 72.449061853630951, 23.012681274536096 ] } },
{ "type": "Feature", "properties": { "class_id": 5, "class_name": "Open land", "raster_row": 1378, "raster_col": 1097, "block_id": 27 }, "geometry": { "type": "Point", "coordinates": [ 72.567214472508965, 22.982583818597114 ] } },
{ "type": "Feature", "properties": { "class_id": 5, "class_name": "Open land", "raster_row": 1996, "raster_col": 2321, "block_id": 57 }, "geometry": { "type": "Point", "coordinates": [ 72.807660867712045, 22.874497300032083 ] } },
{ "type": "Feature", "properties": { "class_id": 5, "class_name": "Open land", "raster_row": 1511, "raster_col": 1016, "block_id": 26 }, "geometry": { "type": "Point", "coordinates": [ 72.551855819406015, 22.95833347217128 ] } },
{ "type": "Feature", "properties": { "class_id": 5, "class_name": "Open land", "raster_row": 274, "raster_col": 1529, "block_id": 47 }, "geometry": { "type": "Point", "coordinates": [ 72.647971893370453, 23.183142848786567 ] } },
{ "type": "Feature", "properties": { "class_id": 5, "class_name": "Open land", "raster_row": 680, "raster_col": 1453, "block_id": 37 }, "geometry": { "type": "Point", "coordinates": [ 72.634419782043395, 23.109632930279457 ] } },
{ "type": "Feature", "properties": { "class_id": 5, "class_name": "Open land", "raster_row": 299, "raster_col": 1578, "block_id": 46 }, "geometry": { "type": "Point", "coordinates": [ 72.657618092444054, 23.178772752673577 ] } },
{ "type": "Feature", "properties": { "class_id": 5, "class_name": "Open land", "raster_row": 342, "raster_col": 1494, "block_id": 46 }, "geometry": { "type": "Point", "coordinates": [ 72.641353181728618, 23.170765788079553 ] } },
{ "type": "Feature", "properties": { "class_id": 5, "class_name": "Open land", "raster_row": 2174, "raster_col": 1281, "block_id": 32 }, "geometry": { "type": "Point", "coordinates": [ 72.605613088109976, 22.839442942742018 ] } },
{ "type": "Feature", "properties": { "class_id": 5, "class_name": "Open land", "raster_row": 1312, "raster_col": 1496, "block_id": 43 }, "geometry": { "type": "Point", "coordinates": [ 72.644797528507723, 22.995673551307302 ] } },
{ "type": "Feature", "properties": { "class_id": 5, "class_name": "Open land", "raster_row": 2093, "raster_col": 1818, "block_id": 48 }, "geometry": { "type": "Point", "coordinates": [ 72.709956802129, 22.85560467684051 ] } },
{ "type": "Feature", "properties": { "class_id": 5, "class_name": "Open land", "raster_row": 677, "raster_col": 980, "block_id": 29 }, "geometry": { "type": "Point", "coordinates": [ 72.542108536867701, 23.108763072655133 ] } },
{ "type": "Feature", "properties": { "class_id": 5, "class_name": "Open land", "raster_row": 1605, "raster_col": 505, "block_id": 10 }, "geometry": { "type": "Point", "coordinates": [ 72.452574684544189, 22.9397978865534 ] } },
{ "type": "Feature", "properties": { "class_id": 5, "class_name": "Open land", "raster_row": 758, "raster_col": 1026, "block_id": 29 }, "geometry": { "type": "Point", "coordinates": [ 72.551349912548019, 23.09428213044939 ] } },
{ "type": "Feature", "properties": { "class_id": 5, "class_name": "Open land", "raster_row": 368, "raster_col": 1513, "block_id": 46 }, "geometry": { "type": "Point", "coordinates": [ 72.645144828994646, 23.166128023647449 ] } },
{ "type": "Feature", "properties": { "class_id": 5, "class_name": "Open land", "raster_row": 258, "raster_col": 1578, "block_id": 47 }, "geometry": { "type": "Point", "coordinates": [ 72.657489177130074, 23.186173788919788 ] } },
{ "type": "Feature", "properties": { "class_id": 5, "class_name": "Open land", "raster_row": 739, "raster_col": 621, "block_id": 21 }, "geometry": { "type": "Point", "coordinates": [ 72.47226734465751, 23.09646549167109 ] } },
{ "type": "Feature", "properties": { "class_id": 5, "class_name": "Open land", "raster_row": 644, "raster_col": 1688, "block_id": 45 }, "geometry": { "type": "Point", "coordinates": [ 72.680168700494349, 23.116812720401157 ] } },
{ "type": "Feature", "properties": { "class_id": 5, "class_name": "Open land", "raster_row": 1975, "raster_col": 149, "block_id": 1 }, "geometry": { "type": "Point", "coordinates": [ 72.384482563834638, 22.871890222238509 ] } },
{ "type": "Feature", "properties": { "class_id": 5, "class_name": "Open land", "raster_row": 556, "raster_col": 1182, "block_id": 38 }, "geometry": { "type": "Point", "coordinates": [ 72.581134501696496, 23.131213459358307 ] } },
{ "type": "Feature", "properties": { "class_id": 5, "class_name": "Open land", "raster_row": 1431, "raster_col": 2283, "block_id": 59 }, "geometry": { "type": "Point", "coordinates": [ 72.79860886706966, 22.976398306230941 ] } },
{ "type": "Feature", "properties": { "class_id": 5, "class_name": "Open land", "raster_row": 210, "raster_col": 1596, "block_id": 47 }, "geometry": { "type": "Point", "coordinates": [ 72.660853132884682, 23.194890722306827 ] } },
{ "type": "Feature", "properties": { "class_id": 5, "class_name": "Open land", "raster_row": 314, "raster_col": 1532, "block_id": 46 }, "geometry": { "type": "Point", "coordinates": [ 72.648683895083565, 23.175931124660256 ] } },
{ "type": "Feature", "properties": { "class_id": 5, "class_name": "Open land", "raster_row": 475, "raster_col": 1241, "block_id": 38 }, "geometry": { "type": "Point", "coordinates": [ 72.592388478706781, 23.14601071589604 ] } },
{ "type": "Feature", "properties": { "class_id": 5, "class_name": "Open land", "raster_row": 272, "raster_col": 1579, "block_id": 47 }, "geometry": { "type": "Point", "coordinates": [ 72.657728461385304, 23.183649513567481 ] } },
{ "type": "Feature", "properties": { "class_id": 5, "class_name": "Open land", "raster_row": 1961, "raster_col": 269, "block_id": 1 }, "geometry": { "type": "Point", "coordinates": [ 72.407807169827137, 22.874799852856363 ] } },
{ "type": "Feature", "properties": { "class_id": 5, "class_name": "Open land", "raster_row": 318, "raster_col": 1591, "block_id": 46 }, "geometry": { "type": "Point", "coordinates": [ 72.660216021327813, 23.175380757318845 ] } },
{ "type": "Feature", "properties": { "class_id": 5, "class_name": "Open land", "raster_row": 269, "raster_col": 1579, "block_id": 47 }, "geometry": { "type": "Point", "coordinates": [ 72.657719028584424, 23.184191052771691 ] } },
{ "type": "Feature", "properties": { "class_id": 5, "class_name": "Open land", "raster_row": 606, "raster_col": 1522, "block_id": 45 }, "geometry": { "type": "Point", "coordinates": [ 72.647652161865963, 23.123192295315551 ] } },
{ "type": "Feature", "properties": { "class_id": 5, "class_name": "Open land", "raster_row": 852, "raster_col": 1686, "block_id": 45 }, "geometry": { "type": "Point", "coordinates": [ 72.680423454794251, 23.0792592511715 ] } },
{ "type": "Feature", "properties": { "class_id": 5, "class_name": "Open land", "raster_row": 1414, "raster_col": 1072, "block_id": 27 }, "geometry": { "type": "Point", "coordinates": [ 72.562457236037858, 22.976010699612178 ] } },
{ "type": "Feature", "properties": { "class_id": 5, "class_name": "Open land", "raster_row": 1958, "raster_col": 263, "block_id": 1 }, "geometry": { "type": "Point", "coordinates": [ 72.40662821848457, 22.87532224817927 ] } },
{ "type": "Feature", "properties": { "class_id": 5, "class_name": "Open land", "raster_row": 1505, "raster_col": 990, "block_id": 26 }, "geometry": { "type": "Point", "coordinates": [ 72.546768408360336, 22.95933814571378 ] } },
{ "type": "Feature", "properties": { "class_id": 5, "class_name": "Open land", "raster_row": 1301, "raster_col": 599, "block_id": 19 }, "geometry": { "type": "Point", "coordinates": [ 72.469871758428809, 22.994960842697182 ] } },
{ "type": "Feature", "properties": { "class_id": 5, "class_name": "Open land", "raster_row": 1444, "raster_col": 1012, "block_id": 27 }, "geometry": { "type": "Point", "coordinates": [ 72.550858210623673, 22.970415193087039 ] } },
{ "type": "Feature", "properties": { "class_id": 5, "class_name": "Open land", "raster_row": 470, "raster_col": 451, "block_id": 14 }, "geometry": { "type": "Point", "coordinates": [ 72.43817791503615, 23.144481067385271 ] } },
{ "type": "Feature", "properties": { "class_id": 5, "class_name": "Open land", "raster_row": 204, "raster_col": 1596, "block_id": 47 }, "geometry": { "type": "Point", "coordinates": [ 72.660834281946634, 23.195973801555564 ] } },
{ "type": "Feature", "properties": { "class_id": 5, "class_name": "Open land", "raster_row": 485, "raster_col": 1641, "block_id": 46 }, "geometry": { "type": "Point", "coordinates": [ 72.670500098181918, 23.145379548942465 ] } },
{ "type": "Feature", "properties": { "class_id": 5, "class_name": "Open land", "raster_row": 623, "raster_col": 1519, "block_id": 45 }, "geometry": { "type": "Point", "coordinates": [ 72.647120187652135, 23.120114835001456 ] } },
{ "type": "Feature", "properties": { "class_id": 5, "class_name": "Open land", "raster_row": 340, "raster_col": 1496, "block_id": 46 }, "geometry": { "type": "Point", "coordinates": [ 72.641737329224441, 23.171132661283558 ] } },
{ "type": "Feature", "properties": { "class_id": 5, "class_name": "Open land", "raster_row": 710, "raster_col": 952, "block_id": 29 }, "geometry": { "type": "Point", "coordinates": [ 72.536753522372422, 23.102721373399906 ] } },
{ "type": "Feature", "properties": { "class_id": 5, "class_name": "Open land", "raster_row": 1209, "raster_col": 1124, "block_id": 27 }, "geometry": { "type": "Point", "coordinates": [ 72.571932438038345, 23.013170099458723 ] } },
{ "type": "Feature", "properties": { "class_id": 5, "class_name": "Open land", "raster_row": 263, "raster_col": 1486, "block_id": 47 }, "geometry": { "type": "Point", "coordinates": [ 72.639541045069066, 23.185002733785936 ] } },
{ "type": "Feature", "properties": { "class_id": 5, "class_name": "Open land", "raster_row": 278, "raster_col": 1579, "block_id": 47 }, "geometry": { "type": "Point", "coordinates": [ 72.657747326134768, 23.182566435036463 ] } },
{ "type": "Feature", "properties": { "class_id": 5, "class_name": "Open land", "raster_row": 900, "raster_col": 1034, "block_id": 28 }, "geometry": { "type": "Point", "coordinates": [ 72.553374933559411, 23.068675121930649 ] } },
{ "type": "Feature", "properties": { "class_id": 5, "class_name": "Open land", "raster_row": 470, "raster_col": 449, "block_id": 14 }, "geometry": { "type": "Point", "coordinates": [ 72.437787576149432, 23.144474718882588 ] } },
{ "type": "Feature", "properties": { "class_id": 5, "class_name": "Open land", "raster_row": 2000, "raster_col": 213, "block_id": 1 }, "geometry": { "type": "Point", "coordinates": [ 72.397033916279909, 22.867582708130367 ] } },
{ "type": "Feature", "properties": { "class_id": 5, "class_name": "Open land", "raster_row": 252, "raster_col": 1590, "block_id": 47 }, "geometry": { "type": "Point", "coordinates": [ 72.659813472982975, 23.1872917396181 ] } },
{ "type": "Feature", "properties": { "class_id": 5, "class_name": "Open land", "raster_row": 1390, "raster_col": 1087, "block_id": 27 }, "geometry": { "type": "Point", "coordinates": [ 72.565303757796414, 22.980387797246273 ] } },
{ "type": "Feature", "properties": { "class_id": 5, "class_name": "Open land", "raster_row": 488, "raster_col": 1629, "block_id": 46 }, "geometry": { "type": "Point", "coordinates": [ 72.668167016712985, 23.144803348357982 ] } },
{ "type": "Feature", "properties": { "class_id": 5, "class_name": "Open land", "raster_row": 254, "raster_col": 1578, "block_id": 47 }, "geometry": { "type": "Point", "coordinates": [ 72.657476597184939, 23.186895840827805 ] } },
{ "type": "Feature", "properties": { "class_id": 5, "class_name": "Open land", "raster_row": 1227, "raster_col": 528, "block_id": 11 }, "geometry": { "type": "Point", "coordinates": [ 72.455779283044578, 23.008095283963375 ] } },
{ "type": "Feature", "properties": { "class_id": 5, "class_name": "Open land", "raster_row": 1378, "raster_col": 1107, "block_id": 27 }, "geometry": { "type": "Point", "coordinates": [ 72.569164027888732, 22.982613750219603 ] } },
{ "type": "Feature", "properties": { "class_id": 5, "class_name": "Open land", "raster_row": 1495, "raster_col": 995, "block_id": 26 }, "geometry": { "type": "Point", "coordinates": [ 72.547710439852864, 22.961158261799735 ] } },
{ "type": "Feature", "properties": { "class_id": 5, "class_name": "Open land", "raster_row": 458, "raster_col": 454, "block_id": 14 }, "geometry": { "type": "Point", "coordinates": [ 72.4387222433337, 23.146656399512079 ] } },
{ "type": "Feature", "properties": { "class_id": 5, "class_name": "Open land", "raster_row": 2317, "raster_col": 1869, "block_id": 48 }, "geometry": { "type": "Point", "coordinates": [ 72.720565384045798, 22.815308881920142 ] } },
{ "type": "Feature", "properties": { "class_id": 5, "class_name": "Open land", "raster_row": 213, "raster_col": 1594, "block_id": 47 }, "geometry": { "type": "Point", "coordinates": [ 72.660472009166568, 23.194343373834165 ] } },
{ "type": "Feature", "properties": { "class_id": 5, "class_name": "Open land", "raster_row": 285, "raster_col": 1576, "block_id": 47 }, "geometry": { "type": "Point", "coordinates": [ 72.657183568590426, 23.18129412277456 ] } },
{ "type": "Feature", "properties": { "class_id": 5, "class_name": "Open land", "raster_row": 471, "raster_col": 454, "block_id": 14 }, "geometry": { "type": "Point", "coordinates": [ 72.438766855091657, 23.144310104034851 ] } },
{ "type": "Feature", "properties": { "class_id": 5, "class_name": "Open land", "raster_row": 1992, "raster_col": 2323, "block_id": 57 }, "geometry": { "type": "Point", "coordinates": [ 72.808038940195786, 22.875224828536176 ] } },
{ "type": "Feature", "properties": { "class_id": 5, "class_name": "Open land", "raster_row": 1381, "raster_col": 1104, "block_id": 27 }, "geometry": { "type": "Point", "coordinates": [ 72.568588857539027, 22.982063255528548 ] } },
{ "type": "Feature", "properties": { "class_id": 5, "class_name": "Open land", "raster_row": 752, "raster_col": 1541, "block_id": 45 }, "geometry": { "type": "Point", "coordinates": [ 72.651819014464948, 23.096892543323516 ] } },
{ "type": "Feature", "properties": { "class_id": 5, "class_name": "Open land", "raster_row": 244, "raster_col": 1583, "block_id": 47 }, "geometry": { "type": "Point", "coordinates": [ 72.658421474173281, 23.188715505881333 ] } },
{ "type": "Feature", "properties": { "class_id": 5, "class_name": "Open land", "raster_row": 378, "raster_col": 985, "block_id": 30 }, "geometry": { "type": "Point", "coordinates": [ 72.542100172444933, 23.162747443827364 ] } },
{ "type": "Feature", "properties": { "class_id": 5, "class_name": "Open land", "raster_row": 751, "raster_col": 1540, "block_id": 45 }, "geometry": { "type": "Point", "coordinates": [ 72.651620743213513, 23.097070153636135 ] } },
{ "type": "Feature", "properties": { "class_id": 5, "class_name": "Open land", "raster_row": 1382, "raster_col": 1106, "block_id": 27 }, "geometry": { "type": "Point", "coordinates": [ 72.568981998879266, 22.981888734292003 ] } },
{ "type": "Feature", "properties": { "class_id": 5, "class_name": "Open land", "raster_row": 245, "raster_col": 1584, "block_id": 47 }, "geometry": { "type": "Point", "coordinates": [ 72.658619883860027, 23.18853789919984 ] } },
{ "type": "Feature", "properties": { "class_id": 5, "class_name": "Open land", "raster_row": 228, "raster_col": 1303, "block_id": 39 }, "geometry": { "type": "Point", "coordinates": [ 72.603696790575171, 23.190780293560081 ] } },
{ "type": "Feature", "properties": { "class_id": 5, "class_name": "Open land", "raster_row": 621, "raster_col": 1017, "block_id": 29 }, "geometry": { "type": "Point", "coordinates": [ 72.549144886865164, 23.118983437439194 ] } },
{ "type": "Feature", "properties": { "class_id": 5, "class_name": "Open land", "raster_row": 1383, "raster_col": 1109, "block_id": 27 }, "geometry": { "type": "Point", "coordinates": [ 72.56957009374031, 22.981717203463813 ] } },
{ "type": "Feature", "properties": { "class_id": 5, "class_name": "Open land", "raster_row": 1408, "raster_col": 1074, "block_id": 27 }, "geometry": { "type": "Point", "coordinates": [ 72.56282769303445, 22.977099729522926 ] } },
{ "type": "Feature", "properties": { "class_id": 5, "class_name": "Open land", "raster_row": 1224, "raster_col": 531, "block_id": 11 }, "geometry": { "type": "Point", "coordinates": [ 72.456354052841107, 23.008646156650784 ] } },
{ "type": "Feature", "properties": { "class_id": 5, "class_name": "Open land", "raster_row": 1910, "raster_col": 241, "block_id": 1 }, "geometry": { "type": "Point", "coordinates": [ 72.402178188213398, 22.883915563814902 ] } },
{ "type": "Feature", "properties": { "class_id": 5, "class_name": "Open land", "raster_row": 2025, "raster_col": 2269, "block_id": 57 }, "geometry": { "type": "Point", "coordinates": [ 72.797613998802547, 22.869121680465568 ] } },
{ "type": "Feature", "properties": { "class_id": 5, "class_name": "Open land", "raster_row": 288, "raster_col": 1580, "block_id": 47 }, "geometry": { "type": "Point", "coordinates": [ 72.65797401913143, 23.180764210040838 ] } },
{ "type": "Feature", "properties": { "class_id": 5, "class_name": "Open land", "raster_row": 196, "raster_col": 1598, "block_id": 47 }, "geometry": { "type": "Point", "coordinates": [ 72.661199703382152, 23.19742371564157 ] } },
{ "type": "Feature", "properties": { "class_id": 5, "class_name": "Open land", "raster_row": 592, "raster_col": 1521, "block_id": 45 }, "geometry": { "type": "Point", "coordinates": [ 72.647412906085094, 23.125716566398225 ] } },
{ "type": "Feature", "properties": { "class_id": 5, "class_name": "Open land", "raster_row": 169, "raster_col": 1627, "block_id": 47 }, "geometry": { "type": "Point", "coordinates": [ 72.666778174452531, 23.202381707322505 ] } },
{ "type": "Feature", "properties": { "class_id": 5, "class_name": "Open land", "raster_row": 2319, "raster_col": 1132, "block_id": 24 }, "geometry": { "type": "Point", "coordinates": [ 72.577058293010424, 22.812829730349037 ] } },
{ "type": "Feature", "properties": { "class_id": 5, "class_name": "Open land", "raster_row": 1355, "raster_col": 1593, "block_id": 43 }, "geometry": { "type": "Point", "coordinates": [ 72.66384485590288, 22.988191486317827 ] } },
{ "type": "Feature", "properties": { "class_id": 5, "class_name": "Open land", "raster_row": 955, "raster_col": 867, "block_id": 20 }, "geometry": { "type": "Point", "coordinates": [ 72.520979470867616, 23.058239725115481 ] } },
{ "type": "Feature", "properties": { "class_id": 5, "class_name": "Open land", "raster_row": 1243, "raster_col": 609, "block_id": 19 }, "geometry": { "type": "Point", "coordinates": [ 72.471626246886757, 23.005460536263687 ] } },
{ "type": "Feature", "properties": { "class_id": 5, "class_name": "Open land", "raster_row": 301, "raster_col": 1584, "block_id": 46 }, "geometry": { "type": "Point", "coordinates": [ 72.658795885165006, 23.178429159693149 ] } },
{ "type": "Feature", "properties": { "class_id": 5, "class_name": "Open land", "raster_row": 2020, "raster_col": 2288, "block_id": 57 }, "geometry": { "type": "Point", "coordinates": [ 72.801301142874962, 22.870075596336669 ] } },
{ "type": "Feature", "properties": { "class_id": 5, "class_name": "Open land", "raster_row": 639, "raster_col": 1575, "block_id": 45 }, "geometry": { "type": "Point", "coordinates": [ 72.658099615345037, 23.117389317490534 ] } },
{ "type": "Feature", "properties": { "class_id": 5, "class_name": "Open land", "raster_row": 1202, "raster_col": 498, "block_id": 11 }, "geometry": { "type": "Point", "coordinates": [ 72.449845172895792, 23.012513358030795 ] } },
{ "type": "Feature", "properties": { "class_id": 5, "class_name": "Open land", "raster_row": 1249, "raster_col": 597, "block_id": 19 }, "geometry": { "type": "Point", "coordinates": [ 72.469306767307671, 23.004340190047309 ] } },
{ "type": "Feature", "properties": { "class_id": 5, "class_name": "Open land", "raster_row": 416, "raster_col": 1229, "block_id": 38 }, "geometry": { "type": "Point", "coordinates": [ 72.589855569421502, 23.156624689337068 ] } },
{ "type": "Feature", "properties": { "class_id": 5, "class_name": "Open land", "raster_row": 1499, "raster_col": 995, "block_id": 26 }, "geometry": { "type": "Point", "coordinates": [ 72.547723465931796, 22.960436247484559 ] } },
{ "type": "Feature", "properties": { "class_id": 5, "class_name": "Open land", "raster_row": 1604, "raster_col": 504, "block_id": 10 }, "geometry": { "type": "Point", "coordinates": [ 72.452376427936926, 22.939975247442984 ] } },
{ "type": "Feature", "properties": { "class_id": 5, "class_name": "Open land", "raster_row": 1361, "raster_col": 1123, "block_id": 27 }, "geometry": { "type": "Point", "coordinates": [ 72.572228453812968, 22.985730199079562 ] } },
{ "type": "Feature", "properties": { "class_id": 5, "class_name": "Open land", "raster_row": 1378, "raster_col": 1104, "block_id": 27 }, "geometry": { "type": "Point", "coordinates": [ 72.568579160932487, 22.982604773247072 ] } },
{ "type": "Feature", "properties": { "class_id": 5, "class_name": "Open land", "raster_row": 486, "raster_col": 1639, "block_id": 46 }, "geometry": { "type": "Point", "coordinates": [ 72.670112810580406, 23.145193260026527 ] } },
{ "type": "Feature", "properties": { "class_id": 5, "class_name": "Open land", "raster_row": 1991, "raster_col": 2322, "block_id": 57 }, "geometry": { "type": "Point", "coordinates": [ 72.807841206013052, 22.875402681127689 ] } },
{ "type": "Feature", "properties": { "class_id": 5, "class_name": "Open land", "raster_row": 229, "raster_col": 1382, "block_id": 39 }, "geometry": { "type": "Point", "coordinates": [ 72.619125718030276, 23.190834028539893 ] } },
{ "type": "Feature", "properties": { "class_id": 5, "class_name": "Open land", "raster_row": 470, "raster_col": 456, "block_id": 14 }, "geometry": { "type": "Point", "coordinates": [ 72.439153762856336, 23.144496934420296 ] } },
{ "type": "Feature", "properties": { "class_id": 5, "class_name": "Open land", "raster_row": 184, "raster_col": 1377, "block_id": 39 }, "geometry": { "type": "Point", "coordinates": [ 72.618005439728478, 23.19894209171704 ] } },
{ "type": "Feature", "properties": { "class_id": 5, "class_name": "Open land", "raster_row": 210, "raster_col": 1601, "block_id": 47 }, "geometry": { "type": "Point", "coordinates": [ 72.661829509265331, 23.194905240417555 ] } },
{ "type": "Feature", "properties": { "class_id": 5, "class_name": "Open land", "raster_row": 233, "raster_col": 1591, "block_id": 47 }, "geometry": { "type": "Point", "coordinates": [ 72.659949038796313, 23.190724395742215 ] } },
{ "type": "Feature", "properties": { "class_id": 5, "class_name": "Open land", "raster_row": 1372, "raster_col": 1095, "block_id": 27 }, "geometry": { "type": "Point", "coordinates": [ 72.56680515376928, 22.983660863301754 ] } },
{ "type": "Feature", "properties": { "class_id": 5, "class_name": "Open land", "raster_row": 1386, "raster_col": 1089, "block_id": 27 }, "geometry": { "type": "Point", "coordinates": [ 72.565680718542879, 22.98111581185707 ] } },
{ "type": "Feature", "properties": { "class_id": 5, "class_name": "Open land", "raster_row": 256, "raster_col": 1585, "block_id": 47 }, "geometry": { "type": "Point", "coordinates": [ 72.65884972615433, 23.18655516091361 ] } },
{ "type": "Feature", "properties": { "class_id": 5, "class_name": "Open land", "raster_row": 1367, "raster_col": 1123, "block_id": 27 }, "geometry": { "type": "Point", "coordinates": [ 72.572247820579292, 22.984647161087125 ] } },
{ "type": "Feature", "properties": { "class_id": 5, "class_name": "Open land", "raster_row": 2025, "raster_col": 2266, "block_id": 57 }, "geometry": { "type": "Point", "coordinates": [ 72.797029524116368, 22.869113584506056 ] } },
{ "type": "Feature", "properties": { "class_id": 5, "class_name": "Open land", "raster_row": 1056, "raster_col": 946, "block_id": 28 }, "geometry": { "type": "Point", "coordinates": [ 72.536720934044354, 23.040250265904952 ] } },
{ "type": "Feature", "properties": { "class_id": 5, "class_name": "Open land", "raster_row": 1098, "raster_col": 1127, "block_id": 28 }, "geometry": { "type": "Point", "coordinates": [ 72.572158506956526, 23.033215183620928 ] } },
{ "type": "Feature", "properties": { "class_id": 5, "class_name": "Open land", "raster_row": 193, "raster_col": 1604, "block_id": 47 }, "geometry": { "type": "Point", "coordinates": [ 72.662361957125597, 23.197982675917896 ] } },
{ "type": "Feature", "properties": { "class_id": 5, "class_name": "Open land", "raster_row": 201, "raster_col": 1604, "block_id": 47 }, "geometry": { "type": "Point", "coordinates": [ 72.662387077481981, 23.196538569004861 ] } },
{ "type": "Feature", "properties": { "class_id": 5, "class_name": "Open land", "raster_row": 236, "raster_col": 1588, "block_id": 47 }, "geometry": { "type": "Point", "coordinates": [ 72.659372661020782, 23.190174140686782 ] } },
{ "type": "Feature", "properties": { "class_id": 5, "class_name": "Open land", "raster_row": 1106, "raster_col": 1128, "block_id": 28 }, "geometry": { "type": "Point", "coordinates": [ 72.572379416086321, 23.031774135805318 ] } },
{ "type": "Feature", "properties": { "class_id": 5, "class_name": "Open land", "raster_row": 2018, "raster_col": 221, "block_id": 1 }, "geometry": { "type": "Point", "coordinates": [ 72.39865393279716, 22.864359480793794 ] } },
{ "type": "Feature", "properties": { "class_id": 5, "class_name": "Open land", "raster_row": 1456, "raster_col": 1014, "block_id": 26 }, "geometry": { "type": "Point", "coordinates": [ 72.551287119632079, 22.96825517216876 ] } },
{ "type": "Feature", "properties": { "class_id": 5, "class_name": "Open land", "raster_row": 313, "raster_col": 1587, "block_id": 46 }, "geometry": { "type": "Point", "coordinates": [ 72.659419330634776, 23.176271711890369 ] } },
{ "type": "Feature", "properties": { "class_id": 5, "class_name": "Open land", "raster_row": 1372, "raster_col": 1107, "block_id": 27 }, "geometry": { "type": "Point", "coordinates": [ 72.569144638449444, 22.983696786004522 ] } },
{ "type": "Feature", "properties": { "class_id": 5, "class_name": "Open land", "raster_row": 267, "raster_col": 1583, "block_id": 47 }, "geometry": { "type": "Point", "coordinates": [ 72.658493779140386, 23.184563704562745 ] } },
{ "type": "Feature", "properties": { "class_id": 5, "class_name": "Open land", "raster_row": 309, "raster_col": 1579, "block_id": 46 }, "geometry": { "type": "Point", "coordinates": [ 72.657844775904664, 23.176970526688926 ] } },
{ "type": "Feature", "properties": { "class_id": 5, "class_name": "Open land", "raster_row": 1230, "raster_col": 529, "block_id": 11 }, "geometry": { "type": "Point", "coordinates": [ 72.455984416453944, 23.007556949033034 ] } },
{ "type": "Feature", "properties": { "class_id": 5, "class_name": "Open land", "raster_row": 251, "raster_col": 1590, "block_id": 47 }, "geometry": { "type": "Point", "coordinates": [ 72.659810330993594, 23.187472252877164 ] } },
{ "type": "Feature", "properties": { "class_id": 5, "class_name": "Open land", "raster_row": 270, "raster_col": 1580, "block_id": 47 }, "geometry": { "type": "Point", "coordinates": [ 72.657917431862927, 23.184013446414699 ] } },
{ "type": "Feature", "properties": { "class_id": 5, "class_name": "Open land", "raster_row": 706, "raster_col": 1672, "block_id": 45 }, "geometry": { "type": "Point", "coordinates": [ 72.677238720352079, 23.105574682915655 ] } },
{ "type": "Feature", "properties": { "class_id": 5, "class_name": "Open land", "raster_row": 281, "raster_col": 1583, "block_id": 47 }, "geometry": { "type": "Point", "coordinates": [ 72.658537782685855, 23.182036519975359 ] } },
{ "type": "Feature", "properties": { "class_id": 5, "class_name": "Open land", "raster_row": 1499, "raster_col": 985, "block_id": 26 }, "geometry": { "type": "Point", "coordinates": [ 72.545774259853374, 22.96040607959992 ] } },
{ "type": "Feature", "properties": { "class_id": 5, "class_name": "Open land", "raster_row": 269, "raster_col": 1580, "block_id": 47 }, "geometry": { "type": "Point", "coordinates": [ 72.657914287825932, 23.184193959503439 ] } },
{ "type": "Feature", "properties": { "class_id": 5, "class_name": "Open land", "raster_row": 1247, "raster_col": 1115, "block_id": 27 }, "geometry": { "type": "Point", "coordinates": [ 72.570300342677029, 23.006283949784731 ] } },
{ "type": "Feature", "properties": { "class_id": 5, "class_name": "Open land", "raster_row": 739, "raster_col": 986, "block_id": 29 }, "geometry": { "type": "Point", "coordinates": [ 72.543482998511607, 23.097590329384218 ] } },
{ "type": "Feature", "properties": { "class_id": 5, "class_name": "Open land", "raster_row": 192, "raster_col": 1608, "block_id": 47 }, "geometry": { "type": "Point", "coordinates": [ 72.663139937833009, 23.198174798302816 ] } },
{ "type": "Feature", "properties": { "class_id": 5, "class_name": "Open land", "raster_row": 1249, "raster_col": 1589, "block_id": 43 }, "geometry": { "type": "Point", "coordinates": [ 72.662735370488832, 23.007314886500762 ] } },
{ "type": "Feature", "properties": { "class_id": 5, "class_name": "Open land", "raster_row": 290, "raster_col": 1578, "block_id": 47 }, "geometry": { "type": "Point", "coordinates": [ 72.657589798506294, 23.180397371040005 ] } },
{ "type": "Feature", "properties": { "class_id": 5, "class_name": "Open land", "raster_row": 955, "raster_col": 868, "block_id": 20 }, "geometry": { "type": "Point", "coordinates": [ 72.521174528266727, 23.058242785695633 ] } },
{ "type": "Feature", "properties": { "class_id": 5, "class_name": "Open land", "raster_row": 781, "raster_col": 1724, "block_id": 45 }, "geometry": { "type": "Point", "coordinates": [ 72.687618334766185, 23.092184862404046 ] } },
{ "type": "Feature", "properties": { "class_id": 5, "class_name": "Open land", "raster_row": 1391, "raster_col": 684, "block_id": 19 }, "geometry": { "type": "Point", "coordinates": [ 72.486744142772366, 22.978980296873026 ] } },
{ "type": "Feature", "properties": { "class_id": 5, "class_name": "Open land", "raster_row": 824, "raster_col": 1683, "block_id": 45 }, "geometry": { "type": "Point", "coordinates": [ 72.679751341858278, 23.0843051617817 ] } },
{ "type": "Feature", "properties": { "class_id": 5, "class_name": "Open land", "raster_row": 2025, "raster_col": 2267, "block_id": 57 }, "geometry": { "type": "Point", "coordinates": [ 72.797224348982297, 22.869116283397503 ] } },
{ "type": "Feature", "properties": { "class_id": 5, "class_name": "Open land", "raster_row": 582, "raster_col": 1126, "block_id": 30 }, "geometry": { "type": "Point", "coordinates": [ 72.570289522440206, 23.126352267301844 ] } },
{ "type": "Feature", "properties": { "class_id": 5, "class_name": "Open land", "raster_row": 242, "raster_col": 1590, "block_id": 47 }, "geometry": { "type": "Point", "coordinates": [ 72.659782051669694, 23.189096872004392 ] } },
{ "type": "Feature", "properties": { "class_id": 5, "class_name": "Open land", "raster_row": 1371, "raster_col": 1092, "block_id": 27 }, "geometry": { "type": "Point", "coordinates": [ 72.566217047767367, 22.983832382794237 ] } },
{ "type": "Feature", "properties": { "class_id": 5, "class_name": "Open land", "raster_row": 294, "raster_col": 1578, "block_id": 47 }, "geometry": { "type": "Point", "coordinates": [ 72.657602373905405, 23.179675318478107 ] } },
{ "type": "Feature", "properties": { "class_id": 5, "class_name": "Open land", "raster_row": 1496, "raster_col": 993, "block_id": 26 }, "geometry": { "type": "Point", "coordinates": [ 72.547323853393976, 22.960971726406093 ] } },
{ "type": "Feature", "properties": { "class_id": 5, "class_name": "Open land", "raster_row": 1194, "raster_col": 943, "block_id": 27 }, "geometry": { "type": "Point", "coordinates": [ 72.536588781121182, 23.015332077080004 ] } },
{ "type": "Feature", "properties": { "class_id": 5, "class_name": "Open land", "raster_row": 241, "raster_col": 1585, "block_id": 47 }, "geometry": { "type": "Point", "coordinates": [ 72.658802575274862, 23.189262857705156 ] } },
{ "type": "Feature", "properties": { "class_id": 5, "class_name": "Open land", "raster_row": 2024, "raster_col": 2269, "block_id": 57 }, "geometry": { "type": "Point", "coordinates": [ 72.797611086958455, 22.869302218277443 ] } },
{ "type": "Feature", "properties": { "class_id": 5, "class_name": "Open land", "raster_row": 212, "raster_col": 1596, "block_id": 47 }, "geometry": { "type": "Point", "coordinates": [ 72.660859416278413, 23.194529695854246 ] } },
{ "type": "Feature", "properties": { "class_id": 5, "class_name": "Open land", "raster_row": 654, "raster_col": 1604, "block_id": 45 }, "geometry": { "type": "Point", "coordinates": [ 72.663806229868769, 23.11476554132183 ] } },
{ "type": "Feature", "properties": { "class_id": 5, "class_name": "Open land", "raster_row": 275, "raster_col": 1574, "block_id": 47 }, "geometry": { "type": "Point", "coordinates": [ 72.656761606013902, 23.183093437792607 ] } },
{ "type": "Feature", "properties": { "class_id": 5, "class_name": "Open land", "raster_row": 622, "raster_col": 1176, "block_id": 37 }, "geometry": { "type": "Point", "coordinates": [ 72.580177264591001, 23.119282206289608 ] } },
{ "type": "Feature", "properties": { "class_id": 5, "class_name": "Open land", "raster_row": 1192, "raster_col": 1596, "block_id": 43 }, "geometry": { "type": "Point", "coordinates": [ 72.663923135069894, 23.017624553410652 ] } },
{ "type": "Feature", "properties": { "class_id": 5, "class_name": "Open land", "raster_row": 359, "raster_col": 207, "block_id": 6 }, "geometry": { "type": "Point", "coordinates": [ 72.390169334866485, 23.163732393372495 ] } },
{ "type": "Feature", "properties": { "class_id": 5, "class_name": "Open land", "raster_row": 261, "raster_col": 1381, "block_id": 39 }, "geometry": { "type": "Point", "coordinates": [ 72.619032754296597, 23.185054819529764 ] } },
{ "type": "Feature", "properties": { "class_id": 5, "class_name": "Open land", "raster_row": 595, "raster_col": 1680, "block_id": 45 }, "geometry": { "type": "Point", "coordinates": [ 72.67845514350725, 23.125635085758038 ] } },
{ "type": "Feature", "properties": { "class_id": 5, "class_name": "Open land", "raster_row": 1466, "raster_col": 1001, "block_id": 26 }, "geometry": { "type": "Point", "coordinates": [ 72.548785561415059, 22.966410957878541 ] } },
{ "type": "Feature", "properties": { "class_id": 5, "class_name": "Open land", "raster_row": 250, "raster_col": 1588, "block_id": 47 }, "geometry": { "type": "Point", "coordinates": [ 72.659416659950779, 23.187646956305812 ] } },
{ "type": "Feature", "properties": { "class_id": 5, "class_name": "Open land", "raster_row": 473, "raster_col": 1655, "block_id": 46 }, "geometry": { "type": "Point", "coordinates": [ 72.673195553439086, 23.147586126535476 ] } },
{ "type": "Feature", "properties": { "class_id": 5, "class_name": "Open land", "raster_row": 1500, "raster_col": 986, "block_id": 26 }, "geometry": { "type": "Point", "coordinates": [ 72.545972439074731, 22.960228594111832 ] } },
{ "type": "Feature", "properties": { "class_id": 5, "class_name": "Open land", "raster_row": 138, "raster_col": 914, "block_id": 31 }, "geometry": { "type": "Point", "coordinates": [ 72.527443782983624, 23.205849442292028 ] } },
{ "type": "Feature", "properties": { "class_id": 5, "class_name": "Open land", "raster_row": 1227, "raster_col": 534, "block_id": 11 }, "geometry": { "type": "Point", "coordinates": [ 72.456949136342914, 23.008114087898193 ] } },
{ "type": "Feature", "properties": { "class_id": 5, "class_name": "Open land", "raster_row": 617, "raster_col": 1018, "block_id": 29 }, "geometry": { "type": "Point", "coordinates": [ 72.549326918278268, 23.119708471517576 ] } },
{ "type": "Feature", "properties": { "class_id": 5, "class_name": "Open land", "raster_row": 553, "raster_col": 1122, "block_id": 30 }, "geometry": { "type": "Point", "coordinates": [ 72.569414503630327, 23.131574810305469 ] } },
{ "type": "Feature", "properties": { "class_id": 5, "class_name": "Open land", "raster_row": 591, "raster_col": 1520, "block_id": 45 }, "geometry": { "type": "Point", "coordinates": [ 72.647214583522185, 23.125894166613094 ] } },
{ "type": "Feature", "properties": { "class_id": 5, "class_name": "Open land", "raster_row": 1385, "raster_col": 1100, "block_id": 27 }, "geometry": { "type": "Point", "coordinates": [ 72.567821970978429, 22.981329259923267 ] } },
{ "type": "Feature", "properties": { "class_id": 5, "class_name": "Open land", "raster_row": 719, "raster_col": 1332, "block_id": 37 }, "geometry": { "type": "Point", "coordinates": [ 72.610931718861693, 23.102237176271714 ] } },
{ "type": "Feature", "properties": { "class_id": 5, "class_name": "Open land", "raster_row": 1315, "raster_col": 1497, "block_id": 43 }, "geometry": { "type": "Point", "coordinates": [ 72.645001911774855, 22.995134904508536 ] } },
{ "type": "Feature", "properties": { "class_id": 5, "class_name": "Open land", "raster_row": 1032, "raster_col": 662, "block_id": 20 }, "geometry": { "type": "Point", "coordinates": [ 72.4812520924376, 23.043709319123948 ] } },
{ "type": "Feature", "properties": { "class_id": 5, "class_name": "Open land", "raster_row": 1391, "raster_col": 1089, "block_id": 27 }, "geometry": { "type": "Point", "coordinates": [ 72.565696897475632, 22.980213284083387 ] } },
{ "type": "Feature", "properties": { "class_id": 5, "class_name": "Open land", "raster_row": 854, "raster_col": 1685, "block_id": 45 }, "geometry": { "type": "Point", "coordinates": [ 72.680234540960527, 23.078895347906116 ] } },
{ "type": "Feature", "properties": { "class_id": 5, "class_name": "Open land", "raster_row": 247, "raster_col": 1584, "block_id": 47 }, "geometry": { "type": "Point", "coordinates": [ 72.658626171324926, 23.188176873034092 ] } },
{ "type": "Feature", "properties": { "class_id": 5, "class_name": "Open land", "raster_row": 1083, "raster_col": 1126, "block_id": 28 }, "geometry": { "type": "Point", "coordinates": [ 72.571914939226488, 23.035919766535923 ] } },
{ "type": "Feature", "properties": { "class_id": 5, "class_name": "Open land", "raster_row": 585, "raster_col": 1096, "block_id": 30 }, "geometry": { "type": "Point", "coordinates": [ 72.564444429508285, 23.125720406396525 ] } },
{ "type": "Feature", "properties": { "class_id": 5, "class_name": "Open land", "raster_row": 2029, "raster_col": 2268, "block_id": 57 }, "geometry": { "type": "Point", "coordinates": [ 72.797430821987817, 22.868396830853353 ] } },
{ "type": "Feature", "properties": { "class_id": 5, "class_name": "Open land", "raster_row": 2219, "raster_col": 1011, "block_id": 24 }, "geometry": { "type": "Point", "coordinates": [ 72.553175380664882, 22.830520404101343 ] } },
{ "type": "Feature", "properties": { "class_id": 5, "class_name": "Open land", "raster_row": 354, "raster_col": 210, "block_id": 6 }, "geometry": { "type": "Point", "coordinates": [ 72.390737409371681, 23.164644485139394 ] } },
{ "type": "Feature", "properties": { "class_id": 5, "class_name": "Open land", "raster_row": 2012, "raster_col": 2304, "block_id": 57 }, "geometry": { "type": "Point", "coordinates": [ 72.804395150414578, 22.871562976828642 ] } },
{ "type": "Feature", "properties": { "class_id": 5, "class_name": "Open land", "raster_row": 2280, "raster_col": 1300, "block_id": 32 }, "geometry": { "type": "Point", "coordinates": [ 72.609647830340379, 22.820363995809377 ] } },
{ "type": "Feature", "properties": { "class_id": 5, "class_name": "Open land", "raster_row": 2021, "raster_col": 2276, "block_id": 57 }, "geometry": { "type": "Point", "coordinates": [ 72.79896613374612, 22.869862714581227 ] } },
{ "type": "Feature", "properties": { "class_id": 5, "class_name": "Open land", "raster_row": 1396, "raster_col": 1903, "block_id": 51 }, "geometry": { "type": "Point", "coordinates": [ 72.724413327855842, 22.981670010509237 ] } },
{ "type": "Feature", "properties": { "class_id": 5, "class_name": "Open land", "raster_row": 197, "raster_col": 1604, "block_id": 47 }, "geometry": { "type": "Point", "coordinates": [ 72.662374517555918, 23.197260622497712 ] } },
{ "type": "Feature", "properties": { "class_id": 5, "class_name": "Open land", "raster_row": 224, "raster_col": 1310, "block_id": 39 }, "geometry": { "type": "Point", "coordinates": [ 72.605050755125703, 23.191523134236238 ] } },
{ "type": "Feature", "properties": { "class_id": 5, "class_name": "Open land", "raster_row": 1317, "raster_col": 534, "block_id": 11 }, "geometry": { "type": "Point", "coordinates": [ 72.457253624692896, 22.991869972092722 ] } },
{ "type": "Feature", "properties": { "class_id": 5, "class_name": "Open land", "raster_row": 314, "raster_col": 1582, "block_id": 46 }, "geometry": { "type": "Point", "coordinates": [ 72.658446233288871, 23.17607667648382 ] } },
{ "type": "Feature", "properties": { "class_id": 5, "class_name": "Open land", "raster_row": 1499, "raster_col": 986, "block_id": 26 }, "geometry": { "type": "Point", "coordinates": [ 72.545969180313278, 22.960409097464684 ] } },
{ "type": "Feature", "properties": { "class_id": 5, "class_name": "Open land", "raster_row": 224, "raster_col": 1311, "block_id": 39 }, "geometry": { "type": "Point", "coordinates": [ 72.6052460175503, 23.191526107179321 ] } },
{ "type": "Feature", "properties": { "class_id": 5, "class_name": "Open land", "raster_row": 2014, "raster_col": 192, "block_id": 1 }, "geometry": { "type": "Point", "coordinates": [ 72.392992096239865, 22.864988918648315 ] } },
{ "type": "Feature", "properties": { "class_id": 5, "class_name": "Open land", "raster_row": 275, "raster_col": 1580, "block_id": 47 }, "geometry": { "type": "Point", "coordinates": [ 72.65793315157444, 23.183110880902859 ] } },
{ "type": "Feature", "properties": { "class_id": 5, "class_name": "Open land", "raster_row": 710, "raster_col": 887, "block_id": 29 }, "geometry": { "type": "Point", "coordinates": [ 72.524070539722402, 23.102522824918648 ] } },
{ "type": "Feature", "properties": { "class_id": 5, "class_name": "Open land", "raster_row": 614, "raster_col": 1062, "block_id": 29 }, "geometry": { "type": "Point", "coordinates": [ 72.557903758404294, 23.120383208391303 ] } },
{ "type": "Feature", "properties": { "class_id": 5, "class_name": "Open land", "raster_row": 637, "raster_col": 1256, "block_id": 37 }, "geometry": { "type": "Point", "coordinates": [ 72.595837957921276, 23.116813446864974 ] } },
{ "type": "Feature", "properties": { "class_id": 5, "class_name": "Open land", "raster_row": 264, "raster_col": 1382, "block_id": 39 }, "geometry": { "type": "Point", "coordinates": [ 72.61923759745315, 23.184516250279728 ] } },
{ "type": "Feature", "properties": { "class_id": 5, "class_name": "Open land", "raster_row": 613, "raster_col": 1525, "block_id": 45 }, "geometry": { "type": "Point", "coordinates": [ 72.648259703875723, 23.121937437844117 ] } },
{ "type": "Feature", "properties": { "class_id": 5, "class_name": "Open land", "raster_row": 369, "raster_col": 208, "block_id": 6 }, "geometry": { "type": "Point", "coordinates": [ 72.390399518379709, 23.161930859650585 ] } },
{ "type": "Feature", "properties": { "class_id": 5, "class_name": "Open land", "raster_row": 662, "raster_col": 1062, "block_id": 29 }, "geometry": { "type": "Point", "coordinates": [ 72.558060592004296, 23.11171913974805 ] } },
{ "type": "Feature", "properties": { "class_id": 5, "class_name": "Open land", "raster_row": 1445, "raster_col": 1013, "block_id": 27 }, "geometry": { "type": "Point", "coordinates": [ 72.551056399770843, 22.970237702127339 ] } },
{ "type": "Feature", "properties": { "class_id": 5, "class_name": "Open land", "raster_row": 1056, "raster_col": 950, "block_id": 28 }, "geometry": { "type": "Point", "coordinates": [ 72.537501069496443, 23.040262420146664 ] } },
{ "type": "Feature", "properties": { "class_id": 5, "class_name": "Open land", "raster_row": 537, "raster_col": 1091, "block_id": 30 }, "geometry": { "type": "Point", "coordinates": [ 72.563312031789351, 23.134369414887576 ] } },
{ "type": "Feature", "properties": { "class_id": 5, "class_name": "Open land", "raster_row": 1111, "raster_col": 1128, "block_id": 28 }, "geometry": { "type": "Point", "coordinates": [ 72.57239559019294, 23.030871609295446 ] } },
{ "type": "Feature", "properties": { "class_id": 5, "class_name": "Open land", "raster_row": 1412, "raster_col": 1078, "block_id": 27 }, "geometry": { "type": "Point", "coordinates": [ 72.563620432483944, 22.976389702473394 ] } },
{ "type": "Feature", "properties": { "class_id": 5, "class_name": "Open land", "raster_row": 704, "raster_col": 1670, "block_id": 45 }, "geometry": { "type": "Point", "coordinates": [ 72.676842210465978, 23.105929970214071 ] } },
{ "type": "Feature", "properties": { "class_id": 5, "class_name": "Open land", "raster_row": 1393, "raster_col": 2268, "block_id": 59 }, "geometry": { "type": "Point", "coordinates": [ 72.795572846100015, 22.983217976412163 ] } },
{ "type": "Feature", "properties": { "class_id": 5, "class_name": "Open land", "raster_row": 1392, "raster_col": 1086, "block_id": 27 }, "geometry": { "type": "Point", "coordinates": [ 72.565115278827378, 22.980023789711534 ] } },
{ "type": "Feature", "properties": { "class_id": 5, "class_name": "Open land", "raster_row": 69, "raster_col": 1377, "block_id": 39 }, "geometry": { "type": "Point", "coordinates": [ 72.617637242336613, 23.219700428374548 ] } },
{ "type": "Feature", "properties": { "class_id": 5, "class_name": "Open land", "raster_row": 707, "raster_col": 941, "block_id": 29 }, "geometry": { "type": "Point", "coordinates": [ 72.534597271972359, 23.103229340083452 ] } },
{ "type": "Feature", "properties": { "class_id": 5, "class_name": "Open land", "raster_row": 724, "raster_col": 593, "block_id": 21 }, "geometry": { "type": "Point", "coordinates": [ 72.466753616584938, 23.099085217875484 ] } },
{ "type": "Feature", "properties": { "class_id": 5, "class_name": "Open land", "raster_row": 486, "raster_col": 1632, "block_id": 46 }, "geometry": { "type": "Point", "coordinates": [ 72.668746380399668, 23.145173045824482 ] } },
{ "type": "Feature", "properties": { "class_id": 5, "class_name": "Open land", "raster_row": 1380, "raster_col": 1106, "block_id": 27 }, "geometry": { "type": "Point", "coordinates": [ 72.568975535606853, 22.982249746222525 ] } },
{ "type": "Feature", "properties": { "class_id": 5, "class_name": "Open land", "raster_row": 382, "raster_col": 1502, "block_id": 46 }, "geometry": { "type": "Point", "coordinates": [ 72.643041542264228, 23.163568723350689 ] } },
{ "type": "Feature", "properties": { "class_id": 5, "class_name": "Open land", "raster_row": 620, "raster_col": 1084, "block_id": 29 }, "geometry": { "type": "Point", "coordinates": [ 72.562216695638284, 23.119366640108879 ] } },
{ "type": "Feature", "properties": { "class_id": 5, "class_name": "Open land", "raster_row": 242, "raster_col": 1592, "block_id": 47 }, "geometry": { "type": "Point", "coordinates": [ 72.660172585003309, 23.189102681265808 ] } },
{ "type": "Feature", "properties": { "class_id": 5, "class_name": "Open land", "raster_row": 1040, "raster_col": 987, "block_id": 28 }, "geometry": { "type": "Point", "coordinates": [ 72.544664973593953, 23.043262685960318 ] } },
{ "type": "Feature", "properties": { "class_id": 5, "class_name": "Open land", "raster_row": 610, "raster_col": 1524, "block_id": 45 }, "geometry": { "type": "Point", "coordinates": [ 72.64805509263941, 23.122476066198953 ] } },
{ "type": "Feature", "properties": { "class_id": 5, "class_name": "Open land", "raster_row": 1277, "raster_col": 957, "block_id": 27 }, "geometry": { "type": "Point", "coordinates": [ 72.539590576831259, 23.000392944024021 ] } },
{ "type": "Feature", "properties": { "class_id": 5, "class_name": "Open land", "raster_row": 199, "raster_col": 1597, "block_id": 47 }, "geometry": { "type": "Point", "coordinates": [ 72.661013850056207, 23.196879271854407 ] } },
{ "type": "Feature", "properties": { "class_id": 5, "class_name": "Open land", "raster_row": 1450, "raster_col": 1943, "block_id": 51 }, "geometry": { "type": "Point", "coordinates": [ 72.732375149137638, 22.972033379827867 ] } },
{ "type": "Feature", "properties": { "class_id": 5, "class_name": "Open land", "raster_row": 2090, "raster_col": 1805, "block_id": 48 }, "geometry": { "type": "Point", "coordinates": [ 72.707415396535879, 22.856109784525746 ] } },
{ "type": "Feature", "properties": { "class_id": 5, "class_name": "Open land", "raster_row": 1380, "raster_col": 1114, "block_id": 27 }, "geometry": { "type": "Point", "coordinates": [ 72.570535177859966, 22.982273675777734 ] } },
{ "type": "Feature", "properties": { "class_id": 5, "class_name": "Open land", "raster_row": 772, "raster_col": 1448, "block_id": 37 }, "geometry": { "type": "Point", "coordinates": [ 72.633735131526578, 23.093011205922494 ] } },
{ "type": "Feature", "properties": { "class_id": 5, "class_name": "Open land", "raster_row": 214, "raster_col": 1302, "block_id": 39 }, "geometry": { "type": "Point", "coordinates": [ 72.60345647322022, 23.193304399659421 ] } },
{ "type": "Feature", "properties": { "class_id": 5, "class_name": "Open land", "raster_row": 1979, "raster_col": 147, "block_id": 1 }, "geometry": { "type": "Point", "coordinates": [ 72.384106859308915, 22.871161882036564 ] } },
{ "type": "Feature", "properties": { "class_id": 5, "class_name": "Open land", "raster_row": 201, "raster_col": 1599, "block_id": 47 }, "geometry": { "type": "Point", "coordinates": [ 72.661410688851703, 23.19652405339091 ] } },
{ "type": "Feature", "properties": { "class_id": 5, "class_name": "Open land", "raster_row": 252, "raster_col": 1589, "block_id": 47 }, "geometry": { "type": "Point", "coordinates": [ 72.659618208979424, 23.187288834876497 ] } },
{ "type": "Feature", "properties": { "class_id": 5, "class_name": "Open land", "raster_row": 27, "raster_col": 526, "block_id": 15 }, "geometry": { "type": "Point", "coordinates": [ 72.451300526076409, 23.224673405564275 ] } },
{ "type": "Feature", "properties": { "class_id": 5, "class_name": "Open land", "raster_row": 871, "raster_col": 1086, "block_id": 29 }, "geometry": { "type": "Point", "coordinates": [ 72.563424654690209, 23.074066534158181 ] } },
{ "type": "Feature", "properties": { "class_id": 5, "class_name": "Open land", "raster_row": 237, "raster_col": 1592, "block_id": 47 }, "geometry": { "type": "Point", "coordinates": [ 72.660156875779904, 23.190005247540608 ] } },
{ "type": "Feature", "properties": { "class_id": 5, "class_name": "Open land", "raster_row": 1464, "raster_col": 1007, "block_id": 26 }, "geometry": { "type": "Point", "coordinates": [ 72.549948630012565, 22.966790051232717 ] } },
{ "type": "Feature", "properties": { "class_id": 5, "class_name": "Open land", "raster_row": 7, "raster_col": 1375, "block_id": 39 }, "geometry": { "type": "Point", "coordinates": [ 72.617047916873148, 23.230885929092924 ] } },
{ "type": "Feature", "properties": { "class_id": 5, "class_name": "Open land", "raster_row": 1374, "raster_col": 1119, "block_id": 27 }, "geometry": { "type": "Point", "coordinates": [ 72.571490584894192, 22.983371661687706 ] } }
]
}
